latitude,longitude,Place_Name,Vaccine_Type,Phone,Website,Prescreening_Website,Address,City,Zip,County
39.908383,-82.775668,Giant Eagle Pharmacy #6514 #G00200,Pfizer-BioNTech - Ages 12 years and older,614-866-3756,http://www.gianteagle.com/COVIDvaccine,http://www.gianteagle.com/COVIDvaccine,873 Refugee Road,Pickerington,43147,Fairfield County
41.024134,-81.640325,Acme Pharmacy,Pfizer-BioNTech - Ages 12 years and older,(330)825-2573,http://www.acmestores.com,http://gettheshot.coronavirus.ohio.gov,3200 Greenwich Rd.,Norton,44203,Summit County
41.685034,-81.341051,Giant Eagle Pharmacy #1282 #G00091,Moderna - Ages 12 years and older,440-701-1004,http://www.gianteagle.com/COVIDvaccine,http://www.gianteagle.com/COVIDvaccine,8383 Tyler Blvd.,Mentor,44060,Lake County
41.02621,-80.678882,Giant Eagle Pharmacy #4018 #G00135,Moderna - Ages 12 years and older,330-726-9518,http://www.gianteagle.com/COVIDvaccine,http://www.gianteagle.com/COVIDvaccine,478 Boardman-Canfield Rd.,Youngstown,44512,Mahoning County
41.441105,-81.860524,Giant Eagle Pharmacy #5810 #G00170,Moderna - Ages 12 years and older,440-356-3677,http://www.gianteagle.com/COVIDvaccine,http://www.gianteagle.com/COVIDvaccine,21593 Lorain Road,Fairview Park,44126,Cuyahoga County
40.032076000000004,-82.908094,Giant Eagle Pharmacy #6517 #G00202,Pfizer-BioNTech - Ages 12 years and older,614-337-0397,http://www.gianteagle.com/COVIDvaccine,http://www.gianteagle.com/COVIDvaccine,2900 Stelzer Road,Columbus,43219,Franklin County
40.800868,-81.49723,Giant Eagle Pharmacy #4152 #G00163,Pfizer-BioNTech - Ages 12 years and older,330-833-4890,http://www.gianteagle.com/COVIDvaccine,http://www.gianteagle.com/COVIDvaccine,2032 Lincoln Way East,Massillon,44646,Stark County
41.583299,-81.218233,Giant Eagle Pharmacy #4098 #G00160,Pfizer-BioNTech - Ages 12 years and older,440-286-8680,http://www.gianteagle.com/COVIDvaccine,http://www.gianteagle.com/COVIDvaccine,351 Center St.,Chardon,44024,Geauga County
40.061235,-83.179805,Giant Eagle Pharmacy #6529 #G00209,Pfizer-BioNTech - Ages 12 years and older,614-529-6685,http://www.gianteagle.com/COVIDvaccine,http://www.gianteagle.com/COVIDvaccine,6700 Hayden Run Road,Hilliard,43026,Franklin County
39.876617,-83.061474,Giant Eagle Pharmacy #6526 #G00206,Pfizer-BioNTech - Ages 12 years and older,614-875-8591,http://www.gianteagle.com/COVIDvaccine,http://www.gianteagle.com/COVIDvaccine,2173 Stringtown Rd,Grove City,43123,Franklin County
41.117359,-81.483335,Giant Eagle Pharmacy #5878 #G00178,Moderna - Ages 12 years and older,330-929-6372,http://www.gianteagle.com/COVIDvaccine,http://www.gianteagle.com/COVIDvaccine,230 Howe Road,Cuyahoga Falls,44221,Summit County
39.980499,-82.820806,Giant Eagle Pharmacy #6513 #G00199,Pfizer-BioNTech - Ages 12 years and older,614-866-3079,http://www.gianteagle.com/COVIDvaccine,http://www.gianteagle.com/COVIDvaccine,6867 East Broad Street,Columbus,43213,Franklin County
40.836688,-81.261003,Giant Eagle Pharmacy #1611 #G00104,Pfizer-BioNTech - Ages 12 years and older,330-875-1135,http://www.gianteagle.com/COVIDvaccine,http://www.gianteagle.com/COVIDvaccine,108 West Main Street,Louisville,44641,Stark County
41.315019,-81.656066,Giant Eagle Pharmacy #4088 #G00154,Moderna - Ages 12 years and older,440-526-1584,http://www.gianteagle.com/COVIDvaccine,http://www.gianteagle.com/COVIDvaccine,4343 Royalton Rd,Broadview Heights,44147,Cuyahoga County
41.364638,-81.687905,Giant Eagle Pharmacy #6388 #G00190,Moderna - Ages 12 years and older,216-328-8263,http://www.gianteagle.com/COVIDvaccine,http://www.gianteagle.com/COVIDvaccine,7400 Broadview Road,Parma,44134,Cuyahoga County
40.019075,-83.013142,Giant Eagle Pharmacy #6512 #G00198,Pfizer-BioNTech - Ages 12 years and older,614-268-3223,http://www.gianteagle.com/COVIDvaccine,http://www.gianteagle.com/COVIDvaccine,2801 N. High Street,Columbus,43202,Franklin County
41.488126,-81.769363,"CVS Pharmacy, Inc. #03329",Moderna - Ages 12 years and older,(216) 228-9296,https://www.cvs.com/store-locator/details-directions/003329,https://www.cvs.com/immunizations/covid-19-vaccine,11706 CLIFTON BOULEVARD,LAKEWOOD,44107,Cuyahoga County
41.381967,-81.436535,Giant Eagle Pharmacy #0228 #G00072,Pfizer-BioNTech - Ages 12 years and older,440-519-1028,http://www.gianteagle.com/COVIDvaccine,http://www.gianteagle.com/COVIDvaccine,34310 Aurora Road,Solon,44139,Cuyahoga County
41.13537,-81.632149,Giant Eagle Pharmacy #5861 #G00176,Moderna - Ages 12 years and older,330-668-6605,http://www.gianteagle.com/COVIDvaccine,http://www.gianteagle.com/COVIDvaccine,3750 W. Market St.,Fairlawn,44333,Summit County
41.397494,-81.997658,Giant Eagle Pharmacy #0199 #G00062,Moderna - Ages 12 years and older,440-327-8085,http://www.gianteagle.com/COVIDvaccine,http://www.gianteagle.com/COVIDvaccine,34325 Center Ridge Rd,North Ridgeville,44039,Lorain County
41.26031,-80.832808,Giant Eagle Pharmacy #4056 #G00147,Moderna - Ages 12 years and older,330-395-0505,http://www.gianteagle.com/COVIDvaccine,http://www.gianteagle.com/COVIDvaccine,2700 Mahoning Ave. NW,Warren,44483,Trumbull County
41.390005,-81.337363,Giant Eagle Pharmacy #0515 #G00086,Pfizer-BioNTech - Ages 12 years and older,440-708-1277,http://www.gianteagle.com/COVIDvaccine,http://www.gianteagle.com/COVIDvaccine,8515 Tanglewood Square,Chagrin Falls,44023,Geauga County
40.051822,-82.86238,Giant Eagle Pharmacy #6501 #G00192,Moderna - Ages 12 years and older,614-939-5280,http://www.gianteagle.com/COVIDvaccine,http://www.gianteagle.com/COVIDvaccine,1250 N. Hamilton Rd,Columbus,43230,Franklin County
41.500491,-81.565768,"CVS Pharmacy, Inc. #03634",Moderna - Ages 12 years and older,(216) 932-4808,https://www.cvs.com/store-locator/details-directions/003634,https://www.cvs.com/immunizations/covid-19-vaccine,2160 LEE RD,CLEVELAND HEIGHTS,44118,Cuyahoga County
41.423331,-82.343663,Giant Eagle Pharmacy #1238 #G00089,Moderna - Ages 12 years and older,440-967-1220,http://www.gianteagle.com/COVIDvaccine,http://www.gianteagle.com/COVIDvaccine,4453 Liberty Avenue,Vermilion,44089,Lorain County
41.405847,-81.79801,Giant Eagle Pharmacy #0465 #G00078,Pfizer-BioNTech - Ages 12 years and older,216-267-2185,http://www.gianteagle.com/COVIDvaccine,http://www.gianteagle.com/COVIDvaccine,14650 Snow Road,Brookpark,44142,Cuyahoga County
41.238137,-81.447585,Acme Pharmacy,Moderna - Ages 12 years and older,(330)650-1608,http://www.acmestores.com,http://gettheshot.coronavirus.ohio.gov,116 W Streetsboro Rd,Hudson,44236,Summit County
41.166481,-80.666851,Giant Eagle Pharmacy #4002 #G00130,Pfizer-BioNTech - Ages 12 years and older,330-759-9348,http://www.gianteagle.com/COVIDvaccine,http://www.gianteagle.com/COVIDvaccine,4700 Belmont Avenue,Youngstown,44505,Trumbull County
40.50749,-81.462878,Giant Eagle Pharmacy #4089 #G00155,Moderna - Ages 12 years and older,330-602-8490,http://www.gianteagle.com/COVIDvaccine,http://www.gianteagle.com/COVIDvaccine,515 Union Avenue,Dover,44622,Tuscarawas County
41.146601,-81.506842,Giant Eagle Pharmacy #4036 #G00143,Pfizer-BioNTech - Ages 12 years and older,330-928-8844,http://www.gianteagle.com/COVIDvaccine,http://www.gianteagle.com/COVIDvaccine,2687 State Road,Cuyahoga Falls,44223,Summit County
41.237457,-81.347998,Giant Eagle Pharmacy #5863 #G00177,Pfizer-BioNTech - Ages 12 years and older,330-626-2407,http://www.gianteagle.com/COVIDvaccine,http://www.gianteagle.com/COVIDvaccine,1280 State Route 303,Streetsboro,44241,Portage County
41.403155,-81.694728,Giant Eagle Pharmacy #4009 #G00132,Pfizer-BioNTech - Ages 12 years and older,216-739-4120,http://www.gianteagle.com/COVIDvaccine,http://www.gianteagle.com/COVIDvaccine,1825 Snow Road,Parma,44134,Cuyahoga County
41.126146,-81.602149,Giant Eagle Pharmacy #4025 #G00136,Moderna - Ages 12 years and older,330-836-2036,http://www.gianteagle.com/COVIDvaccine,http://www.gianteagle.com/COVIDvaccine,2775 West Market Street,Fairlawn,44333,Summit County
40.102237,-83.15625,Giant Eagle Pharmacy #6520 #G00204,Pfizer-BioNTech - Ages 12 years and older,614-717-9424,http://www.gianteagle.com/COVIDvaccine,http://www.gianteagle.com/COVIDvaccine,6700 Perimeter Loop,Dublin,43017,Franklin County
41.309474,-81.442068,Giant Eagle Pharmacy #0224 #G00071,Moderna - Ages 12 years and older,330-405-7105,http://www.gianteagle.com/COVIDvaccine,http://www.gianteagle.com/COVIDvaccine,8960 Darrow RD,Twinsburg,44087,Summit County
41.636425,-81.475384,Giant Eagle Pharmacy #0216 #G00067,Moderna - Ages 12 years and older,440-944-6963,http://www.gianteagle.com/COVIDvaccine,http://www.gianteagle.com/COVIDvaccine,30320 Lake Shore Blvd.,Willowick,44095,Lake County
40.102237,-83.15625,Giant Eagle Pharmacy #6520 #G00204,Moderna - Ages 12 years and older,614-717-9424,http://www.gianteagle.com/COVIDvaccine,http://www.gianteagle.com/COVIDvaccine,6700 Perimeter Loop,Dublin,43017,Franklin County
41.493618,-81.986084,Giant Eagle Pharmacy #1284 #G00092,Pfizer-BioNTech - Ages 12 years and older,440-933-9598,http://www.gianteagle.com/COVIDvaccine,http://www.gianteagle.com/COVIDvaccine,31990 Walker Road,Avon Lake,44012,Lorain County
41.630377,-81.427748,Giant Eagle Pharmacy #6381 #G00187,Moderna - Ages 12 years and older,440-946-7714,http://www.gianteagle.com/COVIDvaccine,http://www.gianteagle.com/COVIDvaccine,36475 Euclid Ave.,Willoughby,44094,Lake County
41.378441,-81.739713,Giant Eagle Pharmacy #5817 #G00171,Pfizer-BioNTech - Ages 12 years and older,440-888-7392,http://www.gianteagle.com/COVIDvaccine,http://www.gianteagle.com/COVIDvaccine,7939 Day Drive,Parma,44129,Cuyahoga County
41.706006,-81.266514,Giant Eagle Pharmacy #6377 #G00184,Pfizer-BioNTech - Ages 12 years and older,440-358-7769,http://www.gianteagle.com/COVIDvaccine,http://www.gianteagle.com/COVIDvaccine,1201 Mentor Ave.,Painesville,44077,Lake County
41.255323,-80.793387,Giant Eagle Pharmacy #1419 #G00096,Moderna - Ages 12 years and older,330-372-7003,http://www.gianteagle.com/COVIDvaccine,http://www.gianteagle.com/COVIDvaccine,2061 Elm Rd,Warren,44483,Trumbull County
40.899722,-80.826879,Giant Eagle Pharmacy #4064 #G00149,Moderna - Ages 12 years and older,330-332-0141,http://www.gianteagle.com/COVIDvaccine,http://www.gianteagle.com/COVIDvaccine,2401 East State Street,Salem,44460,Columbiana County
41.46463,-81.091505,Giant Eagle Pharmacy #4133 #G00162,Moderna - Ages 12 years and older,440-632-5587,http://www.gianteagle.com/COVIDvaccine,http://www.gianteagle.com/COVIDvaccine,15400 West High St.,Middlefield,44062,Geauga County
41.404227,-81.612242,Giant Eagle Pharmacy #0218 #G00069,Pfizer-BioNTech - Ages 12 years and older,216-662-8466,http://www.gianteagle.com/COVIDvaccine,http://www.gianteagle.com/COVIDvaccine,5744 Transportation Blvd,Garfield Heights,44125,Cuyahoga County
39.575503,-84.230267,"CVS Pharmacy, Inc. #06139",Moderna - Ages 12 years and older,(937) 748-1135,https://www.cvs.com/store-locator/details-directions/006139,https://www.cvs.com/immunizations/covid-19-vaccine,710 N. MAIN ST.,SPRINGBORO,45066,Warren County
41.706006,-81.266514,Giant Eagle Pharmacy #6377 #G00184,Moderna - Ages 12 years and older,440-358-7769,http://www.gianteagle.com/COVIDvaccine,http://www.gianteagle.com/COVIDvaccine,1201 Mentor Ave.,Painesville,44077,Lake County
41.415232,-82.204838,Giant Eagle Pharmacy #0220 #G00070,Pfizer-BioNTech - Ages 12 years and older,440-282-7651,http://www.gianteagle.com/COVIDvaccine,http://www.gianteagle.com/COVIDvaccine,2201 Kresge Drive,Amherst,44001,Lorain County
40.019075,-83.013142,Giant Eagle Pharmacy #6512 #G00198,Moderna - Ages 12 years and older,614-268-3223,http://www.gianteagle.com/COVIDvaccine,http://www.gianteagle.com/COVIDvaccine,2801 N. High Street,Columbus,43202,Franklin County
40.034577,-83.133571,Giant Eagle Pharmacy #6531 #G00210,Pfizer-BioNTech - Ages 12 years and older,614-921-8260,http://www.gianteagle.com/COVIDvaccine,http://www.gianteagle.com/COVIDvaccine,4001 Britton Parkway,Hilliard,43026,Franklin County
41.26031,-80.832808,Giant Eagle Pharmacy #4056 #G00147,Pfizer-BioNTech - Ages 12 years and older,330-395-0505,http://www.gianteagle.com/COVIDvaccine,http://www.gianteagle.com/COVIDvaccine,2700 Mahoning Ave. NW,Warren,44483,Trumbull County
39.986196,-83.027558,Giant Eagle Pharmacy #6539 #G00213,Pfizer-BioNTech - Ages 12 years and older,614-294-2344,http://www.gianteagle.com/COVIDvaccine,http://www.gianteagle.com/COVIDvaccine,840 W. 3rd Avenue,Columbus,43212,Franklin County
41.314828,-81.726347,Giant Eagle Pharmacy #0204 #G00064,Moderna - Ages 12 years and older,440-582-6430,http://www.gianteagle.com/COVIDvaccine,http://www.gianteagle.com/COVIDvaccine,6000 Royalton Road,North Royalton,44133,Cuyahoga County
41.02621,-80.678882,Giant Eagle Pharmacy #4075 #G00150,Pfizer-BioNTech - Ages 12 years and older,330-726-7142,http://www.gianteagle.com/COVIDvaccine,http://www.gianteagle.com/COVIDvaccine,1201 Doral Drive,Boardman,44512,Mahoning County
41.851649,-80.817882,Giant Eagle Pharmacy #1421 #G00097,Pfizer-BioNTech - Ages 12 years and older,440-992-6165,http://www.gianteagle.com/COVIDvaccine,http://www.gianteagle.com/COVIDvaccine,2390 Prospect Avenue,Ashtabula,44004,Ashtabula County
40.50749,-81.462878,Giant Eagle Pharmacy #4089 #G00155,Pfizer-BioNTech - Ages 12 years and older,330-602-8490,http://www.gianteagle.com/COVIDvaccine,http://www.gianteagle.com/COVIDvaccine,515 Union Avenue,Dover,44622,Tuscarawas County
41.156174,-81.332851,Acme Pharmacy,Moderna - Ages 12 years and older,(330)678-3662,http://www.acmestores.com,http://gettheshot.coronavirus.ohio.gov,1709 St Rt 59,Kent,44240,Portage County
41.521386,-81.452402,Giant Eagle Pharmacy #5836 #G00174,Moderna - Ages 12 years and older,440-449-3940,http://www.gianteagle.com/COVIDvaccine,http://www.gianteagle.com/COVIDvaccine,6259 Mayfield Road,Mayfield Heights,44124,Cuyahoga County
40.956833,-81.463945,Acme Pharmacy,Pfizer-BioNTech - Ages 12 years and older,(330)899-0653,http://www.acmestores.com,http://gettheshot.coronavirus.ohio.gov,3875 Massillon Rd,Uniontown,44685,Summit County
41.027548,-81.509408,Giant Eagle Pharmacy #4124 #G00161,Moderna - Ages 12 years and older,330-773-7772,http://www.gianteagle.com/COVIDvaccine,http://www.gianteagle.com/COVIDvaccine,484 E. Waterloo Rd.,Akron,44319,Summit County
41.117359,-81.483335,Giant Eagle Pharmacy #5878 #G00178,Pfizer-BioNTech - Ages 12 years and older,330-929-6372,http://www.gianteagle.com/COVIDvaccine,http://www.gianteagle.com/COVIDvaccine,230 Howe Road,Cuyahoga Falls,44221,Summit County
41.851649,-80.817882,Giant Eagle Pharmacy #1421 #G00097,Moderna - Ages 12 years and older,440-992-6165,http://www.gianteagle.com/COVIDvaccine,http://www.gianteagle.com/COVIDvaccine,2390 Prospect Avenue,Ashtabula,44004,Ashtabula County
39.945476,-82.989298,Giant Eagle Pharmacy #2465 #G00196,Moderna - Ages 12 years and older,614-443-5232,http://www.gianteagle.com/COVIDvaccine,http://www.gianteagle.com/COVIDvaccine,1380 S Fourth Street,Columbus,43207,Franklin County
41.376935,-81.787651,Giant Eagle Pharmacy #0217 #G00068,Pfizer-BioNTech - Ages 12 years and older,440-885-3019,http://www.gianteagle.com/COVIDvaccine,http://www.gianteagle.com/COVIDvaccine,6869 Southland Drive,Middleburg Heights,44130,Cuyahoga County
41.427792,-82.079355,Giant Eagle Pharmacy #0231 #G00075,Moderna - Ages 12 years and older,440-934-5377,http://www.gianteagle.com/COVIDvaccine,http://www.gianteagle.com/COVIDvaccine,5231 Detroit Road,Sheffield Village,44054,Lorain County
41.027548,-81.509408,Giant Eagle Pharmacy #4124 #G00161,Pfizer-BioNTech - Ages 12 years and older,330-773-7772,http://www.gianteagle.com/COVIDvaccine,http://www.gianteagle.com/COVIDvaccine,484 E. Waterloo Rd.,Akron,44319,Summit County
41.468918,-81.771695,Giant Eagle Pharmacy #0230 #G00074,Moderna - Ages 12 years and older,216-941-5109,http://www.gianteagle.com/COVIDvaccine,http://www.gianteagle.com/COVIDvaccine,3050 W 117TH ST,Cleveland,44111,Cuyahoga County
40.671886,-80.585417,Giant Eagle Pharmacy #1475 #G00099,Pfizer-BioNTech - Ages 12 years and older,330-385-2327,http://www.gianteagle.com/COVIDvaccine,http://www.gianteagle.com/COVIDvaccine,15937 State Route 170,East Liverpool,43920,Columbiana County
41.503467,-81.499457,Giant Eagle Pharmacy #0208 #G00065,Moderna - Ages 12 years and older,216-920-3320,http://www.gianteagle.com/COVIDvaccine,http://www.gianteagle.com/COVIDvaccine,25105 Cedar Road,Lyndhurst,44124,Cuyahoga County
40.020215,-83.057671,Giant Eagle Pharmacy #6515 #G00201,Moderna - Ages 12 years and older,614-538-0801,http://www.gianteagle.com/COVIDvaccine,http://www.gianteagle.com/COVIDvaccine,3061 Kingsdale Center,Columbus,43221,Franklin County
40.899722,-80.826879,Giant Eagle Pharmacy #4064 #G00149,Pfizer-BioNTech - Ages 12 years and older,330-332-0141,http://www.gianteagle.com/COVIDvaccine,http://www.gianteagle.com/COVIDvaccine,2401 East State Street,Salem,44460,Columbiana County
41.300662,-81.832582,Giant Eagle Pharmacy #4086 #G00153,Moderna - Ages 12 years and older,440-238-4111,http://www.gianteagle.com/COVIDvaccine,http://www.gianteagle.com/COVIDvaccine,15919 Pearl Road,Strongsville,44136,Cuyahoga County
40.875185,-81.434754,Giant Eagle Pharmacy #4060 #G00148,Pfizer-BioNTech - Ages 12 years and older,330-497-1385,http://www.gianteagle.com/COVIDvaccine,http://www.gianteagle.com/COVIDvaccine,6493 Strip Avenue NW,North Canton,44720,Stark County
40.160732,-83.09376,Giant Eagle Pharmacy #6527 #G00207,Pfizer-BioNTech - Ages 12 years and older,614-889-8438,http://www.gianteagle.com/COVIDvaccine,http://www.gianteagle.com/COVIDvaccine,4000 West Powell Road,Powell,43065,Delaware County
40.640834,-81.442233,Giant Eagle Pharmacy #4016 #G00134,Moderna - Ages 12 years and older,330-874-3723,http://www.gianteagle.com/COVIDvaccine,http://www.gianteagle.com/COVIDvaccine,11031 State Route 212 N.E.,Bolivar,44612,Tuscarawas County
41.43174,-81.729983,Giant Eagle Pharmacy #6376 #G00183,Pfizer-BioNTech - Ages 12 years and older,216-739-4125,http://www.gianteagle.com/COVIDvaccine,http://www.gianteagle.com/COVIDvaccine,6300 Biddulph Rd.,Brooklyn,44144,Cuyahoga County
40.831283,-81.42669,Acme Pharmacy,Moderna - Ages 12 years and older,(330)478-1821,http://www.acmestores.com,http://gettheshot.coronavirus.ohio.gov,2905 Whipple Ave. N. W.,Canton,44708,Stark County
41.150702,-81.861204,Giant Eagle Pharmacy #5839 #G00175,Moderna - Ages 12 years and older,330-721-8028,http://www.gianteagle.com/COVIDvaccine,http://www.gianteagle.com/COVIDvaccine,870 N Court Street,Medina,44256,Medina County
41.032145,-81.426353,Giant Eagle Pharmacy #4029 #G00137,Pfizer-BioNTech - Ages 12 years and older,330-628-6067,http://www.gianteagle.com/COVIDvaccine,http://www.gianteagle.com/COVIDvaccine,2801 E. Waterloo Rd.,Akron,44312,Summit County
40.020215,-83.057671,Giant Eagle Pharmacy #6515 #G00201,Pfizer-BioNTech - Ages 12 years and older,614-538-0801,http://www.gianteagle.com/COVIDvaccine,http://www.gianteagle.com/COVIDvaccine,3061 Kingsdale Center,Columbus,43221,Franklin County
41.146601,-81.506842,Giant Eagle Pharmacy #4036 #G00143,Moderna - Ages 12 years and older,330-928-8844,http://www.gianteagle.com/COVIDvaccine,http://www.gianteagle.com/COVIDvaccine,2687 State Road,Cuyahoga Falls,44223,Summit County
41.237108,-80.743528,Giant Eagle Pharmacy #4051 #G00146,Moderna - Ages 12 years and older,330-856-1324,http://www.gianteagle.com/COVIDvaccine,http://www.gianteagle.com/COVIDvaccine,8202 East Market St.,Warren,44484,Trumbull County
41.158839,-81.227787,Giant Eagle Pharmacy #6348 #G00180,Pfizer-BioNTech - Ages 12 years and older,330-297-7366,http://www.gianteagle.com/COVIDvaccine,http://www.gianteagle.com/COVIDvaccine,909 East Main Street,Ravenna,44266,Portage County
41.138081,-81.642037,Acme Pharmacy,Moderna - Ages 12 years and older,(330)666-3300,http://www.acmestores.com,http://gettheshot.coronavirus.ohio.gov,3979 Medina Rd.,Akron,44333,Summit County
41.412153000000004,-81.337449,"CVS Pharmacy, Inc. #04804",Moderna - Ages 12 years and older,(440) 543-7475,https://www.cvs.com/store-locator/details-directions/004804,https://www.cvs.com/immunizations/covid-19-vaccine,16801 CHILLICOTHE RD.,CHAGRIN FALLS,44023,Geauga County
41.023465,-80.746905,Giant Eagle Pharmacy #6385 #G00188,Pfizer-BioNTech - Ages 12 years and older,330-286-0012,http://www.gianteagle.com/COVIDvaccine,http://www.gianteagle.com/COVIDvaccine,525 East Main St,Canfield,44406,Mahoning County
41.009302,-81.587232,Giant Eagle Pharmacy #4031 #G00139,Moderna - Ages 12 years and older,330-861-0849,http://www.gianteagle.com/COVIDvaccine,http://www.gianteagle.com/COVIDvaccine,41 5th Street S.E.,Barberton,44203,Summit County
40.970386,-81.346958,Giant Eagle Pharmacy #1618 #G00105,Moderna - Ages 12 years and older,330-877-0221,http://www.gianteagle.com/COVIDvaccine,http://www.gianteagle.com/COVIDvaccine,907 West Maple Street,Hartville,44632,Stark County
40.892874,-81.404895,Acme Pharmacy,Pfizer-BioNTech - Ages 12 years and older,(330)497-0645,http://www.acmestores.com,http://gettheshot.coronavirus.ohio.gov,1474 N Main St,North Canton,44720,Stark County
41.101107,-80.756949,Giant Eagle Pharmacy #4078 #G00152,Moderna - Ages 12 years and older,330-793-9345,http://www.gianteagle.com/COVIDvaccine,http://www.gianteagle.com/COVIDvaccine,5220 Mahoning Avenue,Youngstown,44515,Mahoning County
41.636425,-81.475384,Giant Eagle Pharmacy #0216 #G00067,Pfizer-BioNTech - Ages 12 years and older,440-944-6963,http://www.gianteagle.com/COVIDvaccine,http://www.gianteagle.com/COVIDvaccine,30320 Lake Shore Blvd.,Willowick,44095,Lake County
40.111367,-82.948559,"CVS Pharmacy, Inc. #03992",Moderna - Ages 12 years and older,(614) 891-9771,https://www.cvs.com/store-locator/details-directions/003992,https://www.cvs.com/immunizations/covid-19-vaccine,620 S. CLEVELAND AVE.,WESTERVILLE,43081,Franklin County
41.024349,-80.592618,Giant Eagle Pharmacy #1478 #G00100,Pfizer-BioNTech - Ages 12 years and older,330-757-4099,http://www.gianteagle.com/COVIDvaccine,http://www.gianteagle.com/COVIDvaccine,3130 Center Rd.,Poland,44514,Mahoning County
41.235618,-80.557663,Giant Eagle Pharmacy #1435 #G00098,Moderna - Ages 12 years and older,330-448-6480,http://www.gianteagle.com/COVIDvaccine,http://www.gianteagle.com/COVIDvaccine,7229 Warren Sharon Road,Brookfield,44403,Trumbull County
40.795041,-81.476343,Rite Aid #RA102390,Moderna - Ages 12 years and older,330-837-3138,https://www.riteaid.com,https://www.riteaid.com/pharmacy/scheduler,3129 LINCOLN WAY EAST,MASSILLON,44646-3756,Stark County
41.801498,-81.055631,Giant Eagle Pharmacy #4097 #G00159,Moderna - Ages 12 years and older,440-428-6111,http://www.gianteagle.com/COVIDvaccine,http://www.gianteagle.com/COVIDvaccine,6556 N. Ridge Road,Madison,44057,Lake County
41.047856,-81.441976,Acme Pharmacy,Pfizer-BioNTech - Ages 12 years and older,(330)733-9995,http://www.acmestores.com,http://gettheshot.coronavirus.ohio.gov,2420 Wedgewood Dr,Akron,44312,Summit County
40.14312,-82.923516,Giant Eagle Pharmacy #6507 #G00195,Moderna - Ages 12 years and older,614-865-0487,http://www.gianteagle.com/COVIDvaccine,http://www.gianteagle.com/COVIDvaccine,650 North State Street,Westerville,43082,Delaware County
41.462179,-81.955565000000007,Giant Eagle Pharmacy #1216 #G00087,Pfizer-BioNTech - Ages 12 years and older,440-871-5710,http://www.gianteagle.com/COVIDvaccine,http://www.gianteagle.com/COVIDvaccine,30275 Detroit Rd.,Westlake,44145,Cuyahoga County
41.238137,-81.447585,Acme Pharmacy,Pfizer-BioNTech - Ages 12 years and older,(330)650-1608,http://www.acmestores.com,http://gettheshot.coronavirus.ohio.gov,116 W Streetsboro Rd,Hudson,44236,Summit County
41.441105,-81.860524,Giant Eagle Pharmacy #5810 #G00170,Pfizer-BioNTech - Ages 12 years and older,440-356-3677,http://www.gianteagle.com/COVIDvaccine,http://www.gianteagle.com/COVIDvaccine,21593 Lorain Road,Fairview Park,44126,Cuyahoga County
41.184263,-80.759374,Giant Eagle Pharmacy #1405 #G00094,Pfizer-BioNTech - Ages 12 years and older,330-652-2158,http://www.gianteagle.com/COVIDvaccine,http://www.gianteagle.com/COVIDvaccine,48 Vienna Ave.,Niles,44446,Trumbull County
41.41535,-81.535192,Giant Eagle Pharmacy #6414 #G00191,Pfizer-BioNTech - Ages 12 years and older,216-332-9592,http://www.gianteagle.com/COVIDvaccine,http://www.gianteagle.com/COVIDvaccine,5321 Warrensville Road,Maple Heights,44137,Cuyahoga County
41.418851,-81.694107,"CVS Pharmacy, Inc. #03322",Moderna - Ages 12 years and older,(216) 351-2944,https://www.cvs.com/store-locator/details-directions/003322,https://www.cvs.com/immunizations/covid-19-vaccine,2007 BROOKPARK ROAD,CLEVELAND,44109,Cuyahoga County
41.376935,-81.787651,Giant Eagle Pharmacy #0217 #G00068,Moderna - Ages 12 years and older,440-885-3019,http://www.gianteagle.com/COVIDvaccine,http://www.gianteagle.com/COVIDvaccine,6869 Southland Drive,Middleburg Heights,44130,Cuyahoga County
41.397494,-81.997658,Giant Eagle Pharmacy #0199 #G00062,Pfizer-BioNTech - Ages 12 years and older,440-327-8085,http://www.gianteagle.com/COVIDvaccine,http://www.gianteagle.com/COVIDvaccine,34325 Center Ridge Rd,North Ridgeville,44039,Lorain County
41.315019,-81.656066,Giant Eagle Pharmacy #4088 #G00154,Pfizer-BioNTech - Ages 12 years and older,440-526-1584,http://www.gianteagle.com/COVIDvaccine,http://www.gianteagle.com/COVIDvaccine,4343 Royalton Rd,Broadview Heights,44147,Cuyahoga County
41.313198,-81.529315,Giant Eagle Pharmacy #6299 #G00179,Moderna - Ages 12 years and older,330-468-3263,http://www.gianteagle.com/COVIDvaccine,http://www.gianteagle.com/COVIDvaccine,290 East Aurora Road,Northfield,44067,Summit County
41.314828,-81.726347,Giant Eagle Pharmacy #0204 #G00064,Pfizer-BioNTech - Ages 12 years and older,440-582-6430,http://www.gianteagle.com/COVIDvaccine,http://www.gianteagle.com/COVIDvaccine,6000 Royalton Road,North Royalton,44133,Cuyahoga County
41.465973,-81.505635,Giant Eagle Pharmacy #5830 #G00172,Moderna - Ages 12 years and older,216-831-8080,http://www.gianteagle.com/COVIDvaccine,http://www.gianteagle.com/COVIDvaccine,24601 Chagrin Blvd.,Beachwood,44122,Cuyahoga County
41.13537,-81.632149,Giant Eagle Pharmacy #5861 #G00176,Pfizer-BioNTech - Ages 12 years and older,330-668-6605,http://www.gianteagle.com/COVIDvaccine,http://www.gianteagle.com/COVIDvaccine,3750 W. Market St.,Fairlawn,44333,Summit County
40.14312,-82.923516,Giant Eagle Pharmacy #6507 #G00195,Pfizer-BioNTech - Ages 12 years and older,614-865-0487,http://www.gianteagle.com/COVIDvaccine,http://www.gianteagle.com/COVIDvaccine,650 North State Street,Westerville,43082,Delaware County
40.83212,-81.380797,Giant Eagle Pharmacy #4387 #G00165,Moderna - Ages 12 years and older,330-493-9404,http://www.gianteagle.com/COVIDvaccine,http://www.gianteagle.com/COVIDvaccine,3100 Cromer Ave. N.W.,Canton,44709,Stark County
41.403155,-81.694728,Giant Eagle Pharmacy #4009 #G00132,Moderna - Ages 12 years and older,216-739-4120,http://www.gianteagle.com/COVIDvaccine,http://www.gianteagle.com/COVIDvaccine,1825 Snow Road,Parma,44134,Cuyahoga County
41.459906,-81.864181,Giant Eagle Pharmacy #1297 #G00093,Pfizer-BioNTech - Ages 12 years and older,440-356-3287,http://www.gianteagle.com/COVIDvaccine,http://www.gianteagle.com/COVIDvaccine,22160 Center Ridge Road,Rocky River,44116,Cuyahoga County
41.463452,-81.803818,Giant Eagle Pharmacy #1263 #G00090,Pfizer-BioNTech - Ages 12 years and older,216-671-6550,http://www.gianteagle.com/COVIDvaccine,http://www.gianteagle.com/COVIDvaccine,15325 Edgecliff Ave.,Cleveland,44111,Cuyahoga County
41.202058,-81.433924,Giant Eagle Pharmacy #4032 #G00140,Moderna - Ages 12 years and older,330-650-4093,http://www.gianteagle.com/COVIDvaccine,http://www.gianteagle.com/COVIDvaccine,1700 Norton Rd.,Stow,44224,Summit County
41.02621,-80.678882,Giant Eagle Pharmacy #4018 #G00135,Pfizer-BioNTech - Ages 12 years and older,330-726-9518,http://www.gianteagle.com/COVIDvaccine,http://www.gianteagle.com/COVIDvaccine,478 Boardman-Canfield Rd.,Youngstown,44512,Mahoning County
41.524118,-81.339314,Giant Eagle Pharmacy #0203 #G00063,Moderna - Ages 12 years and older,440-729-5457,http://www.gianteagle.com/COVIDvaccine,http://www.gianteagle.com/COVIDvaccine,12692 Chillicothe Road,Chesterland,44026,Geauga County
40.023698,-83.05749,"CVS Pharmacy, Inc. #06411",Moderna - Ages 12 years and older,(614) 326-1288,https://www.cvs.com/store-locator/details-directions/006411,https://www.cvs.com/immunizations/covid-19-vaccine,3282 TREMONT RD,UPPER ARLINGTON,43221,Franklin County
41.462179,-81.955565000000007,Giant Eagle Pharmacy #1216 #G00087,Moderna - Ages 12 years and older,440-871-5710,http://www.gianteagle.com/COVIDvaccine,http://www.gianteagle.com/COVIDvaccine,30275 Detroit Rd.,Westlake,44145,Cuyahoga County
41.405847,-81.79801,Giant Eagle Pharmacy #0465 #G00078,Moderna - Ages 12 years and older,216-267-2185,http://www.gianteagle.com/COVIDvaccine,http://www.gianteagle.com/COVIDvaccine,14650 Snow Road,Brookpark,44142,Cuyahoga County
41.46463,-81.091505,Giant Eagle Pharmacy #4133 #G00162,Pfizer-BioNTech - Ages 12 years and older,440-632-5587,http://www.gianteagle.com/COVIDvaccine,http://www.gianteagle.com/COVIDvaccine,15400 West High St.,Middlefield,44062,Geauga County
39.953746,-83.128627,Giant Eagle Pharmacy #6519 #G00203,Moderna - Ages 12 years and older,614-878-8942,http://www.gianteagle.com/COVIDvaccine,http://www.gianteagle.com/COVIDvaccine,4780 West Broad Street,Columbus,43228,Franklin County
41.313198,-81.529315,Giant Eagle Pharmacy #6299 #G00179,Pfizer-BioNTech - Ages 12 years and older,330-468-3263,http://www.gianteagle.com/COVIDvaccine,http://www.gianteagle.com/COVIDvaccine,290 East Aurora Road,Northfield,44067,Summit County
40.037164,-82.432364,Giant Eagle Pharmacy #6523 #G00205,Moderna - Ages 12 years and older,740-522-6168,http://www.gianteagle.com/COVIDvaccine,http://www.gianteagle.com/COVIDvaccine,553 Hebron Road,Newark,43055,Licking County
40.900756,-81.13133,Giant Eagle Pharmacy #1605 #G00103,Moderna - Ages 12 years and older,330-829-3192,http://www.gianteagle.com/COVIDvaccine,http://www.gianteagle.com/COVIDvaccine,1800 West State Street,Alliance,44601,Stark County
40.836688,-81.261003,Giant Eagle Pharmacy #1611 #G00104,Moderna - Ages 12 years and older,330-875-1135,http://www.gianteagle.com/COVIDvaccine,http://www.gianteagle.com/COVIDvaccine,108 West Main Street,Louisville,44641,Stark County
40.875185,-81.434754,Giant Eagle Pharmacy #4060 #G00148,Moderna - Ages 12 years and older,330-497-1385,http://www.gianteagle.com/COVIDvaccine,http://www.gianteagle.com/COVIDvaccine,6493 Strip Avenue NW,North Canton,44720,Stark County
41.493618,-81.986084,Giant Eagle Pharmacy #1284 #G00092,Moderna - Ages 12 years and older,440-933-9598,http://www.gianteagle.com/COVIDvaccine,http://www.gianteagle.com/COVIDvaccine,31990 Walker Road,Avon Lake,44012,Lorain County
41.158839,-81.227787,Giant Eagle Pharmacy #6348 #G00180,Moderna - Ages 12 years and older,330-297-7366,http://www.gianteagle.com/COVIDvaccine,http://www.gianteagle.com/COVIDvaccine,909 East Main Street,Ravenna,44266,Portage County
41.359701,-81.687277,Acme Pharmacy,Moderna - Ages 12 years and older,(440)842-6700,http://www.acmestores.com,http://gettheshot.coronavirus.ohio.gov,1225 W Pleasant Valley Rd,Cleveland,44134,Cuyahoga County
41.300662,-81.832582,Giant Eagle Pharmacy #4086 #G00153,Pfizer-BioNTech - Ages 12 years and older,440-238-4111,http://www.gianteagle.com/COVIDvaccine,http://www.gianteagle.com/COVIDvaccine,15919 Pearl Road,Strongsville,44136,Cuyahoga County
41.415232,-82.204838,Giant Eagle Pharmacy #0220 #G00070,Moderna - Ages 12 years and older,440-282-7651,http://www.gianteagle.com/COVIDvaccine,http://www.gianteagle.com/COVIDvaccine,2201 Kresge Drive,Amherst,44001,Lorain County
41.38977,-82.109981,Giant Eagle Pharmacy #6375 #G00182,Pfizer-BioNTech - Ages 12 years and older,440-324-1742,http://www.gianteagle.com/COVIDvaccine,http://www.gianteagle.com/COVIDvaccine,320 Market Drive,Elyria,44035,Lorain County
40.037164,-82.432364,Giant Eagle Pharmacy #6523 #G00205,Pfizer-BioNTech - Ages 12 years and older,740-522-6168,http://www.gianteagle.com/COVIDvaccine,http://www.gianteagle.com/COVIDvaccine,553 Hebron Road,Newark,43055,Licking County
41.503467,-81.499457,Giant Eagle Pharmacy #0208 #G00065,Pfizer-BioNTech - Ages 12 years and older,216-920-3320,http://www.gianteagle.com/COVIDvaccine,http://www.gianteagle.com/COVIDvaccine,25105 Cedar Road,Lyndhurst,44124,Cuyahoga County
41.390005,-81.337363,Giant Eagle Pharmacy #0515 #G00086,Moderna - Ages 12 years and older,440-708-1277,http://www.gianteagle.com/COVIDvaccine,http://www.gianteagle.com/COVIDvaccine,8515 Tanglewood Square,Chagrin Falls,44023,Geauga County
41.521627,-81.521555,Giant Eagle Pharmacy #0440 #G00077,Moderna - Ages 12 years and older,216-297-2001,http://www.gianteagle.com/COVIDvaccine,http://www.gianteagle.com/COVIDvaccine,4401 Mayfield Rd.,South Euclid,44121,Cuyahoga County
41.236692,-81.809989,Giant Eagle Pharmacy #0229 #G00073,Pfizer-BioNTech - Ages 12 years and older,330-225-1159,http://www.gianteagle.com/COVIDvaccine,http://www.gianteagle.com/COVIDvaccine,3440 Center Road,Brunswick,44212,Medina County
41.153005,-81.408495,Giant Eagle Pharmacy #4096 #G00158,Pfizer-BioNTech - Ages 12 years and older,330-686-9121,http://www.gianteagle.com/COVIDvaccine,http://www.gianteagle.com/COVIDvaccine,4300 Kent Road,Stow,44224,Summit County
41.10568,-81.241061,Giant Eagle Pharmacy #4095 #G00157,Moderna - Ages 12 years and older,330-325-7967,http://www.gianteagle.com/COVIDvaccine,http://www.gianteagle.com/COVIDvaccine,4246 State Rt. 44,Rootstown,44272,Portage County
40.83212,-81.380797,Giant Eagle Pharmacy #4387 #G00165,Pfizer-BioNTech - Ages 12 years and older,330-493-9404,http://www.gianteagle.com/COVIDvaccine,http://www.gianteagle.com/COVIDvaccine,3100 Cromer Ave. N.W.,Canton,44709,Stark County
39.896597,-82.884755,Giant Eagle Pharmacy #6537 #G00211,Moderna - Ages 12 years and older,614-836-8420,http://www.gianteagle.com/COVIDvaccine,http://www.gianteagle.com/COVIDvaccine,3841 S. Hamilton Road,Groveport,43125,Franklin County
41.416974,-81.926122,Giant Eagle Pharmacy #6359 #G00181,Moderna - Ages 12 years and older,440-777-6148,http://www.gianteagle.com/COVIDvaccine,http://www.gianteagle.com/COVIDvaccine,27264 Lorain Rd.,North Olmsted,44070,Cuyahoga County
39.738608,-82.63569,Giant Eagle Pharmacy #6538 #G00212,Pfizer-BioNTech - Ages 12 years and older,740-654-5219,http://www.gianteagle.com/COVIDvaccine,http://www.gianteagle.com/COVIDvaccine,1394 Ety Shops Way,Lancaster,43130,Fairfield County
41.795157,-80.946229,Giant Eagle Pharmacy #1417 #G00095,Moderna - Ages 12 years and older,440-466-3005,http://www.gianteagle.com/COVIDvaccine,http://www.gianteagle.com/COVIDvaccine,755 S. Broadway Avenue,Geneva,44041,Ashtabula County
41.045386,-81.570354,Acme Pharmacy,Pfizer-BioNTech - Ages 12 years and older,(330)753-5021,http://www.acmestores.com,http://gettheshot.coronavirus.ohio.gov,2147 East Ave.,Akron,44314,Summit County
39.073174,-84.348923,"CVS Pharmacy, Inc. #06123",Moderna - Ages 12 years and older,(513) 231-4591,https://www.cvs.com/store-locator/details-directions/006123,https://www.cvs.com/immunizations/covid-19-vaccine,7500 BEECHMONT AVE,CINCINNATI,45255,Hamilton County
40.358732,-83.760658,Rite Aid #RA104767,Moderna - Ages 12 years and older,937-599-2314,https://www.riteaid.com,https://www.riteaid.com/pharmacy/scheduler,230 SOUTH MAIN STREET,BELLEFONTAINE,43311-1702,Logan County
41.468918,-81.771695,Giant Eagle Pharmacy #0230 #G00074,Pfizer-BioNTech - Ages 12 years and older,216-941-5109,http://www.gianteagle.com/COVIDvaccine,http://www.gianteagle.com/COVIDvaccine,3050 W 117TH ST,Cleveland,44111,Cuyahoga County
41.222533,-81.439701,"CVS Pharmacy, Inc. #04359",Moderna - Ages 12 years and older,(330) 650-0605,https://www.cvs.com/store-locator/details-directions/004359,https://www.cvs.com/immunizations/covid-19-vaccine,5783 DARROW RD.,HUDSON,44236,Summit County
40.093049,-82.82552,Giant Eagle Pharmacy #6528 #G00208,Moderna - Ages 12 years and older,614-939-4102,http://www.gianteagle.com/COVIDvaccine,http://www.gianteagle.com/COVIDvaccine,5461 New Albany Road West,New Albany,43054,Franklin County
41.486464,-81.791206,Giant Eagle Pharmacy #5831 #G00173,Pfizer-BioNTech - Ages 12 years and older,216-226-1600,http://www.gianteagle.com/COVIDvaccine,http://www.gianteagle.com/COVIDvaccine,14100 Detroit Avenue,Lakewood,44107,Cuyahoga County
39.957317,-82.931274,"CVS Pharmacy, Inc. #06153",Moderna - Ages 12 years and older,(614) 235-3024,https://www.cvs.com/store-locator/details-directions/006153,https://www.cvs.com/immunizations/covid-19-vaccine,2532 E. MAIN ST.,COLUMBUS,43209,Franklin County
39.738608,-82.63569,Giant Eagle Pharmacy #6538 #G00212,Moderna - Ages 12 years and older,740-654-5219,http://www.gianteagle.com/COVIDvaccine,http://www.gianteagle.com/COVIDvaccine,1394 Ety Shops Way,Lancaster,43130,Fairfield County
41.10568,-81.241061,Giant Eagle Pharmacy #4095 #G00157,Pfizer-BioNTech - Ages 12 years and older,330-325-7967,http://www.gianteagle.com/COVIDvaccine,http://www.gianteagle.com/COVIDvaccine,4246 State Rt. 44,Rootstown,44272,Portage County
41.237108,-80.743528,Giant Eagle Pharmacy #4051 #G00146,Pfizer-BioNTech - Ages 12 years and older,330-856-1324,http://www.gianteagle.com/COVIDvaccine,http://www.gianteagle.com/COVIDvaccine,8202 East Market St.,Warren,44484,Trumbull County
40.051822,-82.86238,Giant Eagle Pharmacy #6501 #G00192,Pfizer-BioNTech - Ages 12 years and older,614-939-5280,http://www.gianteagle.com/COVIDvaccine,http://www.gianteagle.com/COVIDvaccine,1250 N. Hamilton Rd,Columbus,43230,Franklin County
41.583299,-81.218233,Giant Eagle Pharmacy #4098 #G00160,Moderna - Ages 12 years and older,440-286-8680,http://www.gianteagle.com/COVIDvaccine,http://www.gianteagle.com/COVIDvaccine,351 Center St.,Chardon,44024,Geauga County
39.980499,-82.820806,Giant Eagle Pharmacy #6513 #G00199,Moderna - Ages 12 years and older,614-866-3079,http://www.gianteagle.com/COVIDvaccine,http://www.gianteagle.com/COVIDvaccine,6867 East Broad Street,Columbus,43213,Franklin County
39.953746,-83.128627,Giant Eagle Pharmacy #6519 #G00203,Pfizer-BioNTech - Ages 12 years and older,614-878-8942,http://www.gianteagle.com/COVIDvaccine,http://www.gianteagle.com/COVIDvaccine,4780 West Broad Street,Columbus,43228,Franklin County
41.01222,-81.552415,Acme Pharmacy,Moderna - Ages 12 years and older,(330)644-0350,http://www.acmestores.com,http://gettheshot.coronavirus.ohio.gov,3235 Manchester Rd,Akron,44319,Summit County
41.112849,-81.574195,Acme Pharmacy,Pfizer-BioNTech - Ages 12 years and older,(330)867-2740,http://www.acmestores.com,http://gettheshot.coronavirus.ohio.gov,1835 W. Market St.,Akron,44313,Summit County
41.150702,-81.861204,Giant Eagle Pharmacy #5839 #G00175,Pfizer-BioNTech - Ages 12 years and older,330-721-8028,http://www.gianteagle.com/COVIDvaccine,http://www.gianteagle.com/COVIDvaccine,870 N Court Street,Medina,44256,Medina County
41.237457,-81.347998,Giant Eagle Pharmacy #5863 #G00177,Moderna - Ages 12 years and older,330-626-2407,http://www.gianteagle.com/COVIDvaccine,http://www.gianteagle.com/COVIDvaccine,1280 State Route 303,Streetsboro,44241,Portage County
39.876617,-83.061474,Giant Eagle Pharmacy #6526 #G00206,Moderna - Ages 12 years and older,614-875-8591,http://www.gianteagle.com/COVIDvaccine,http://www.gianteagle.com/COVIDvaccine,2173 Stringtown Rd,Grove City,43123,Franklin County
41.112849,-81.574195,Acme Pharmacy,Moderna - Ages 12 years and older,(330)867-2740,http://www.acmestores.com,http://gettheshot.coronavirus.ohio.gov,1835 W. Market St.,Akron,44313,Summit County
41.459906,-81.864181,Giant Eagle Pharmacy #1297 #G00093,Moderna - Ages 12 years and older,440-356-3287,http://www.gianteagle.com/COVIDvaccine,http://www.gianteagle.com/COVIDvaccine,22160 Center Ridge Road,Rocky River,44116,Cuyahoga County
41.404227,-81.612242,Giant Eagle Pharmacy #0218 #G00069,Moderna - Ages 12 years and older,216-662-8466,http://www.gianteagle.com/COVIDvaccine,http://www.gianteagle.com/COVIDvaccine,5744 Transportation Blvd,Garfield Heights,44125,Cuyahoga County
41.023465,-80.746905,Giant Eagle Pharmacy #6385 #G00188,Moderna - Ages 12 years and older,330-286-0012,http://www.gianteagle.com/COVIDvaccine,http://www.gianteagle.com/COVIDvaccine,525 East Main St,Canfield,44406,Mahoning County
41.521627,-81.521555,Giant Eagle Pharmacy #0440 #G00077,Pfizer-BioNTech - Ages 12 years and older,216-297-2001,http://www.gianteagle.com/COVIDvaccine,http://www.gianteagle.com/COVIDvaccine,4401 Mayfield Rd.,South Euclid,44121,Cuyahoga County
41.524118,-81.339314,Giant Eagle Pharmacy #0203 #G00063,Pfizer-BioNTech - Ages 12 years and older,440-729-5457,http://www.gianteagle.com/COVIDvaccine,http://www.gianteagle.com/COVIDvaccine,12692 Chillicothe Road,Chesterland,44026,Geauga County
39.986196,-83.027558,Giant Eagle Pharmacy #6539 #G00213,Moderna - Ages 12 years and older,614-294-2344,http://www.gianteagle.com/COVIDvaccine,http://www.gianteagle.com/COVIDvaccine,840 W. 3rd Avenue,Columbus,43212,Franklin County
41.166481,-80.666851,Giant Eagle Pharmacy #4002 #G00130,Moderna - Ages 12 years and older,330-759-9348,http://www.gianteagle.com/COVIDvaccine,http://www.gianteagle.com/COVIDvaccine,4700 Belmont Avenue,Youngstown,44505,Trumbull County
41.427792,-82.079355,Giant Eagle Pharmacy #0231 #G00075,Pfizer-BioNTech - Ages 12 years and older,440-934-5377,http://www.gianteagle.com/COVIDvaccine,http://www.gianteagle.com/COVIDvaccine,5231 Detroit Road,Sheffield Village,44054,Lorain County
41.024349,-80.592618,Giant Eagle Pharmacy #1478 #G00100,Moderna - Ages 12 years and older,330-757-4099,http://www.gianteagle.com/COVIDvaccine,http://www.gianteagle.com/COVIDvaccine,3130 Center Rd.,Poland,44514,Mahoning County
41.047856,-81.441976,Acme Pharmacy,Moderna - Ages 12 years and older,(330)733-9995,http://www.acmestores.com,http://gettheshot.coronavirus.ohio.gov,2420 Wedgewood Dr,Akron,44312,Summit County
41.086043,-81.443817,Acme Pharmacy,Moderna - Ages 12 years and older,(330) 633-2200,http://www.acmestores.com,http://gettheshot.coronavirus.ohio.gov,600 South Ave.,Tallmadge,44278,Summit County
40.160732,-83.09376,Giant Eagle Pharmacy #6527 #G00207,Moderna - Ages 12 years and older,614-889-8438,http://www.gianteagle.com/COVIDvaccine,http://www.gianteagle.com/COVIDvaccine,4000 West Powell Road,Powell,43065,Delaware County
41.145225,-81.474975,Acme Pharmacy,Moderna - Ages 12 years and older,(330)923-5766,http://www.acmestores.com,http://gettheshot.coronavirus.ohio.gov,2630 Bailey Rd.,Cuyahoga Falls,44221,Summit County
40.064221,-83.095688,Giant Eagle Pharmacy #6504 #G00194,Moderna - Ages 12 years and older,614-923-0481,http://www.gianteagle.com/COVIDvaccine,http://www.gianteagle.com/COVIDvaccine,4747 Sawmill Rd,Columbus,43220,Franklin County
41.465973,-81.505635,Giant Eagle Pharmacy #5830 #G00172,Pfizer-BioNTech - Ages 12 years and older,216-831-8080,http://www.gianteagle.com/COVIDvaccine,http://www.gianteagle.com/COVIDvaccine,24601 Chagrin Blvd.,Beachwood,44122,Cuyahoga County
41.145225,-81.474975,Acme Pharmacy,Pfizer-BioNTech - Ages 12 years and older,(330)923-5766,http://www.acmestores.com,http://gettheshot.coronavirus.ohio.gov,2630 Bailey Rd.,Cuyahoga Falls,44221,Summit County
41.801498,-81.055631,Giant Eagle Pharmacy #4097 #G00159,Pfizer-BioNTech - Ages 12 years and older,440-428-6111,http://www.gianteagle.com/COVIDvaccine,http://www.gianteagle.com/COVIDvaccine,6556 N. Ridge Road,Madison,44057,Lake County
39.422297,-81.448756,Giant Eagle Pharmacy #6510 #G00197,Pfizer-BioNTech - Ages 12 years and older,740-374-3127,http://www.gianteagle.com/COVIDvaccine,http://www.gianteagle.com/COVIDvaccine,128 Gross Street,Marietta,45750,Washington County
41.101107,-80.756949,Giant Eagle Pharmacy #4078 #G00152,Pfizer-BioNTech - Ages 12 years and older,330-793-9345,http://www.gianteagle.com/COVIDvaccine,http://www.gianteagle.com/COVIDvaccine,5220 Mahoning Avenue,Youngstown,44515,Mahoning County
39.422297,-81.448756,Giant Eagle Pharmacy #6510 #G00197,Moderna - Ages 12 years and older,740-374-3127,http://www.gianteagle.com/COVIDvaccine,http://www.gianteagle.com/COVIDvaccine,128 Gross Street,Marietta,45750,Washington County
41.072017,-80.657056,Rite Aid #RA103117,Moderna - Ages 12 years and older,330-782-8240,https://www.riteaid.com,https://www.riteaid.com/pharmacy/scheduler,2701 MARKET STREET,YOUNGSTOWN,44507-1612,Mahoning County
41.521386,-81.452402,Giant Eagle Pharmacy #5836 #G00174,Pfizer-BioNTech - Ages 12 years and older,440-449-3940,http://www.gianteagle.com/COVIDvaccine,http://www.gianteagle.com/COVIDvaccine,6259 Mayfield Road,Mayfield Heights,44124,Cuyahoga County
41.086043,-81.443817,Acme Pharmacy,Pfizer-BioNTech - Ages 12 years and older,(330) 633-2200,http://www.acmestores.com,http://gettheshot.coronavirus.ohio.gov,600 South Ave.,Tallmadge,44278,Summit County
41.309474,-81.442068,Giant Eagle Pharmacy #0224 #G00071,Pfizer-BioNTech - Ages 12 years and older,330-405-7105,http://www.gianteagle.com/COVIDvaccine,http://www.gianteagle.com/COVIDvaccine,8960 Darrow RD,Twinsburg,44087,Summit County
41.367287,-81.856066,Giant Eagle Pharmacy #2108 #G00109,Pfizer-BioNTech - Ages 12 years and older,440-826-9104,http://www.gianteagle.com/COVIDvaccine,http://www.gianteagle.com/COVIDvaccine,50 West Bridge St,Berea,44017,Cuyahoga County
41.43174,-81.729983,Giant Eagle Pharmacy #6376 #G00183,Moderna - Ages 12 years and older,216-739-4125,http://www.gianteagle.com/COVIDvaccine,http://www.gianteagle.com/COVIDvaccine,6300 Biddulph Rd.,Brooklyn,44144,Cuyahoga County
41.126146,-81.602149,Giant Eagle Pharmacy #4025 #G00136,Pfizer-BioNTech - Ages 12 years and older,330-836-2036,http://www.gianteagle.com/COVIDvaccine,http://www.gianteagle.com/COVIDvaccine,2775 West Market Street,Fairlawn,44333,Summit County
40.796173,-81.415221,Giant Eagle Pharmacy #4034 #G00141,Pfizer-BioNTech - Ages 12 years and older,330-452-5905,http://www.gianteagle.com/COVIDvaccine,http://www.gianteagle.com/COVIDvaccine,608 Raff Road SW,Canton,44710,Stark County
41.235618,-80.557663,Giant Eagle Pharmacy #1435 #G00098,Pfizer-BioNTech - Ages 12 years and older,330-448-6480,http://www.gianteagle.com/COVIDvaccine,http://www.gianteagle.com/COVIDvaccine,7229 Warren Sharon Road,Brookfield,44403,Trumbull County
41.423331,-82.343663,Giant Eagle Pharmacy #1238 #G00089,Pfizer-BioNTech - Ages 12 years and older,440-967-1220,http://www.gianteagle.com/COVIDvaccine,http://www.gianteagle.com/COVIDvaccine,4453 Liberty Avenue,Vermilion,44089,Lorain County
41.389428,-81.526133,Giant Eagle Pharmacy #0209 #G00066,Moderna - Ages 12 years and older,440-439-1416,http://www.gianteagle.com/COVIDvaccine,http://www.gianteagle.com/COVIDvaccine,900 Northfield RD,Bedford,44146,Cuyahoga County
41.153005,-81.408495,Giant Eagle Pharmacy #4096 #G00158,Moderna - Ages 12 years and older,330-686-9121,http://www.gianteagle.com/COVIDvaccine,http://www.gianteagle.com/COVIDvaccine,4300 Kent Road,Stow,44224,Summit County
41.707108,-81.359243,Giant Eagle Pharmacy #1217 #G00088,Moderna - Ages 12 years and older,440-306-0011,http://www.gianteagle.com/COVIDvaccine,http://www.gianteagle.com/COVIDvaccine,6079 Andrews Road,Mentor-on-the-Lake,44060,Lake County
41.38977,-82.109981,Giant Eagle Pharmacy #6375 #G00182,Moderna - Ages 12 years and older,440-324-1742,http://www.gianteagle.com/COVIDvaccine,http://www.gianteagle.com/COVIDvaccine,320 Market Drive,Elyria,44035,Lorain County
40.671886,-80.585417,Giant Eagle Pharmacy #1475 #G00099,Moderna - Ages 12 years and older,330-385-2327,http://www.gianteagle.com/COVIDvaccine,http://www.gianteagle.com/COVIDvaccine,15937 State Route 170,East Liverpool,43920,Columbiana County
40.621157,-80.574657,Giant Eagle Pharmacy #1479 #G00101,Moderna - Ages 12 years and older,330-385-7554,http://www.gianteagle.com/COVIDvaccine,http://www.gianteagle.com/COVIDvaccine,619 Bradshaw Avenue,East Liverpool,43920,Columbiana County
41.685034,-81.341051,Giant Eagle Pharmacy #1282 #G00091,Pfizer-BioNTech - Ages 12 years and older,440-701-1004,http://www.gianteagle.com/COVIDvaccine,http://www.gianteagle.com/COVIDvaccine,8383 Tyler Blvd.,Mentor,44060,Lake County
41.01222,-81.552415,Acme Pharmacy,Pfizer-BioNTech - Ages 12 years and older,(330)644-0350,http://www.acmestores.com,http://gettheshot.coronavirus.ohio.gov,3235 Manchester Rd,Akron,44319,Summit County
40.800868,-81.49723,Giant Eagle Pharmacy #4152 #G00163,Moderna - Ages 12 years and older,330-833-4890,http://www.gianteagle.com/COVIDvaccine,http://www.gianteagle.com/COVIDvaccine,2032 Lincoln Way East,Massillon,44646,Stark County
41.630377,-81.427748,Giant Eagle Pharmacy #6381 #G00187,Pfizer-BioNTech - Ages 12 years and older,440-946-7714,http://www.gianteagle.com/COVIDvaccine,http://www.gianteagle.com/COVIDvaccine,36475 Euclid Ave.,Willoughby,44094,Lake County
41.364638,-81.687905,Giant Eagle Pharmacy #6388 #G00190,Pfizer-BioNTech - Ages 12 years and older,216-328-8263,http://www.gianteagle.com/COVIDvaccine,http://www.gianteagle.com/COVIDvaccine,7400 Broadview Road,Parma,44134,Cuyahoga County
39.908383,-82.775668,Giant Eagle Pharmacy #6514 #G00200,Moderna - Ages 12 years and older,614-866-3756,http://www.gianteagle.com/COVIDvaccine,http://www.gianteagle.com/COVIDvaccine,873 Refugee Road,Pickerington,43147,Fairfield County
41.045376,-81.696417,Giant Eagle Pharmacy #4601 #G00166,Moderna - Ages 12 years and older,330-336-8990,http://www.gianteagle.com/COVIDvaccine,http://www.gianteagle.com/COVIDvaccine,825 Ambassador Drive,Wadsworth,44281,Medina County
41.137129,-81.508977,Acme Pharmacy,Moderna - Ages 12 years and older,(330)929-2831,http://www.acmestores.com,http://gettheshot.coronavirus.ohio.gov,2226 State Rd.,Cuyahoga Falls,44223,Summit County
40.640834,-81.442233,Giant Eagle Pharmacy #4016 #G00134,Pfizer-BioNTech - Ages 12 years and older,330-874-3723,http://www.gianteagle.com/COVIDvaccine,http://www.gianteagle.com/COVIDvaccine,11031 State Route 212 N.E.,Bolivar,44612,Tuscarawas County
41.707108,-81.359243,Giant Eagle Pharmacy #1217 #G00088,Pfizer-BioNTech - Ages 12 years and older,440-306-0011,http://www.gianteagle.com/COVIDvaccine,http://www.gianteagle.com/COVIDvaccine,6079 Andrews Road,Mentor-on-the-Lake,44060,Lake County
39.945476,-82.989298,Giant Eagle Pharmacy #2465 #G00196,Pfizer-BioNTech - Ages 12 years and older,614-443-5232,http://www.gianteagle.com/COVIDvaccine,http://www.gianteagle.com/COVIDvaccine,1380 S Fourth Street,Columbus,43207,Franklin County
41.138081,-81.642037,Acme Pharmacy,Pfizer-BioNTech - Ages 12 years and older,(330)666-3300,http://www.acmestores.com,http://gettheshot.coronavirus.ohio.gov,3979 Medina Rd.,Akron,44333,Summit County
41.367287,-81.856066,Giant Eagle Pharmacy #2108 #G00109,Moderna - Ages 12 years and older,440-826-9104,http://www.gianteagle.com/COVIDvaccine,http://www.gianteagle.com/COVIDvaccine,50 West Bridge St,Berea,44017,Cuyahoga County
40.900756,-81.13133,Giant Eagle Pharmacy #1605 #G00103,Pfizer-BioNTech - Ages 12 years and older,330-829-3192,http://www.gianteagle.com/COVIDvaccine,http://www.gianteagle.com/COVIDvaccine,1800 West State Street,Alliance,44601,Stark County
41.378441,-81.739713,Giant Eagle Pharmacy #5817 #G00171,Moderna - Ages 12 years and older,440-888-7392,http://www.gianteagle.com/COVIDvaccine,http://www.gianteagle.com/COVIDvaccine,7939 Day Drive,Parma,44129,Cuyahoga County
41.381967,-81.436535,Giant Eagle Pharmacy #0228 #G00072,Moderna - Ages 12 years and older,440-519-1028,http://www.gianteagle.com/COVIDvaccine,http://www.gianteagle.com/COVIDvaccine,34310 Aurora Road,Solon,44139,Cuyahoga County
40.970386,-81.346958,Giant Eagle Pharmacy #1618 #G00105,Pfizer-BioNTech - Ages 12 years and older,330-877-0221,http://www.gianteagle.com/COVIDvaccine,http://www.gianteagle.com/COVIDvaccine,907 West Maple Street,Hartville,44632,Stark County
40.061235,-83.179805,Giant Eagle Pharmacy #6529 #G00209,Moderna - Ages 12 years and older,614-529-6685,http://www.gianteagle.com/COVIDvaccine,http://www.gianteagle.com/COVIDvaccine,6700 Hayden Run Road,Hilliard,43026,Franklin County
41.099886,-81.450043,Giant Eagle Pharmacy #4030 #G00138,Pfizer-BioNTech - Ages 12 years and older,330-634-0688,http://www.gianteagle.com/COVIDvaccine,http://www.gianteagle.com/COVIDvaccine,205 West Ave.,Tallmadge,44278,Summit County
40.093049,-82.82552,Giant Eagle Pharmacy #6528 #G00208,Pfizer-BioNTech - Ages 12 years and older,614-939-4102,http://www.gianteagle.com/COVIDvaccine,http://www.gianteagle.com/COVIDvaccine,5461 New Albany Road West,New Albany,43054,Franklin County
39.767711,-84.120795,Rite Aid #RA103084,Moderna - Ages 12 years and older,937-256-1901,https://www.riteaid.com,https://www.riteaid.com/pharmacy/scheduler,146 WOODMAN DRIVE,DAYTON,45431-1423,Montgomery County
41.255323,-80.793387,Giant Eagle Pharmacy #1419 #G00096,Pfizer-BioNTech - Ages 12 years and older,330-372-7003,http://www.gianteagle.com/COVIDvaccine,http://www.gianteagle.com/COVIDvaccine,2061 Elm Rd,Warren,44483,Trumbull County
41.157214,-81.400826,Acme Pharmacy,Moderna - Ages 12 years and older,(330)673-1559,http://www.acmestores.com,http://gettheshot.coronavirus.ohio.gov,4445 Kent Rd.,Stow,44224,Summit County
41.024134,-81.640325,Acme Pharmacy,Moderna - Ages 12 years and older,(330)825-2573,http://www.acmestores.com,http://gettheshot.coronavirus.ohio.gov,3200 Greenwich Rd.,Norton,44203,Summit County
40.961553,-81.469059,Giant Eagle Pharmacy #1620 #G00106,Moderna - Ages 12 years and older,330-896-9787,http://www.gianteagle.com/COVIDvaccine,http://www.gianteagle.com/COVIDvaccine,1700 Corporate Woods Parkway,Uniontown,44685,Summit County
41.795157,-80.946229,Giant Eagle Pharmacy #1417 #G00095,Pfizer-BioNTech - Ages 12 years and older,440-466-3005,http://www.gianteagle.com/COVIDvaccine,http://www.gianteagle.com/COVIDvaccine,755 S. Broadway Avenue,Geneva,44041,Ashtabula County
40.034577,-83.133571,Giant Eagle Pharmacy #6531 #G00210,Moderna - Ages 12 years and older,614-921-8260,http://www.gianteagle.com/COVIDvaccine,http://www.gianteagle.com/COVIDvaccine,4001 Britton Parkway,Hilliard,43026,Franklin County
40.875916,-81.368728,Giant Eagle Pharmacy #6378 #G00185,Pfizer-BioNTech - Ages 12 years and older,330-497-0963,http://www.gianteagle.com/COVIDvaccine,http://www.gianteagle.com/COVIDvaccine,1955 East Maple Street,North Canton,44720,Stark County
40.032076000000004,-82.908094,Giant Eagle Pharmacy #6517 #G00202,Moderna - Ages 12 years and older,614-337-0397,http://www.gianteagle.com/COVIDvaccine,http://www.gianteagle.com/COVIDvaccine,2900 Stelzer Road,Columbus,43219,Franklin County
41.236692,-81.809989,Giant Eagle Pharmacy #0229 #G00073,Moderna - Ages 12 years and older,330-225-1159,http://www.gianteagle.com/COVIDvaccine,http://www.gianteagle.com/COVIDvaccine,3440 Center Road,Brunswick,44212,Medina County
41.389428,-81.526133,Giant Eagle Pharmacy #0209 #G00066,Pfizer-BioNTech - Ages 12 years and older,440-439-1416,http://www.gianteagle.com/COVIDvaccine,http://www.gianteagle.com/COVIDvaccine,900 Northfield RD,Bedford,44146,Cuyahoga County
41.118653,-81.587989,Sand Run Pharmacy #3652903,Moderna - Ages 12 years and older,(330) 864-2138,http://www.sandrunpharmacy.com,NA,40 Sand Run Road,Akron,44313,Summit County
41.184263,-80.759374,Giant Eagle Pharmacy #1405 #G00094,Moderna - Ages 12 years and older,330-652-2158,http://www.gianteagle.com/COVIDvaccine,http://www.gianteagle.com/COVIDvaccine,48 Vienna Ave.,Niles,44446,Trumbull County
41.137129,-81.508977,Acme Pharmacy,Pfizer-BioNTech - Ages 12 years and older,(330)929-2831,http://www.acmestores.com,http://gettheshot.coronavirus.ohio.gov,2226 State Rd.,Cuyahoga Falls,44223,Summit County
40.796173,-81.415221,Giant Eagle Pharmacy #4034 #G00141,Moderna - Ages 12 years and older,330-452-5905,http://www.gianteagle.com/COVIDvaccine,http://www.gianteagle.com/COVIDvaccine,608 Raff Road SW,Canton,44710,Stark County
40.875916,-81.368728,Giant Eagle Pharmacy #6378 #G00185,Moderna - Ages 12 years and older,330-497-0963,http://www.gianteagle.com/COVIDvaccine,http://www.gianteagle.com/COVIDvaccine,1955 East Maple Street,North Canton,44720,Stark County
39.896597,-82.884755,Giant Eagle Pharmacy #6537 #G00211,Pfizer-BioNTech - Ages 12 years and older,614-836-8420,http://www.gianteagle.com/COVIDvaccine,http://www.gianteagle.com/COVIDvaccine,3841 S. Hamilton Road,Groveport,43125,Franklin County
41.009302,-81.587232,Giant Eagle Pharmacy #4031 #G00139,Pfizer-BioNTech - Ages 12 years and older,330-861-0849,http://www.gianteagle.com/COVIDvaccine,http://www.gianteagle.com/COVIDvaccine,41 5th Street S.E.,Barberton,44203,Summit County
41.412454,-81.928885,"CVS Pharmacy, Inc. #02587",Moderna - Ages 12 years and older,(440) 716-5166,https://www.cvs.com/store-locator/details-directions/002587,https://www.cvs.com/immunizations/covid-19-vaccine,27713 LORAIN RD.,NORTH OLMSTED,44070,Cuyahoga County
41.099886,-81.450043,Giant Eagle Pharmacy #4030 #G00138,Moderna - Ages 12 years and older,330-634-0688,http://www.gianteagle.com/COVIDvaccine,http://www.gianteagle.com/COVIDvaccine,205 West Ave.,Tallmadge,44278,Summit County
41.41535,-81.535192,Giant Eagle Pharmacy #6414 #G00191,Moderna - Ages 12 years and older,216-332-9592,http://www.gianteagle.com/COVIDvaccine,http://www.gianteagle.com/COVIDvaccine,5321 Warrensville Road,Maple Heights,44137,Cuyahoga County
41.416974,-81.926122,Giant Eagle Pharmacy #6359 #G00181,Pfizer-BioNTech - Ages 12 years and older,440-777-6148,http://www.gianteagle.com/COVIDvaccine,http://www.gianteagle.com/COVIDvaccine,27264 Lorain Rd.,North Olmsted,44070,Cuyahoga County
40.621157,-80.574657,Giant Eagle Pharmacy #1479 #G00101,Pfizer-BioNTech - Ages 12 years and older,330-385-7554,http://www.gianteagle.com/COVIDvaccine,http://www.gianteagle.com/COVIDvaccine,619 Bradshaw Avenue,East Liverpool,43920,Columbiana County
41.032145,-81.426353,Giant Eagle Pharmacy #4029 #G00137,Moderna - Ages 12 years and older,330-628-6067,http://www.gianteagle.com/COVIDvaccine,http://www.gianteagle.com/COVIDvaccine,2801 E. Waterloo Rd.,Akron,44312,Summit County
40.064221,-83.095688,Giant Eagle Pharmacy #6504 #G00194,Pfizer-BioNTech - Ages 12 years and older,614-923-0481,http://www.gianteagle.com/COVIDvaccine,http://www.gianteagle.com/COVIDvaccine,4747 Sawmill Rd,Columbus,43220,Franklin County
40.961553,-81.469059,Giant Eagle Pharmacy #1620 #G00106,Pfizer-BioNTech - Ages 12 years and older,330-896-9787,http://www.gianteagle.com/COVIDvaccine,http://www.gianteagle.com/COVIDvaccine,1700 Corporate Woods Parkway,Uniontown,44685,Summit County
41.02621,-80.678882,Giant Eagle Pharmacy #4075 #G00150,Moderna - Ages 12 years and older,330-726-7142,http://www.gianteagle.com/COVIDvaccine,http://www.gianteagle.com/COVIDvaccine,1201 Doral Drive,Boardman,44512,Mahoning County
41.045376,-81.696417,Giant Eagle Pharmacy #4601 #G00166,Pfizer-BioNTech - Ages 12 years and older,330-336-8990,http://www.gianteagle.com/COVIDvaccine,http://www.gianteagle.com/COVIDvaccine,825 Ambassador Drive,Wadsworth,44281,Medina County
41.202058,-81.433924,Giant Eagle Pharmacy #4032 #G00140,Pfizer-BioNTech - Ages 12 years and older,330-650-4093,http://www.gianteagle.com/COVIDvaccine,http://www.gianteagle.com/COVIDvaccine,1700 Norton Rd.,Stow,44224,Summit County
41.489555,-82.110746,Rite Aid #RA103169,Moderna - Ages 12 years and older,440-949-6239,https://www.riteaid.com,https://www.riteaid.com/pharmacy/scheduler,4106 EAST LAKE ROAD,SHEFFIELD LAKE,44054-1114,Lorain County
40.956833,-81.463945,Acme Pharmacy,Moderna - Ages 12 years and older,(330)899-0653,http://www.acmestores.com,http://gettheshot.coronavirus.ohio.gov,3875 Massillon Rd,Uniontown,44685,Summit County
41.463452,-81.803818,Giant Eagle Pharmacy #1263 #G00090,Moderna - Ages 12 years and older,216-671-6550,http://www.gianteagle.com/COVIDvaccine,http://www.gianteagle.com/COVIDvaccine,15325 Edgecliff Ave.,Cleveland,44111,Cuyahoga County
41.486464,-81.791206,Giant Eagle Pharmacy #5831 #G00173,Moderna - Ages 12 years and older,216-226-1600,http://www.gianteagle.com/COVIDvaccine,http://www.gianteagle.com/COVIDvaccine,14100 Detroit Avenue,Lakewood,44107,Cuyahoga County
40.892874,-81.404895,Acme Pharmacy,Moderna - Ages 12 years and older,(330)497-0645,http://www.acmestores.com,http://gettheshot.coronavirus.ohio.gov,1474 N Main St,North Canton,44720,Stark County
41.157214,-81.400826,Acme Pharmacy,Pfizer-BioNTech - Ages 12 years and older,(330)673-1559,http://www.acmestores.com,http://gettheshot.coronavirus.ohio.gov,4445 Kent Rd.,Stow,44224,Summit County
41.045386,-81.570354,Acme Pharmacy,Moderna - Ages 12 years and older,(330)753-5021,http://www.acmestores.com,http://gettheshot.coronavirus.ohio.gov,2147 East Ave.,Akron,44314,Summit County
40.266539,-81.858719,Coshocton County Health Department,Pfizer-BioNTech - Ages 12 years and older,(740) 622-2999,NA,http://gettheshot.coronavirus.ohio.gov,724 S 7th Street,Coshocton,43812,Coshocton County
40.488915,-81.44425,New Philadelphia City Health District,Pfizer-BioNTech - Ages 5 through 11 years,(330) 364-4491 ext 1208,NA,http://gettheshot.coronavirus.ohio.gov,150 E. High Ave Ste 011,New Philadelphia,44663,Tuscarawas County
39.397238,-84.561722,Butler County General Health District,Pfizer-BioNTech - Ages 6 months through 4 years,513-863-1770,NA,http://gettheshot.coronavirus.ohio.gov,301 South Third Street,Hamilton,45011,Butler County
39.604616,-82.94901,Pickaway County General Health District,Pfizer-BioNTech - Ages 5 through 11 years,(740) 477-9667,http://pchd.org,http://gettheshot.coronavirus.ohio.gov,110 Island Road,Circleville,43113,Pickaway County
39.467158,-83.836413,Champaign Health District,Pfizer-BioNTech - Ages 12 years and older,(937) 484-1605,NA,http://gettheshot.coronavirus.ohio.gov,1512 S US Hwy 68,Urbana,43078,Clinton County
40.586875,-83.129172,Marion Public Health,Moderna - Ages 12 years and older,(740) 387-6520,NA,http://gettheshot.coronavirus.ohio.gov,181 S Main St,Marion,43302,Marion County
38.796073,-83.533735,Adams County Health Department,Pfizer-BioNTech - Ages 5 through 11 years,937-544-5547,NA,http://gettheshot.coronavirus.ohio.gov,923 Sunrise Avenue,West Union,45693,Adams County
41.157789,-81.22543,Portage County Health Department,Pfizer-BioNTech - Ages 5 through 11 years,(330) 296-9919 ext 2,NA,http://gettheshot.coronavirus.ohio.gov,999 E. Main ST,Ravenna,44266,Portage County
40.224203,-83.369423,Union County Health Department,Pfizer-BioNTech - Ages 12 years and older,(937) 642-2053,http://uchdclinic.org,http://uchdclinic.org,940 London Avenue,Marysville,43040,Union County
41.157789,-81.22543,Portage County Health Department,Pfizer-BioNTech - Ages 12 years and older,(330) 296-9919 ext 2,NA,http://gettheshot.coronavirus.ohio.gov,999 E. Main ST,Ravenna,44266,Portage County
40.403843,-82.436495,Knox Public Health,Pfizer-BioNTech - Ages 6 months through 4 years,(740) 392-2200,NA,http://gettheshot.coronavirus.ohio.gov,11660 Upper Gilchrist Road,Mt. Vernon,43050,Knox County
41.346903,-82.135237,Lorain County General Health District,Pfizer-BioNTech - Ages 12 years and older,(440) 322-6367,NA,http://gettheshot.coronavirus.ohio.gov,9880 Murray Ridge Rd,Elyria,44035,Lorain County
39.082905,-84.14388,Clermont County General Health District,Pfizer-BioNTech - Ages 6 months through 4 years,(513) 735-8400,https://ccphohio.org/,http://gettheshot.coronavirus.ohio.gov,"2400 Clermont Center Drive, Suite 200",Batavia,45103,Clermont County
40.885638,-81.424386,Stark County General Combined Health District,Pfizer-BioNTech - Ages 12 years and older,(330) 493-9914,NA,http://gettheshot.coronavirus.ohio.gov,7235 Whipple AVE  NW,North Canton,44720,Stark County
41.098239,-80.651334,Youngstown City Health District,Pfizer-BioNTech - Ages 5 through 11 years,(330) 742-8221,NA,http://gettheshot.coronavirus.ohio.gov,9 West Front Street,Youngstown,44503,Mahoning County
40.042288,-84.208176,Miami County Public Health,Pfizer-BioNTech - Ages 6 months through 4 years,(937) 573-3528,NA,http://gettheshot.coronavirus.ohio.gov,510 W Water St,Troy,45373-2985,Miami County
38.766187,-82.89101,Portsmouth City Health Department,Moderna - Ages 12 years and older,(740) 353-8863 ext 252,NA,http://gettheshot.coronavirus.ohio.gov,605 Washington Street,Portsmouth,45662,Scioto County
41.114294,-81.574124,Summit County Public Health,Pfizer-BioNTech - Ages 12 years and older,(330) 812-3928,NA,http://gettheshot.coronavirus.ohio.gov,1867 W. Market Street,Akron,44313,Summit County
40.347119,-83.75805,Logan County Health District,Pfizer-BioNTech - Ages 5 through 11 years,(937) 592-9040,NA,http://gettheshot.coronavirus.ohio.gov,301 East Lake Street,Bellefontaine,43311,Logan County
40.266539,-81.858719,Coshocton County Health Department,Moderna - Ages 6 months through 11 years,(740) 622-2999,NA,http://gettheshot.coronavirus.ohio.gov,724 S 7th Street,Coshocton,43812,Coshocton County
39.903428,-83.428167,Madison County Public Health,Pfizer-BioNTech - Ages 12 years and older,(740) 852-3065 ext 1526,NA,http://gettheshot.coronavirus.ohio.gov,306 Lafayette Street,London,43140,Madison County
39.397238,-84.561722,Butler County General Health District,Moderna - Ages 12 years and older,513-863-1770,NA,http://gettheshot.coronavirus.ohio.gov,301 South Third Street,Hamilton,45011,Butler County
41.588571,-84.595451,Williams County Health Department,Moderna - Ages 12 years and older,(419) 485-3141,NA,http://gettheshot.coronavirus.ohio.gov,310 Lincoln Ave.,Montpelier,43543,Williams County
41.066135,-83.620293,Hancock Public Health,Pfizer-BioNTech - Ages 6 months through 4 years,(419) 424-7441 ext 2,NA,http://gettheshot.coronavirus.ohio.gov,2225 Keith Parkway,Findlay,45840,Hancock County
40.02808,-81.577508,Guernsey County Health Department,Moderna - Ages 12 years and older,(740) 439-3577,NA,http://gettheshot.coronavirus.ohio.gov,326 Highland Avenue,Cambridge,43725,Guernsey County
41.411322,-81.781095,Cuyahoga County Board of Health,Pfizer-BioNTech - Ages 5 through 11 years,(216) 201-2041,NA,http://gettheshot.coronavirus.ohio.gov,5550 Venture Drive,Parma,44130,Cuyahoga County
40.55537,-81.920145,Holmes County General Health District,Moderna - Ages 12 years and older,(330) 674-5035,NA,http://gettheshot.coronavirus.ohio.gov,85 N Grant St.,Millersurg,44654,Holmes County
39.94378,-82.004181,Zanesville Muskingum County Health Department,Pfizer-BioNTech - Ages 5 through 11 years,(740) 454-9741 ext 2,NA,http://gettheshot.coronavirus.ohio.gov,205 N 7th Street,Zanesville,43701,Muskingum County
39.736058,-81.522399,Noble County Health Department,Pfizer-BioNTech - Ages 12 years and older,(740) 732-4958,NA,http://gettheshot.coronavirus.ohio.gov,44069 Marietta RD,Caldwell,43724-9124,Noble County
39.467158,-83.836413,Champaign Health District,Pfizer-BioNTech - Ages 6 months through 4 years,(937) 484-1605,NA,http://gettheshot.coronavirus.ohio.gov,1512 S US Hwy 68,Urbana,43078,Clinton County
39.53426,-83.436883,Fayette County Public Health,Moderna - Ages 12 years and older,(740) 335-5910,NA,http://gettheshot.coronavirus.ohio.gov,317 S Fayette St,Washington CH,43160,Fayette County
39.963683,-82.993245,Franklin County Public Health,Pfizer-BioNTech - Ages 6 months through 4 years,(614) 525-3160,NA,http://gettheshot.coronavirus.ohio.gov,280 E. Broad St. Suite 200,Columbus,43215,Franklin County
41.114294,-81.574124,Summit County Public Health,Pfizer-BioNTech - Ages 5 through 11 years,(330) 812-3928,NA,http://gettheshot.coronavirus.ohio.gov,1867 W. Market Street,Akron,44313,Summit County
40.740398,-84.102485,Allen County Health Department,Pfizer-BioNTech - Ages 5 through 11 years,419-228-4457,NA,http://gettheshot.coronavirus.ohio.gov,219 E Market Street,Lima,45801,Allen County
41.737963,-80.770326,Ashtabula County Health Department,Pfizer-BioNTech - Ages 6 months through 4 years,440-576-6010,NA,http://gettheshot.coronavirus.ohio.gov,12 W. Jefferson St,Jefferson,44047,Ashtabula County
41.098239,-80.651334,Youngstown City Health District,Moderna - Ages 12 years and older,(330) 742-8221,NA,http://gettheshot.coronavirus.ohio.gov,9 West Front Street,Youngstown,44503,Mahoning County
40.857114,-82.329844,Ashland County General Health District,Pfizer-BioNTech - Ages 6 months through 4 years,419-282-4231,NA,http://gettheshot.coronavirus.ohio.gov,1211 Claremont Ave,Ashland,44805,Ashland County
39.94378,-82.004181,Zanesville Muskingum County Health Department,Moderna - Ages 12 years and older,(740) 454-9741 ext 2,NA,http://gettheshot.coronavirus.ohio.gov,205 N 7th Street,Zanesville,43701,Muskingum County
39.289142,-84.48481,Springdale Health Department,Moderna - Ages 12 years and older,(513) 346-5725,NA,http://gettheshot.coronavirus.ohio.gov,11700 Springfield Pike,Springdale,45246,Hamilton County
39.037169,-82.044502,Meigs County Health Department,Moderna - Ages 12 years and older,(740) 992-6626,NA,http://gettheshot.coronavirus.ohio.gov,112 East Memorial Drive,Pomeroy,45769,Meigs County
41.011185,-84.046024,Putnam County Health Department,Moderna - Ages 12 years and older,(419) 523-5608 ext 107,NA,http://gettheshot.coronavirus.ohio.gov,256 E Williamstown Rd,Ottawa,45875,Putnam County
39.443216,-83.852355,Clinton County Health District,Moderna - Ages 12 years and older,937-382-7221,NA,http://gettheshot.coronavirus.ohio.gov,111 S Nelson Ave Suite 1,Wilmington,45177,Clinton County
41.359036,-83.087053,Sandusky County General Health District,Moderna - Ages 12 years and older,(419) 334-6377,NA,http://gettheshot.coronavirus.ohio.gov,2000 Countryside Dr.,Fremont,43420,Sandusky County
41.540959,-84.135516,Fulton County Health Department,Moderna - Ages 12 years and older,(419) 337-0915,NA,http://gettheshot.coronavirus.ohio.gov,606 South Shoop Ave.,Wauseon,43567,Fulton County
41.459207,-81.737565,Neighborhood Family Practice Ridge,Moderna - Ages 12 years and older,(216) 281-0872,NA,http://gettheshot.coronavirus.ohio.gov,3569 Ridge Road,Cleveland,44102,Cuyahoga County
40.580857,-84.204746,Auglaize County Health Department,Moderna - Ages 12 years and older,(419) 738-3410,NA,http://gettheshot.coronavirus.ohio.gov,813 Defiance St.,Wapakoneta,45895,Auglaize County
39.330354,-82.113611,Athens City County Health Department,Pfizer-BioNTech - Ages 5 through 11 years,740-592-4431 ext 222,NA,http://gettheshot.coronavirus.ohio.gov,278 West Union Street,Athens,45701,Athens County
39.729609,-84.647626,PREBLE COUNTY GENERAL HEALTH DISTRICT,Pfizer-BioNTech - Ages 12 years and older,(937) 472-0087 ext 3,NA,http://gettheshot.coronavirus.ohio.gov,615 Hilcrest Drive,Eaton,45320,Preble County
40.042288,-84.208176,Miami County Public Health,Moderna - Ages 12 years and older,(937) 573-3528,NA,http://gettheshot.coronavirus.ohio.gov,510 W Water St,Troy,45373-2985,Miami County
39.082905,-84.14388,Clermont County General Health District,Pfizer-BioNTech - Ages 12 years and older,(513) 735-8400,https://ccphohio.org/,http://gettheshot.coronavirus.ohio.gov,"2400 Clermont Center Drive, Suite 200",Batavia,45103,Clermont County
40.791523,-82.968218,Crawford County Public Health,Moderna - Ages 12 years and older,(419) 562-5871 ext 3,NA,http://gettheshot.coronavirus.ohio.gov,1520 Isaac Beal Rd.,Bucyrus,44820,Crawford County
40.042288,-84.208176,Miami County Public Health,Pfizer-BioNTech - Ages 12 years and older,(937) 573-3528,NA,http://gettheshot.coronavirus.ohio.gov,510 W Water St,Troy,45373-2985,Miami County
41.098718,-80.749589,Mahoning County District Board of Health,Pfizer-BioNTech - Ages 5 through 11 years,(330) 270-2855 ext 3,NA,http://gettheshot.coronavirus.ohio.gov,50 Westchester Dr,Youngstown,44515,Mahoning County
41.540959,-84.135516,Fulton County Health Department,Pfizer-BioNTech - Ages 12 years and older,(419) 337-0915,NA,http://gettheshot.coronavirus.ohio.gov,606 South Shoop Ave.,Wauseon,43567,Fulton County
41.066135,-83.620293,Hancock Public Health,Pfizer-BioNTech - Ages 12 years and older,(419) 424-7441 ext 2,NA,http://gettheshot.coronavirus.ohio.gov,2225 Keith Parkway,Findlay,45840,Hancock County
39.330354,-82.113611,Athens City County Health Department,Moderna - Ages 6 months through 11 years,740-592-4431 ext 222,NA,http://gettheshot.coronavirus.ohio.gov,278 West Union Street,Athens,45701,Athens County
39.729609,-84.647626,PREBLE COUNTY GENERAL HEALTH DISTRICT,Pfizer-BioNTech - Ages 6 months through 4 years,(937) 472-0087 ext 3,NA,http://gettheshot.coronavirus.ohio.gov,615 Hilcrest Drive,Eaton,45320,Preble County
38.8433,-82.243984,Gallia County General Health District,Pfizer-BioNTech - Ages 6 months through 4 years,(740) 441-2018,NA,http://gettheshot.coronavirus.ohio.gov,499 Jackson Pike,Gallipolis,45631,Gallia County
40.266539,-81.858719,Coshocton County Health Department,Pfizer-BioNTech - Ages 5 through 11 years,(740) 622-2999,NA,http://gettheshot.coronavirus.ohio.gov,724 S 7th Street,Coshocton,43812,Coshocton County
40.79364,-80.779069,Columbiana County Health Dept,Pfizer-BioNTech - Ages 12 years and older,(330) 424-0272 ext 116,NA,http://gettheshot.coronavirus.ohio.gov,7360 SR 45,Lisbon,44432,Columbiana County
39.75753,-84.191978,Public Health - Dayton & Montgomery County,Pfizer-BioNTech - Ages 6 months through 4 years,(937) 225-5700,NA,http://gettheshot.coronavirus.ohio.gov,117 S. Main St,Dayton,45422,Montgomery County
39.75753,-84.191978,Public Health - Dayton & Montgomery County,Pfizer-BioNTech - Ages 5 through 11 years,(937) 225-5700,NA,http://gettheshot.coronavirus.ohio.gov,117 S. Main St,Dayton,45422,Montgomery County
40.224203,-83.369423,Union County Health Department,Pfizer-BioNTech - Ages 5 through 11 years,(937) 642-2053,http://uchdclinic.org,http://uchdclinic.org,940 London Avenue,Marysville,43040,Union County
41.160303999999996,-81.85953,Medina County Combined General Health District,Pfizer-BioNTech - Ages 5 through 11 years,(330) 723-9688 ext 1,NA,http://gettheshot.coronavirus.ohio.gov,4800 Ledgewood Drive,Medina,44256,Medina County
40.549731,-84.573427,Mercer County Health District,Pfizer-BioNTech - Ages 12 years and older,(419) 586-3251,NA,http://gettheshot.coronavirus.ohio.gov,"220 W. Livingston St., B152",Celina,45822,Mercer County
40.403843,-82.436495,Knox Public Health,Pfizer-BioNTech - Ages 5 through 11 years,(740) 392-2200,NA,http://gettheshot.coronavirus.ohio.gov,11660 Upper Gilchrist Road,Mt. Vernon,43050,Knox County
40.080481,-80.970029,Belmont County Health Department,Moderna - Ages 12 years and older,740-695-1202,NA,http://gettheshot.coronavirus.ohio.gov,68501 Bannock Road,St. Clairsville,43950,Belmont County
39.545484,-82.427411,Hocking County Health Department,Pfizer-BioNTech - Ages 6 months through 4 years,(740) 385-3030 ext 251,NA,http://gettheshot.coronavirus.ohio.gov,350 State Route 664 N,Logan,43138,Hocking County
39.736058,-81.522399,Noble County Health Department,Pfizer-BioNTech - Ages 6 months through 4 years,(740) 732-4958,NA,http://gettheshot.coronavirus.ohio.gov,44069 Marietta RD,Caldwell,43724-9124,Noble County
40.289798,-80.984474,Harrison County General Health District,Moderna - Ages 12 years and older,(740) 942-2616 ext 120,NA,http://gettheshot.coronavirus.ohio.gov,538 North Main Street,Cadiz,43907,Harrison County
39.443216,-83.852355,Clinton County Health District,Pfizer-BioNTech - Ages 12 years and older,937-382-7221,NA,http://gettheshot.coronavirus.ohio.gov,111 S Nelson Ave Suite 1,Wilmington,45177,Clinton County
40.107994,-84.633892,Darke County General Health District,Pfizer-BioNTech - Ages 5 through 11 years,(937) 548-4196,NA,http://gettheshot.coronavirus.ohio.gov,300 Garst Avenue,Greenville,45331,Darke County
38.895496,-82.571145,Jackson County Combined General Health District,Moderna - Ages 12 years and older,(740) 286-5094 ext 2826,NA,http://gettheshot.coronavirus.ohio.gov,200 E Main St,Jackson,45640,Jackson County
39.729609,-84.647626,PREBLE COUNTY GENERAL HEALTH DISTRICT,Pfizer-BioNTech - Ages 5 through 11 years,(937) 472-0087 ext 3,NA,http://gettheshot.coronavirus.ohio.gov,615 Hilcrest Drive,Eaton,45320,Preble County
40.857114,-82.329844,Ashland County General Health District,Pfizer-BioNTech - Ages 12 years and older,419-282-4231,NA,http://gettheshot.coronavirus.ohio.gov,1211 Claremont Ave,Ashland,44805,Ashland County
40.098647,-82.44756,Licking County Health Department,Pfizer-BioNTech - Ages 5 through 11 years,(740) 349-6535,NA,http://gettheshot.coronavirus.ohio.gov,675 Price Road,Newark,43055,Licking County
41.540959,-84.135516,Fulton County Health Department,Pfizer-BioNTech - Ages 6 months through 4 years,(419) 337-0915,NA,http://gettheshot.coronavirus.ohio.gov,606 South Shoop Ave.,Wauseon,43567,Fulton County
38.734781,-83.000152,Scioto County Health Department aka Scioto County Board of Health,Moderna - Ages 12 years and older,(740) 355-8358,http://www.sciotocountyhealthdepartment.com,http://gettheshot.coronavirus.ohio.gov,612 6th St,Portsmouth,45662,Scioto County
40.647058,-83.608784,Kenton Hardin Health Department,Moderna - Ages 12 years and older,(419) 673-6230 ext 1021,NA,http://gettheshot.coronavirus.ohio.gov,175 W. Franklin St,Kenton,43326,Hardin County
39.397238,-84.561722,Butler County General Health District,Pfizer-BioNTech - Ages 12 years and older,513-863-1770,NA,http://gettheshot.coronavirus.ohio.gov,301 South Third Street,Hamilton,45011,Butler County
41.448707,-82.743438,Erie County Health Department/Erie County Community Health Center,Pfizer-BioNTech - Ages 5 through 11 years,(419) 626-5623,NA,http://gettheshot.coronavirus.ohio.gov,420 Superior Street,Sandusky,44870,Erie County
40.857114,-82.329844,Ashland County General Health District,Pfizer-BioNTech - Ages 5 through 11 years,419-282-4231,NA,http://gettheshot.coronavirus.ohio.gov,1211 Claremont Ave,Ashland,44805,Ashland County
40.79654,-81.941439,Wayne County Health Department,Pfizer-BioNTech - Ages 6 months through 4 years,(330) 264-9590 ext 3,NA,http://gettheshot.coronavirus.ohio.gov,203 S. Walnut Street,Wooster,44691,Wayne County
41.657973,-83.533796,Toledo Lucas County Health Department,Pfizer-BioNTech - Ages 5 through 11 years,(419) 213-4121,NA,http://gettheshot.coronavirus.ohio.gov,635 N. Erie Street,Toledo,43604,Lucas County
41.153018,-81.355668,Kent City Health Department,Moderna - Ages 12 years and older,(330) 678-8109,NA,http://gettheshot.coronavirus.ohio.gov,201 East Erie St,Kent,44240,Portage County
41.479809,-81.716175,Cleveland Department of Public Health,Pfizer-BioNTech - Ages 6 months through 4 years,(216) 664-2324 ext 3,NA,http://gettheshot.coronavirus.ohio.gov,4242 Lorain Ave.,Cleveland,44113,Cuyahoga County
41.157789,-81.22543,Portage County Health Department,Moderna - Ages 12 years and older,(330) 296-9919 ext 2,NA,http://gettheshot.coronavirus.ohio.gov,999 E. Main ST,Ravenna,44266,Portage County
39.759296,-81.108661,Monroe County Health Department,Moderna - Ages 6 months through 11 years,(740) 472-1677 ext 3,NA,http://gettheshot.coronavirus.ohio.gov,118 Home Ave,Woodsfield,43793,Monroe County
39.232066,-83.61206,Highland County General Health District,Pfizer-BioNTech - Ages 12 years and older,(937) 393-1941 ext 1,NA,http://gettheshot.coronavirus.ohio.gov,1487 N. High Street,Hillsboro,45133,Highland County
40.12655,-82.932043,Uptown Pharmacy #3610688,Pfizer-BioNTech - Ages 12 years and older,(614) 882-2392,http://uptownrx.com,NA,23 North State Street,Westerville,43081,Franklin County
40.360192,-80.616824,Jefferson County Health Department,Moderna - Ages 12 years and older,740-283-8530,NA,http://gettheshot.coronavirus.ohio.gov,500 Market St,Steubenville,43952,Jefferson County
41.066135,-83.620293,Hancock Public Health,Pfizer-BioNTech - Ages 5 through 11 years,(419) 424-7441 ext 2,NA,http://gettheshot.coronavirus.ohio.gov,2225 Keith Parkway,Findlay,45840,Hancock County
40.514986,-81.451974,Tuscarawas County Health Department,Pfizer-BioNTech - Ages 6 months through 4 years,(330) 343-5555,NA,http://gettheshot.coronavirus.ohio.gov,897 East Iron Avenue,Dover,44622,Tuscarawas County
40.403843,-82.436495,Knox Public Health,Moderna - Ages 6 months through 11 years,(740) 392-2200,NA,http://gettheshot.coronavirus.ohio.gov,11660 Upper Gilchrist Road,Mt. Vernon,43050,Knox County
40.793808,-81.523427,Massillon City Health Department,Moderna - Ages 12 years and older,(330) 830-1713,NA,http://gettheshot.coronavirus.ohio.gov,111 Tremont Ave SW,Massillon,44647,Stark County
38.734781,-83.000152,Scioto County Health Department aka Scioto County Board of Health,Pfizer-BioNTech - Ages 12 years and older,(740) 355-8358,http://www.sciotocountyhealthdepartment.com,http://gettheshot.coronavirus.ohio.gov,612 6th St,Portsmouth,45662,Scioto County
39.441563,-81.459176,Washington County Health Department,Moderna - Ages 12 years and older,(740) 374-2782 ext 2,NA,http://gettheshot.coronavirus.ohio.gov,342 Muskingum Dr.,Marietta,45750,Washington County
39.736058,-81.522399,Noble County Health Department,Pfizer-BioNTech - Ages 5 through 11 years,(740) 732-4958,NA,http://gettheshot.coronavirus.ohio.gov,44069 Marietta RD,Caldwell,43724-9124,Noble County
41.412354,-84.119054,Henry County Combined General Health District,Moderna - Ages 6 months through 11 years,(419) 599-5545,NA,http://gettheshot.coronavirus.ohio.gov,1843 Oakwood Avenue,Napoleon,43545,Henry County
41.479809,-81.716175,Cleveland Department of Public Health,Moderna - Ages 12 years and older,(216) 664-2324 ext 3,NA,http://gettheshot.coronavirus.ohio.gov,4242 Lorain Ave.,Cleveland,44113,Cuyahoga County
41.657973,-83.533796,Toledo Lucas County Health Department,Moderna - Ages 12 years and older,(419) 213-4121,NA,http://gettheshot.coronavirus.ohio.gov,635 N. Erie Street,Toledo,43604,Lucas County
40.79364,-80.779069,Columbiana County Health Dept,Moderna - Ages 12 years and older,(330) 424-0272 ext 116,NA,http://gettheshot.coronavirus.ohio.gov,7360 SR 45,Lisbon,44432,Columbiana County
39.261288,-82.477497,Vinton County Health Department,Pfizer-BioNTech - Ages 5 through 11 years,(740) 596-5233,NA,http://gettheshot.coronavirus.ohio.gov,31927 State Route 93,McArthur,45651,Vinton County
41.229703,-82.599903,Huron County Public Health,Pfizer-BioNTech - Ages 6 months through 4 years,(419) 668-1652 ext 241,https://www.huroncohealth.com/,http://gettheshot.coronavirus.ohio.gov,28 Executive Drive,Norwalk,44857,Huron County
40.299988,-83.068314,Delaware Public Health District,Moderna - Ages 12 years and older,(740) 368-1700 ext 4,NA,http://gettheshot.coronavirus.ohio.gov,3 W. Winter St,Delaware,43015,Delaware County
39.037169,-82.044502,Meigs County Health Department,Pfizer-BioNTech - Ages 5 through 11 years,(740) 992-6626,NA,http://gettheshot.coronavirus.ohio.gov,112 East Memorial Drive,Pomeroy,45769,Meigs County
39.330354,-82.113611,Athens City County Health Department,Pfizer-BioNTech - Ages 6 months through 4 years,740-592-4431 ext 222,NA,http://gettheshot.coronavirus.ohio.gov,278 West Union Street,Athens,45701,Athens County
41.588571,-84.595451,Williams County Health Department,Pfizer-BioNTech - Ages 12 years and older,(419) 485-3141,NA,http://gettheshot.coronavirus.ohio.gov,310 Lincoln Ave.,Montpelier,43543,Williams County
40.02808,-81.577508,Guernsey County Health Department,Pfizer-BioNTech - Ages 5 through 11 years,(740) 439-3577,NA,http://gettheshot.coronavirus.ohio.gov,326 Highland Avenue,Cambridge,43725,Guernsey County
41.160303999999996,-81.85953,Medina County Combined General Health District,Moderna - Ages 6 months through 11 years,(330) 723-9688 ext 1,NA,http://gettheshot.coronavirus.ohio.gov,4800 Ledgewood Drive,Medina,44256,Medina County
41.157789,-81.22543,Portage County Health Department,Pfizer-BioNTech - Ages 6 months through 4 years,(330) 296-9919 ext 2,NA,http://gettheshot.coronavirus.ohio.gov,999 E. Main ST,Ravenna,44266,Portage County
39.963683,-82.993245,Franklin County Public Health,Moderna - Ages 12 years and older,(614) 525-3160,NA,http://gettheshot.coronavirus.ohio.gov,280 E. Broad St. Suite 200,Columbus,43215,Franklin County
40.920693,-81.097755,Alliance City Health Department,Moderna - Ages 12 years and older,(330) 821-7373,NA,http://gettheshot.coronavirus.ohio.gov,537 E. Market St.,Alliance,44601,Stark County
40.885638,-81.424386,Stark County General Combined Health District,Pfizer-BioNTech - Ages 6 months through 4 years,(330) 493-9914,NA,http://gettheshot.coronavirus.ohio.gov,7235 Whipple AVE  NW,North Canton,44720,Stark County
39.959087,-82.980648,Columbus public Health,Pfizer-BioNTech - Ages 5 through 11 years,(614) 645-8180,NA,http://gettheshot.coronavirus.ohio.gov,240 Parsons Ave,Columbus,43215,Franklin County
41.864209,-80.783137,Ashtabula City Health Department,Pfizer-BioNTech - Ages 5 through 11 years,440-992-7123,NA,http://gettheshot.coronavirus.ohio.gov,4717 Main Ave,Ashtabula,44004,Ashtabula County
41.098718,-80.749589,Mahoning County District Board of Health,Moderna - Ages 12 years and older,(330) 270-2855 ext 3,NA,http://gettheshot.coronavirus.ohio.gov,50 Westchester Dr,Youngstown,44515,Mahoning County
41.359036,-83.087053,Sandusky County General Health District,Moderna - Ages 6 months through 11 years,(419) 334-6377,NA,http://gettheshot.coronavirus.ohio.gov,2000 Countryside Dr.,Fremont,43420,Sandusky County
38.875794,-83.900923,Brown County Health Department,Moderna - Ages 12 years and older,937-378-6892,NA,http://gettheshot.coronavirus.ohio.gov,826 Mt Orab Pike,Georgetown,45121,Brown County
40.73951,-82.527124,Mansfield/Ontario/Richland County Health Department dba Richland Public Health,Moderna - Ages 12 years and older,(419) 774-4700,NA,http://gettheshot.coronavirus.ohio.gov,555 Lexington Avenue,Mansfield,44907,Richland County
39.903428,-83.428167,Madison County Public Health,Pfizer-BioNTech - Ages 5 through 11 years,(740) 852-3065 ext 1526,NA,http://gettheshot.coronavirus.ohio.gov,306 Lafayette Street,London,43140,Madison County
39.112129,-84.519638,Bobbie Sterne Health Center,Pfizer-BioNTech - Ages 6 months through 4 years,(513) 352-3068,NA,http://gettheshot.coronavirus.ohio.gov,1525 Elm St,Cincinnati,45202,Hamilton County
40.79654,-81.941439,Wayne County Health Department,Pfizer-BioNTech - Ages 5 through 11 years,(330) 264-9590 ext 3,NA,http://gettheshot.coronavirus.ohio.gov,203 S. Walnut Street,Wooster,44691,Wayne County
40.02808,-81.577508,Guernsey County Health Department,Pfizer-BioNTech - Ages 12 years and older,(740) 439-3577,NA,http://gettheshot.coronavirus.ohio.gov,326 Highland Avenue,Cambridge,43725,Guernsey County
40.793808,-81.523427,Massillon City Health Department,Moderna - Ages 6 months through 11 years,(330) 830-1713,NA,http://gettheshot.coronavirus.ohio.gov,111 Tremont Ave SW,Massillon,44647,Stark County
41.346903,-82.135237,Lorain County General Health District,Moderna - Ages 12 years and older,(440) 322-6367,NA,http://gettheshot.coronavirus.ohio.gov,9880 Murray Ridge Rd,Elyria,44035,Lorain County
40.488915,-81.44425,New Philadelphia City Health District,Moderna - Ages 6 months through 11 years,(330) 364-4491 ext 1208,NA,http://gettheshot.coronavirus.ohio.gov,150 E. High Ave Ste 011,New Philadelphia,44663,Tuscarawas County
39.959087,-82.980648,Columbus public Health,Pfizer-BioNTech - Ages 6 months through 4 years,(614) 645-8180,NA,http://gettheshot.coronavirus.ohio.gov,240 Parsons Ave,Columbus,43215,Franklin County
39.959087,-82.980648,Columbus public Health,Pfizer-BioNTech - Ages 12 years and older,(614) 645-8180,NA,http://gettheshot.coronavirus.ohio.gov,240 Parsons Ave,Columbus,43215,Franklin County
39.416254,-81.452593,Marietta/Belpre Health Department,Moderna - Ages 12 years and older,(740) 373-0611 ext 2312,NA,http://gettheshot.coronavirus.ohio.gov,304 Putnam Street,Marietta,45750,Washington County
40.02808,-81.577508,Guernsey County Health Department,Pfizer-BioNTech - Ages 6 months through 4 years,(740) 439-3577,NA,http://gettheshot.coronavirus.ohio.gov,326 Highland Avenue,Cambridge,43725,Guernsey County
40.360192,-80.616824,Jefferson County Health Department,Pfizer-BioNTech - Ages 12 years and older,740-283-8530,NA,http://gettheshot.coronavirus.ohio.gov,500 Market St,Steubenville,43952,Jefferson County
40.403843,-82.436495,Knox Public Health,Moderna - Ages 12 years and older,(740) 392-2200,NA,http://gettheshot.coronavirus.ohio.gov,11660 Upper Gilchrist Road,Mt. Vernon,43050,Knox County
40.854054,-84.595377,Van Wert County General Health District,Moderna - Ages 12 years and older,(419) 238-0808 ext 102,NA,http://gettheshot.coronavirus.ohio.gov,1179 Westwood Dr  Suite 300,Van Wert,45891,Van Wert County
39.330354,-82.113611,Athens City County Health Department,Moderna - Ages 12 years and older,740-592-4431 ext 222,NA,http://gettheshot.coronavirus.ohio.gov,278 West Union Street,Athens,45701,Athens County
40.266539,-81.858719,Coshocton County Health Department,Moderna - Ages 12 years and older,(740) 622-2999,NA,http://gettheshot.coronavirus.ohio.gov,724 S 7th Street,Coshocton,43812,Coshocton County
38.8433,-82.243984,Gallia County General Health District,Moderna - Ages 12 years and older,(740) 441-2018,NA,http://gettheshot.coronavirus.ohio.gov,499 Jackson Pike,Gallipolis,45631,Gallia County
40.360192,-80.616824,Jefferson County Health Department,Pfizer-BioNTech - Ages 6 months through 4 years,740-283-8530,NA,http://gettheshot.coronavirus.ohio.gov,500 Market St,Steubenville,43952,Jefferson County
41.411322,-81.781095,Cuyahoga County Board of Health,Moderna - Ages 12 years and older,(216) 201-2041,NA,http://gettheshot.coronavirus.ohio.gov,5550 Venture Drive,Parma,44130,Cuyahoga County
38.8433,-82.243984,Gallia County General Health District,Pfizer-BioNTech - Ages 12 years and older,(740) 441-2018,NA,http://gettheshot.coronavirus.ohio.gov,499 Jackson Pike,Gallipolis,45631,Gallia County
40.733618,-82.78885,Galion City Health Department,Moderna - Ages 12 years and older,(419) 468-1075,NA,http://gettheshot.coronavirus.ohio.gov,113 Harding Way East,Galion,44833,Crawford County
40.800852,-81.373484,Canton City Health Department,Moderna - Ages 6 months through 11 years,(330) 489-3322,http://cantonhealth.org/?pg=576,http://gettheshot.coronavirus.ohio.gov,"420 Market Avenue, North",Canton,44702-1544,Stark County
41.237409,-80.808667,Trumbull County Combined Health District,Moderna - Ages 12 years and older,(330) 675-2489 ext 3,NA,http://gettheshot.coronavirus.ohio.gov,176 Chestnut Ave NE,Warren,44483,Trumbull County
41.2357,-80.815027,Warren City Health District,Moderna - Ages 12 years and older,(330) 841-2596,NA,http://gettheshot.coronavirus.ohio.gov,258 East Market St,Warren,44481,Trumbull County
39.729609,-84.647626,PREBLE COUNTY GENERAL HEALTH DISTRICT,Moderna - Ages 12 years and older,(937) 472-0087 ext 3,NA,http://gettheshot.coronavirus.ohio.gov,615 Hilcrest Drive,Eaton,45320,Preble County
39.604616,-82.94901,Pickaway County General Health District,Pfizer-BioNTech - Ages 6 months through 4 years,(740) 477-9667,http://pchd.org,http://gettheshot.coronavirus.ohio.gov,110 Island Road,Circleville,43113,Pickaway County
40.586875,-83.129172,Marion Public Health,Pfizer-BioNTech - Ages 6 months through 4 years,(740) 387-6520,NA,http://gettheshot.coronavirus.ohio.gov,181 S Main St,Marion,43302,Marion County
39.545484,-82.427411,Hocking County Health Department,Pfizer-BioNTech - Ages 5 through 11 years,(740) 385-3030 ext 251,NA,http://gettheshot.coronavirus.ohio.gov,350 State Route 664 N,Logan,43138,Hocking County
40.740398,-84.102485,Allen County Health Department,Moderna - Ages 12 years and older,419-228-4457,NA,http://gettheshot.coronavirus.ohio.gov,219 E Market Street,Lima,45801,Allen County
40.854054,-84.595377,Van Wert County General Health District,Pfizer-BioNTech - Ages 6 months through 4 years,(419) 238-0808 ext 102,NA,http://gettheshot.coronavirus.ohio.gov,1179 Westwood Dr  Suite 300,Van Wert,45891,Van Wert County
39.232066,-83.61206,Highland County General Health District,Moderna - Ages 12 years and older,(937) 393-1941 ext 1,NA,http://gettheshot.coronavirus.ohio.gov,1487 N. High Street,Hillsboro,45133,Highland County
40.098647,-82.44756,Licking County Health Department,Pfizer-BioNTech - Ages 6 months through 4 years,(740) 349-6535,NA,http://gettheshot.coronavirus.ohio.gov,675 Price Road,Newark,43055,Licking County
40.549731,-84.573427,Mercer County Health District,Pfizer-BioNTech - Ages 5 through 11 years,(419) 586-3251,NA,http://gettheshot.coronavirus.ohio.gov,"220 W. Livingston St., B152",Celina,45822,Mercer County
40.740398,-84.102485,Allen County Health Department,Pfizer-BioNTech - Ages 12 years and older,419-228-4457,NA,http://gettheshot.coronavirus.ohio.gov,219 E Market Street,Lima,45801,Allen County
39.443216,-83.852355,Clinton County Health District,Pfizer-BioNTech - Ages 6 months through 4 years,937-382-7221,NA,http://gettheshot.coronavirus.ohio.gov,111 S Nelson Ave Suite 1,Wilmington,45177,Clinton County
41.737963,-80.770326,Ashtabula County Health Department,Moderna - Ages 12 years and older,440-576-6010,NA,http://gettheshot.coronavirus.ohio.gov,12 W. Jefferson St,Jefferson,44047,Ashtabula County
41.588571,-84.595451,Williams County Health Department,Pfizer-BioNTech - Ages 5 through 11 years,(419) 485-3141,NA,http://gettheshot.coronavirus.ohio.gov,310 Lincoln Ave.,Montpelier,43543,Williams County
39.959087,-82.980648,Columbus public Health,Moderna - Ages 6 months through 11 years,(614) 645-8180,NA,http://gettheshot.coronavirus.ohio.gov,240 Parsons Ave,Columbus,43215,Franklin County
40.347119,-83.75805,Logan County Health District,Moderna - Ages 12 years and older,(937) 592-9040,NA,http://gettheshot.coronavirus.ohio.gov,301 East Lake Street,Bellefontaine,43311,Logan County
41.737963,-80.770326,Ashtabula County Health Department,Pfizer-BioNTech - Ages 12 years and older,440-576-6010,NA,http://gettheshot.coronavirus.ohio.gov,12 W. Jefferson St,Jefferson,44047,Ashtabula County
41.114294,-81.574124,Summit County Public Health,Pfizer-BioNTech - Ages 6 months through 4 years,(330) 812-3928,NA,http://gettheshot.coronavirus.ohio.gov,1867 W. Market Street,Akron,44313,Summit County
41.51299,-82.910708,Ottawa County Health Department,Pfizer-BioNTech - Ages 12 years and older,(419) 734-6800,NA,http://gettheshot.coronavirus.ohio.gov,1856 E. Perry St.,Port Clinton,43452,Ottawa County
39.232066,-83.61206,Highland County General Health District,Pfizer-BioNTech - Ages 6 months through 4 years,(937) 393-1941 ext 1,NA,http://gettheshot.coronavirus.ohio.gov,1487 N. High Street,Hillsboro,45133,Highland County
41.066135,-83.620293,Hancock Public Health,Moderna - Ages 12 years and older,(419) 424-7441 ext 2,NA,http://gettheshot.coronavirus.ohio.gov,2225 Keith Parkway,Findlay,45840,Hancock County
40.740398,-84.102485,Allen County Health Department,Pfizer-BioNTech - Ages 6 months through 4 years,419-228-4457,NA,http://gettheshot.coronavirus.ohio.gov,219 E Market Street,Lima,45801,Allen County
39.736058,-81.522399,Noble County Health Department,Moderna - Ages 12 years and older,(740) 732-4958,NA,http://gettheshot.coronavirus.ohio.gov,44069 Marietta RD,Caldwell,43724-9124,Noble County
39.94378,-82.004181,Zanesville Muskingum County Health Department,Pfizer-BioNTech - Ages 6 months through 4 years,(740) 454-9741 ext 2,NA,http://gettheshot.coronavirus.ohio.gov,205 N 7th Street,Zanesville,43701,Muskingum County
40.12655,-82.932043,Uptown Pharmacy #3610688,Moderna - Ages 12 years and older,(614) 882-2392,http://uptownrx.com,NA,23 North State Street,Westerville,43081,Franklin County
41.448707,-82.743438,Erie County Health Department/Erie County Community Health Center,Pfizer-BioNTech - Ages 12 years and older,(419) 626-5623,NA,http://gettheshot.coronavirus.ohio.gov,420 Superior Street,Sandusky,44870,Erie County
39.545484,-82.427411,Hocking County Health Department,Moderna - Ages 12 years and older,(740) 385-3030 ext 251,NA,http://gettheshot.coronavirus.ohio.gov,350 State Route 664 N,Logan,43138,Hocking County
40.79654,-81.941439,Wayne County Health Department,Pfizer-BioNTech - Ages 12 years and older,(330) 264-9590 ext 3,NA,http://gettheshot.coronavirus.ohio.gov,203 S. Walnut Street,Wooster,44691,Wayne County
40.224203,-83.369423,Union County Health Department,Pfizer-BioNTech - Ages 6 months through 4 years,(937) 642-2053,http://uchdclinic.org,http://uchdclinic.org,940 London Avenue,Marysville,43040,Union County
40.107994,-84.633892,Darke County General Health District,Moderna - Ages 12 years and older,(937) 548-4196,NA,http://gettheshot.coronavirus.ohio.gov,300 Garst Avenue,Greenville,45331,Darke County
40.266539,-81.858719,Coshocton County Health Department,Pfizer-BioNTech - Ages 6 months through 4 years,(740) 622-2999,NA,http://gettheshot.coronavirus.ohio.gov,724 S 7th Street,Coshocton,43812,Coshocton County
40.854054,-84.595377,Van Wert County General Health District,Pfizer-BioNTech - Ages 5 through 11 years,(419) 238-0808 ext 102,NA,http://gettheshot.coronavirus.ohio.gov,1179 Westwood Dr  Suite 300,Van Wert,45891,Van Wert County
39.330354,-82.113611,Athens City County Health Department,Pfizer-BioNTech - Ages 12 years and older,740-592-4431 ext 222,NA,http://gettheshot.coronavirus.ohio.gov,278 West Union Street,Athens,45701,Athens County
38.8433,-82.243984,Gallia County General Health District,Pfizer-BioNTech - Ages 5 through 11 years,(740) 441-2018,NA,http://gettheshot.coronavirus.ohio.gov,499 Jackson Pike,Gallipolis,45631,Gallia County
41.28344,-84.34147,Defiance County General Health District,Pfizer-BioNTech - Ages 6 months through 4 years,(419) 784-3818,NA,http://gettheshot.coronavirus.ohio.gov,"1300 E, Second St.",Defiance,43512,Defiance County
41.51299,-82.910708,Ottawa County Health Department,Pfizer-BioNTech - Ages 6 months through 4 years,(419) 734-6800,NA,http://gettheshot.coronavirus.ohio.gov,1856 E. Perry St.,Port Clinton,43452,Ottawa County
41.412354,-84.119054,Henry County Combined General Health District,Moderna - Ages 12 years and older,(419) 599-5545,NA,http://gettheshot.coronavirus.ohio.gov,1843 Oakwood Avenue,Napoleon,43545,Henry County
41.098718,-80.749589,Mahoning County District Board of Health,Pfizer-BioNTech - Ages 12 years and older,(330) 270-2855 ext 3,NA,http://gettheshot.coronavirus.ohio.gov,50 Westchester Dr,Youngstown,44515,Mahoning County
39.75753,-84.191978,Public Health - Dayton & Montgomery County,Pfizer-BioNTech - Ages 12 years and older,(937) 225-5700,NA,http://gettheshot.coronavirus.ohio.gov,117 S. Main St,Dayton,45422,Montgomery County
40.286218,-84.158601,Sidney-Shelby County Health Department,Pfizer-BioNTech - Ages 5 through 11 years,(937) 498-7249,NA,http://gettheshot.coronavirus.ohio.gov,202 West Poplar Street,Sidney,45365,Shelby County
39.261288,-82.477497,Vinton County Health Department,Moderna - Ages 12 years and older,(740) 596-5233,NA,http://gettheshot.coronavirus.ohio.gov,31927 State Route 93,McArthur,45651,Vinton County
41.657973,-83.533796,Toledo Lucas County Health Department,Pfizer-BioNTech - Ages 12 years and older,(419) 213-4121,NA,http://gettheshot.coronavirus.ohio.gov,635 N. Erie Street,Toledo,43604,Lucas County
40.403843,-82.436495,Knox Public Health,Pfizer-BioNTech - Ages 12 years and older,(740) 392-2200,NA,http://gettheshot.coronavirus.ohio.gov,11660 Upper Gilchrist Road,Mt. Vernon,43050,Knox County
40.586875,-83.129172,Marion Public Health,Pfizer-BioNTech - Ages 5 through 11 years,(740) 387-6520,NA,http://gettheshot.coronavirus.ohio.gov,181 S Main St,Marion,43302,Marion County
39.604616,-82.94901,Pickaway County General Health District,Moderna - Ages 12 years and older,(740) 477-9667,http://pchd.org,http://gettheshot.coronavirus.ohio.gov,110 Island Road,Circleville,43113,Pickaway County
40.347119,-83.75805,Logan County Health District,Pfizer-BioNTech - Ages 6 months through 4 years,(937) 592-9040,NA,http://gettheshot.coronavirus.ohio.gov,301 East Lake Street,Bellefontaine,43311,Logan County
40.800852,-81.373484,Canton City Health Department,Moderna - Ages 12 years and older,(330) 489-3322,http://cantonhealth.org/?pg=576,http://gettheshot.coronavirus.ohio.gov,"420 Market Avenue, North",Canton,44702-1544,Stark County
39.519214,-84.401057,City of Middletown Health Department,Moderna - Ages 12 years and older,(513) 425-1831,NA,http://gettheshot.coronavirus.ohio.gov,One Donham Plaza,Middletown,45042,Butler County
39.467158,-83.836413,Champaign Health District,Moderna - Ages 12 years and older,(937) 484-1605,NA,http://gettheshot.coronavirus.ohio.gov,1512 S US Hwy 68,Urbana,43078,Clinton County
39.334862,-82.978116,Ross County Health District,Moderna - Ages 12 years and older,(740) 775-1146,NA,http://gettheshot.coronavirus.ohio.gov,150 E. Second Street,Chillicothe,45601,Ross County
40.902352,-80.851012,Salem City Health District,Moderna - Ages 12 years and older,(330) 332-1618 ext 4,NA,http://gettheshot.coronavirus.ohio.gov,230 N. Lincoln Ave,Salem,44460,Columbiana County
41.355437,-83.616343,Wood County Combined General Health District,Moderna - Ages 12 years and older,(419) 354-9049,NA,http://gettheshot.coronavirus.ohio.gov,1840 E Gypsy Lane Rd,Bowling Green,43402,Wood County
39.426667,-84.202078,Warren County Combined Health District,Pfizer-BioNTech - Ages 6 months through 4 years,(513) 695-1479,NA,http://gettheshot.coronavirus.ohio.gov,416 S. East Street,Lebanon,45036,Warren County
40.549731,-84.573427,Mercer County Health District,Moderna - Ages 12 years and older,(419) 586-3251,NA,http://gettheshot.coronavirus.ohio.gov,"220 W. Livingston St., B152",Celina,45822,Mercer County
41.411322,-81.781095,Cuyahoga County Board of Health,Pfizer-BioNTech - Ages 12 years and older,(216) 201-2041,NA,http://gettheshot.coronavirus.ohio.gov,5550 Venture Drive,Parma,44130,Cuyahoga County
41.28344,-84.34147,Defiance County General Health District,Pfizer-BioNTech - Ages 12 years and older,(419) 784-3818,NA,http://gettheshot.coronavirus.ohio.gov,"1300 E, Second St.",Defiance,43512,Defiance County
38.734781,-83.000152,Scioto County Health Department aka Scioto County Board of Health,Pfizer-BioNTech - Ages 6 months through 4 years,(740) 355-8358,http://www.sciotocountyhealthdepartment.com,http://gettheshot.coronavirus.ohio.gov,612 6th St,Portsmouth,45662,Scioto County
41.459207,-81.737565,Neighborhood Family Practice Ridge,Moderna - Ages 6 months through 11 years,(216) 281-0872,NA,http://gettheshot.coronavirus.ohio.gov,3569 Ridge Road,Cleveland,44102,Cuyahoga County
41.229703,-82.599903,Huron County Public Health,Pfizer-BioNTech - Ages 12 years and older,(419) 668-1652 ext 241,https://www.huroncohealth.com/,http://gettheshot.coronavirus.ohio.gov,28 Executive Drive,Norwalk,44857,Huron County
41.479809,-81.716175,Cleveland Department of Public Health,Pfizer-BioNTech - Ages 5 through 11 years,(216) 664-2324 ext 3,NA,http://gettheshot.coronavirus.ohio.gov,4242 Lorain Ave.,Cleveland,44113,Cuyahoga County
40.080481,-80.970029,Belmont County Health Department,Pfizer-BioNTech - Ages 5 through 11 years,740-695-1202,NA,http://gettheshot.coronavirus.ohio.gov,68501 Bannock Road,St. Clairsville,43950,Belmont County
39.334862,-82.978116,Ross County Health District,Pfizer-BioNTech - Ages 5 through 11 years,(740) 775-1146,NA,http://gettheshot.coronavirus.ohio.gov,150 E. Second Street,Chillicothe,45601,Ross County
39.232066,-83.61206,Highland County General Health District,Pfizer-BioNTech - Ages 5 through 11 years,(937) 393-1941 ext 1,NA,http://gettheshot.coronavirus.ohio.gov,1487 N. High Street,Hillsboro,45133,Highland County
39.545484,-82.427411,Hocking County Health Department,Pfizer-BioNTech - Ages 12 years and older,(740) 385-3030 ext 251,NA,http://gettheshot.coronavirus.ohio.gov,350 State Route 664 N,Logan,43138,Hocking County
41.160303999999996,-81.85953,Medina County Combined General Health District,Moderna - Ages 12 years and older,(330) 723-9688 ext 1,NA,http://gettheshot.coronavirus.ohio.gov,4800 Ledgewood Drive,Medina,44256,Medina County
39.426667,-84.202078,Warren County Combined Health District,Moderna - Ages 12 years and older,(513) 695-1479,NA,http://gettheshot.coronavirus.ohio.gov,416 S. East Street,Lebanon,45036,Warren County
40.347119,-83.75805,Logan County Health District,Pfizer-BioNTech - Ages 12 years and older,(937) 592-9040,NA,http://gettheshot.coronavirus.ohio.gov,301 East Lake Street,Bellefontaine,43311,Logan County
41.115642,-83.176393,Seneca County General Health District,Moderna - Ages 12 years and older,(419) 447-3691 ext 6333,NA,http://gettheshot.coronavirus.ohio.gov,92 E. Perry,Tiffin,44883,Seneca County
40.854054,-84.595377,Van Wert County General Health District,Moderna - Ages 6 months through 11 years,(419) 238-0808 ext 102,NA,http://gettheshot.coronavirus.ohio.gov,1179 Westwood Dr  Suite 300,Van Wert,45891,Van Wert County
39.94378,-82.004181,Zanesville Muskingum County Health Department,Pfizer-BioNTech - Ages 12 years and older,(740) 454-9741 ext 2,NA,http://gettheshot.coronavirus.ohio.gov,205 N 7th Street,Zanesville,43701,Muskingum County
39.082905,-84.14388,Clermont County General Health District,Pfizer-BioNTech - Ages 5 through 11 years,(513) 735-8400,https://ccphohio.org/,http://gettheshot.coronavirus.ohio.gov,"2400 Clermont Center Drive, Suite 200",Batavia,45103,Clermont County
41.588571,-84.595451,Williams County Health Department,Pfizer-BioNTech - Ages 6 months through 4 years,(419) 485-3141,NA,http://gettheshot.coronavirus.ohio.gov,310 Lincoln Ave.,Montpelier,43543,Williams County
41.709507,-81.30876,Lake County General Health District,Pfizer-BioNTech - Ages 5 through 11 years,(440) 350-2543,NA,http://gettheshot.coronavirus.ohio.gov,5966 Heisley Rd,Mentor,44060,Lake County
39.112129,-84.519638,Bobbie Sterne Health Center,Pfizer-BioNTech - Ages 5 through 11 years,(513) 352-3068,NA,http://gettheshot.coronavirus.ohio.gov,1525 Elm St,Cincinnati,45202,Hamilton County
39.903428,-83.428167,Madison County Public Health,Pfizer-BioNTech - Ages 6 months through 4 years,(740) 852-3065 ext 1526,NA,http://gettheshot.coronavirus.ohio.gov,306 Lafayette Street,London,43140,Madison County
39.963683,-82.993245,Franklin County Public Health,Pfizer-BioNTech - Ages 12 years and older,(614) 525-3160,NA,http://gettheshot.coronavirus.ohio.gov,280 E. Broad St. Suite 200,Columbus,43215,Franklin County
41.448707,-82.743438,Erie County Health Department/Erie County Community Health Center,Pfizer-BioNTech - Ages 6 months through 4 years,(419) 626-5623,NA,http://gettheshot.coronavirus.ohio.gov,420 Superior Street,Sandusky,44870,Erie County
41.28344,-84.34147,Defiance County General Health District,Pfizer-BioNTech - Ages 5 through 11 years,(419) 784-3818,NA,http://gettheshot.coronavirus.ohio.gov,"1300 E, Second St.",Defiance,43512,Defiance County
41.540959,-84.135516,Fulton County Health Department,Pfizer-BioNTech - Ages 5 through 11 years,(419) 337-0915,NA,http://gettheshot.coronavirus.ohio.gov,606 South Shoop Ave.,Wauseon,43567,Fulton County
40.360192,-80.616824,Jefferson County Health Department,Pfizer-BioNTech - Ages 5 through 11 years,740-283-8530,NA,http://gettheshot.coronavirus.ohio.gov,500 Market St,Steubenville,43952,Jefferson County
41.411322,-81.781095,Cuyahoga County Board of Health,Pfizer-BioNTech - Ages 6 months through 4 years,(216) 201-2041,NA,http://gettheshot.coronavirus.ohio.gov,5550 Venture Drive,Parma,44130,Cuyahoga County
39.334862,-82.978116,Ross County Health District,Pfizer-BioNTech - Ages 12 years and older,(740) 775-1146,NA,http://gettheshot.coronavirus.ohio.gov,150 E. Second Street,Chillicothe,45601,Ross County
41.51299,-82.910708,Ottawa County Health Department,Moderna - Ages 12 years and older,(419) 734-6800,NA,http://gettheshot.coronavirus.ohio.gov,1856 E. Perry St.,Port Clinton,43452,Ottawa County
39.963683,-82.993245,Franklin County Public Health,Moderna - Ages 6 months through 11 years,(614) 525-3160,NA,http://gettheshot.coronavirus.ohio.gov,280 E. Broad St. Suite 200,Columbus,43215,Franklin County
40.79364,-80.779069,Columbiana County Health Dept,Pfizer-BioNTech - Ages 5 through 11 years,(330) 424-0272 ext 116,NA,http://gettheshot.coronavirus.ohio.gov,7360 SR 45,Lisbon,44432,Columbiana County
38.796073,-83.533735,Adams County Health Department,Moderna - Ages 12 years and older,937-544-5547,NA,http://gettheshot.coronavirus.ohio.gov,923 Sunrise Avenue,West Union,45693,Adams County
41.448707,-82.743438,Erie County Health Department/Erie County Community Health Center,Moderna - Ages 12 years and older,(419) 626-5623,NA,http://gettheshot.coronavirus.ohio.gov,420 Superior Street,Sandusky,44870,Erie County
40.854054,-84.595377,Van Wert County General Health District,Pfizer-BioNTech - Ages 12 years and older,(419) 238-0808 ext 102,NA,http://gettheshot.coronavirus.ohio.gov,1179 Westwood Dr  Suite 300,Van Wert,45891,Van Wert County
40.107994,-84.633892,Darke County General Health District,Pfizer-BioNTech - Ages 12 years and older,(937) 548-4196,NA,http://gettheshot.coronavirus.ohio.gov,300 Garst Avenue,Greenville,45331,Darke County
40.488915,-81.44425,New Philadelphia City Health District,Moderna - Ages 12 years and older,(330) 364-4491 ext 1208,NA,http://gettheshot.coronavirus.ohio.gov,150 E. High Ave Ste 011,New Philadelphia,44663,Tuscarawas County
40.79364,-80.779069,Columbiana County Health Dept,Pfizer-BioNTech - Ages 6 months through 4 years,(330) 424-0272 ext 116,NA,http://gettheshot.coronavirus.ohio.gov,7360 SR 45,Lisbon,44432,Columbiana County
39.75753,-84.191978,Public Health - Dayton & Montgomery County,Moderna - Ages 12 years and older,(937) 225-5700,NA,http://gettheshot.coronavirus.ohio.gov,117 S. Main St,Dayton,45422,Montgomery County
41.479809,-81.716175,Cleveland Department of Public Health,Pfizer-BioNTech - Ages 12 years and older,(216) 664-2324 ext 3,NA,http://gettheshot.coronavirus.ohio.gov,4242 Lorain Ave.,Cleveland,44113,Cuyahoga County
41.131757,-84.573028,Paulding County Health Department,Moderna - Ages 12 years and older,(419) 399-3921,NA,http://gettheshot.coronavirus.ohio.gov,800 E. Perry St,Paulding,45879,Paulding County
40.098647,-82.44756,Licking County Health Department,Pfizer-BioNTech - Ages 12 years and older,(740) 349-6535,NA,http://gettheshot.coronavirus.ohio.gov,675 Price Road,Newark,43055,Licking County
38.520749,-82.666414,Lawrence County Health Department,Moderna - Ages 12 years and older,(740) 532-3962,NA,http://gettheshot.coronavirus.ohio.gov,2122 South 8th Street,Ironton,45638,Lawrence County
41.346903,-82.135237,Lorain County General Health District,Pfizer-BioNTech - Ages 6 months through 4 years,(440) 322-6367,NA,http://gettheshot.coronavirus.ohio.gov,9880 Murray Ridge Rd,Elyria,44035,Lorain County
39.739087,-82.56778,Fairfield Department of Health,Moderna - Ages 12 years and older,(740) 652-2800 ext 147,NA,http://gettheshot.coronavirus.ohio.gov,1550 Sheridan Drive,Lancaster,43130,Fairfield County
41.346903,-82.135237,Lorain County General Health District,Pfizer-BioNTech - Ages 5 through 11 years,(440) 322-6367,NA,http://gettheshot.coronavirus.ohio.gov,9880 Murray Ridge Rd,Elyria,44035,Lorain County
39.963683,-82.993245,Franklin County Public Health,Pfizer-BioNTech - Ages 5 through 11 years,(614) 525-3160,NA,http://gettheshot.coronavirus.ohio.gov,280 E. Broad St. Suite 200,Columbus,43215,Franklin County
38.734781,-83.000152,Scioto County Health Department aka Scioto County Board of Health,Pfizer-BioNTech - Ages 5 through 11 years,(740) 355-8358,http://www.sciotocountyhealthdepartment.com,http://gettheshot.coronavirus.ohio.gov,612 6th St,Portsmouth,45662,Scioto County
39.426667,-84.202078,Warren County Combined Health District,Pfizer-BioNTech - Ages 5 through 11 years,(513) 695-1479,NA,http://gettheshot.coronavirus.ohio.gov,416 S. East Street,Lebanon,45036,Warren County
40.107994,-84.633892,Darke County General Health District,Pfizer-BioNTech - Ages 6 months through 4 years,(937) 548-4196,NA,http://gettheshot.coronavirus.ohio.gov,300 Garst Avenue,Greenville,45331,Darke County
40.857114,-82.329844,Ashland County General Health District,Moderna - Ages 12 years and older,419-282-4231,NA,http://gettheshot.coronavirus.ohio.gov,1211 Claremont Ave,Ashland,44805,Ashland County
40.586875,-83.129172,Marion Public Health,Pfizer-BioNTech - Ages 12 years and older,(740) 387-6520,NA,http://gettheshot.coronavirus.ohio.gov,181 S Main St,Marion,43302,Marion County
41.737963,-80.770326,Ashtabula County Health Department,Pfizer-BioNTech - Ages 5 through 11 years,440-576-6010,NA,http://gettheshot.coronavirus.ohio.gov,12 W. Jefferson St,Jefferson,44047,Ashtabula County
39.037169,-82.044502,Meigs County Health Department,Pfizer-BioNTech - Ages 6 months through 4 years,(740) 992-6626,NA,http://gettheshot.coronavirus.ohio.gov,112 East Memorial Drive,Pomeroy,45769,Meigs County
40.286218,-84.158601,Sidney-Shelby County Health Department,Moderna - Ages 12 years and older,(937) 498-7249,NA,http://gettheshot.coronavirus.ohio.gov,202 West Poplar Street,Sidney,45365,Shelby County
40.573631,-81.093876,Carroll County General Health District,Moderna - Ages 12 years and older,(330) 627-4866 ext 4,NA,http://gettheshot.coronavirus.ohio.gov,301 Moody Ave SW,Carrollton,44615,Carroll County
41.229703,-82.599903,Huron County Public Health,Pfizer-BioNTech - Ages 5 through 11 years,(419) 668-1652 ext 241,https://www.huroncohealth.com/,http://gettheshot.coronavirus.ohio.gov,28 Executive Drive,Norwalk,44857,Huron County
41.346903,-82.135237,Lorain County General Health District,Moderna - Ages 6 months through 11 years,(440) 322-6367,NA,http://gettheshot.coronavirus.ohio.gov,9880 Murray Ridge Rd,Elyria,44035,Lorain County
39.037169,-82.044502,Meigs County Health Department,Pfizer-BioNTech - Ages 12 years and older,(740) 992-6626,NA,http://gettheshot.coronavirus.ohio.gov,112 East Memorial Drive,Pomeroy,45769,Meigs County
41.864209,-80.783137,Ashtabula City Health Department,Moderna - Ages 12 years and older,440-992-7123,NA,http://gettheshot.coronavirus.ohio.gov,4717 Main Ave,Ashtabula,44004,Ashtabula County
39.759296,-81.108661,Monroe County Health Department,Moderna - Ages 12 years and older,(740) 472-1677 ext 3,NA,http://gettheshot.coronavirus.ohio.gov,118 Home Ave,Woodsfield,43793,Monroe County
38.8433,-82.243984,Gallia County General Health District,Moderna - Ages 6 months through 11 years,(740) 441-2018,NA,http://gettheshot.coronavirus.ohio.gov,499 Jackson Pike,Gallipolis,45631,Gallia County
39.334862,-82.978116,Ross County Health District,Pfizer-BioNTech - Ages 6 months through 4 years,(740) 775-1146,NA,http://gettheshot.coronavirus.ohio.gov,150 E. Second Street,Chillicothe,45601,Ross County
39.232066,-83.61206,Highland County General Health District,Moderna - Ages 6 months through 11 years,(937) 393-1941 ext 1,NA,http://gettheshot.coronavirus.ohio.gov,1487 N. High Street,Hillsboro,45133,Highland County
39.443216,-83.852355,Clinton County Health District,Pfizer-BioNTech - Ages 5 through 11 years,937-382-7221,NA,http://gettheshot.coronavirus.ohio.gov,111 S Nelson Ave Suite 1,Wilmington,45177,Clinton County
41.945218,-80.560945,Conneaut City Health Department,Moderna - Ages 12 years and older,440-593-3087,NA,http://gettheshot.coronavirus.ohio.gov,327 Mill Street,Conneaut,44030,Ashtabula County
40.549731,-84.573427,Mercer County Health District,Pfizer-BioNTech - Ages 6 months through 4 years,(419) 586-3251,NA,http://gettheshot.coronavirus.ohio.gov,"220 W. Livingston St., B152",Celina,45822,Mercer County
41.709507,-81.30876,Lake County General Health District,Moderna - Ages 12 years and older,(440) 350-2543,NA,http://gettheshot.coronavirus.ohio.gov,5966 Heisley Rd,Mentor,44060,Lake County
40.79654,-81.941439,Wayne County Health Department,Moderna - Ages 12 years and older,(330) 264-9590 ext 3,NA,http://gettheshot.coronavirus.ohio.gov,203 S. Walnut Street,Wooster,44691,Wayne County
41.098718,-80.749589,Mahoning County District Board of Health,Pfizer-BioNTech - Ages 6 months through 4 years,(330) 270-2855 ext 3,NA,http://gettheshot.coronavirus.ohio.gov,50 Westchester Dr,Youngstown,44515,Mahoning County
39.959087,-82.980648,Columbus public Health,Moderna - Ages 12 years and older,(614) 645-8180,NA,http://gettheshot.coronavirus.ohio.gov,240 Parsons Ave,Columbus,43215,Franklin County
40.620189,-80.580601,East Liverpool City Health Department,Moderna - Ages 12 years and older,(330) 385-5123,NA,http://gettheshot.coronavirus.ohio.gov,126 West Sixth Street,East Liverpool,43920,Columbiana County
39.426667,-84.202078,Warren County Combined Health District,Pfizer-BioNTech - Ages 12 years and older,(513) 695-1479,NA,http://gettheshot.coronavirus.ohio.gov,416 S. East Street,Lebanon,45036,Warren County
39.467158,-83.836413,Champaign Health District,Pfizer-BioNTech - Ages 5 through 11 years,(937) 484-1605,NA,http://gettheshot.coronavirus.ohio.gov,1512 S US Hwy 68,Urbana,43078,Clinton County
39.604616,-82.94901,Pickaway County General Health District,Pfizer-BioNTech - Ages 12 years and older,(740) 477-9667,http://pchd.org,http://gettheshot.coronavirus.ohio.gov,110 Island Road,Circleville,43113,Pickaway County
40.826504,-83.28083,Wyandot County General Health District,Moderna - Ages 12 years and older,(419) 294-3852,NA,http://gettheshot.coronavirus.ohio.gov,127 A S Sandusky Avenue,Upper Sandusky,43351,Wyandot County
41.657973,-83.533796,Toledo Lucas County Health Department,Pfizer-BioNTech - Ages 6 months through 4 years,(419) 213-4121,NA,http://gettheshot.coronavirus.ohio.gov,635 N. Erie Street,Toledo,43604,Lucas County
40.514986,-81.451974,Tuscarawas County Health Department,Pfizer-BioNTech - Ages 12 years and older,(330) 343-5555,NA,http://gettheshot.coronavirus.ohio.gov,897 East Iron Avenue,Dover,44622,Tuscarawas County
39.397238,-84.561722,Butler County General Health District,Pfizer-BioNTech - Ages 5 through 11 years,513-863-1770,NA,http://gettheshot.coronavirus.ohio.gov,301 South Third Street,Hamilton,45011,Butler County
40.042288,-84.208176,Miami County Public Health,Pfizer-BioNTech - Ages 5 through 11 years,(937) 573-3528,NA,http://gettheshot.coronavirus.ohio.gov,510 W Water St,Troy,45373-2985,Miami County
39.112129,-84.519638,Bobbie Sterne Health Center,Pfizer-BioNTech - Ages 12 years and older,(513) 352-3068,NA,http://gettheshot.coronavirus.ohio.gov,1525 Elm St,Cincinnati,45202,Hamilton County
41.51299,-82.910708,Ottawa County Health Department,Pfizer-BioNTech - Ages 5 through 11 years,(419) 734-6800,NA,http://gettheshot.coronavirus.ohio.gov,1856 E. Perry St.,Port Clinton,43452,Ottawa County
40.514986,-81.451974,Tuscarawas County Health Department,Pfizer-BioNTech - Ages 5 through 11 years,(330) 343-5555,NA,http://gettheshot.coronavirus.ohio.gov,897 East Iron Avenue,Dover,44622,Tuscarawas County
39.739087,-82.56778,Fairfield Department of Health,Pfizer-BioNTech - Ages 5 through 11 years,(740) 652-2800 ext 147,NA,http://gettheshot.coronavirus.ohio.gov,1550 Sheridan Drive,Lancaster,43130,Fairfield County
40.885638,-81.424386,Stark County General Combined Health District,Pfizer-BioNTech - Ages 5 through 11 years,(330) 493-9914,NA,http://gettheshot.coronavirus.ohio.gov,7235 Whipple AVE  NW,North Canton,44720,Stark County
39.112129,-84.519638,Bobbie Sterne Health Center,Moderna - Ages 12 years and older,(513) 352-3068,NA,http://gettheshot.coronavirus.ohio.gov,1525 Elm St,Cincinnati,45202,Hamilton County
39.125491,-82.983861,Pike County General Health District,Moderna - Ages 12 years and older,(740) 947-7721,NA,http://gettheshot.coronavirus.ohio.gov,116 S. Market Street,Waverly,45690,Pike County
40.514986,-81.451974,Tuscarawas County Health Department,Moderna - Ages 12 years and older,(330) 343-5555,NA,http://gettheshot.coronavirus.ohio.gov,897 East Iron Avenue,Dover,44622,Tuscarawas County
40.007869,-82.970675,Lower Lights Christian Health Center,Moderna - Ages 6 months through 11 years,(614) 274-1455,NA,http://gettheshot.coronavirus.ohio.gov,2028 Cleveland Ave,Columbus,43211,Franklin County
41.359769,-82.107645,Lorain County Health and Dentistry,Moderna - Ages 12 years and older,(440) 240-1655,NA,NA,801 Middle Ave,Elyria,44035,Lorain County
41.433406,-81.797835,Neighborhood Family Practice Puritas,Moderna - Ages 6 months through 11 years,(216) 928-1950,NA,http://gettheshot.coronavirus.ohio.gov,14625 Puritas Ave,Cleveland,44135,Cuyahoga County
39.988068,-81.177032,Barnesville Family Health Center,Moderna - Ages 6 months through 11 years,(740) 425-5160,NA,http://gettheshot.coronavirus.ohio.gov,101 East Main Street,Barnesville,43713,Belmont County
39.988068,-81.177032,Barnesville Family Health Center,Pfizer-BioNTech - Ages 12 years and older,(740) 425-5160,NA,http://gettheshot.coronavirus.ohio.gov,101 East Main Street,Barnesville,43713,Belmont County
40.093323,-82.933518,Lower Lights Christian Health Center,Moderna - Ages 12 years and older,(614)274-1455 ext 6100,NA,http://gettheshot.coronavirus.ohio.gov,6000 Cooper Road,Westerville,43081,Franklin County
39.556701,-84.279807,Centerpoint Health Franklin,Moderna - Ages 6 months through 11 years,(513) 318-1188,NA,http://gettheshot.coronavirus.ohio.gov,333 Conover Dr,Franklin,45005,Warren County
39.957403,-83.020822,Lower Lights Christian Health Center,Moderna - Ages 6 months through 11 years,(614) 274-1455 ext 310,NA,http://gettheshot.coronavirus.ohio.gov,777 West State Street,Columbus,43222,Franklin County
39.930218000000004,-82.995218,Lower Lights Christian Health Center,Moderna - Ages 12 years and older,(614) 274-1455,NA,http://gettheshot.coronavirus.ohio.gov,1560 South High Street,Columbus,43207,Franklin County
39.988068,-81.177032,Barnesville Family Health Center,Pfizer-BioNTech - Ages 6 months through 4 years,(740) 425-5160,NA,http://gettheshot.coronavirus.ohio.gov,101 East Main Street,Barnesville,43713,Belmont County
41.47725,-81.772449,Neighborhood Family Practice North Coast,Moderna - Ages 12 years and older,(216) 228-7878,NA,http://gettheshot.coronavirus.ohio.gov,11906 Madison Ave,lakewood,44107,Cuyahoga County
41.445697,-81.589527,NEON Southeast Health Center,Moderna - Ages 6 months through 11 years,(216) 751-3100,NA,http://gettheshot.coronavirus.ohio.gov,13301 Miles Avenue,Cleveland,44105,Cuyahoga County
41.436467,-82.118866,Lorain County Health and Dentistry,Moderna - Ages 12 years and older,(440) 240-1655,NA,NA,3745 Grove ave,Lorain,44055,Lorain County
39.146668,-84.489954,Ambrose Clement Health Center,Moderna - Ages 6 months through 11 years,(513) 357-7300,NA,http://gettheshot.coronavirus.ohio.gov,3559 Reading Rd,Cincinnati,45229,Hamilton County
39.988068,-81.177032,Barnesville Family Health Center,Moderna - Ages 12 years and older,(740) 425-5160,NA,http://gettheshot.coronavirus.ohio.gov,101 East Main Street,Barnesville,43713,Belmont County
40.227071,-83.365397,Lower Lights Christian Health Center,Moderna - Ages 6 months through 11 years,(614) 274-1455,NA,http://gettheshot.coronavirus.ohio.gov,773 South Walnut Street,Marysville,43040,Union County
41.482555,-81.729769,Neighborhood Family Practice Detroit Shoreway,Moderna - Ages 6 months through 11 years,(216) 961-2090,NA,http://gettheshot.coronavirus.ohio.gov,6412 Franklin Blvd,Cleveland,44102,Cuyahoga County
41.496618,-81.666729,Care Alliance,Pfizer-BioNTech - Ages 12 years and older,(216) 535-9100,NA,http://gettheshot.coronavirus.ohio.gov,2916 Central Avenue,Cleveland,44115,Cuyahoga County
40.379786,-80.704938,Family Medical Care,Moderna - Ages 12 years and older,(740) 314-8258,NA,http://gettheshot.coronavirus.ohio.gov,200 Luray Drive,Wintersville,43953,Jefferson County
39.957403,-83.020822,Lower Lights Christian Health Center,Moderna - Ages 12 years and older,(614) 274-1455 ext 310,NA,http://gettheshot.coronavirus.ohio.gov,777 West State Street,Columbus,43222,Franklin County
39.930218000000004,-82.995218,Lower Lights Christian Health Center,Moderna - Ages 6 months through 11 years,(614) 274-1455,NA,http://gettheshot.coronavirus.ohio.gov,1560 South High Street,Columbus,43207,Franklin County
41.345033,-82.100453,Lorain County Health and Dentistry,Moderna - Ages 12 years and older,(440) 240-1655,NA,NA,105 Louden Court,Elyria,44035,Lorain County
41.28409,-82.21796,Lorain County Health and Dentistry,Moderna - Ages 12 years and older,(440) 240-1655,NA,NA,260 South main Street,Oberlin,44074,Lorain County
39.988068,-81.177032,Barnesville Family Health Center,Pfizer-BioNTech - Ages 5 through 11 years,(740) 425-5160,NA,http://gettheshot.coronavirus.ohio.gov,101 East Main Street,Barnesville,43713,Belmont County
39.958816,-83.031769,Lower Lights Christian Health Center,Moderna - Ages 12 years and older,(614) 274-1455,NA,http://gettheshot.coronavirus.ohio.gov,1160 West Broad Street,Columbus,43222,Franklin County
41.482555,-81.729769,Neighborhood Family Practice Detroit Shoreway,Moderna - Ages 12 years and older,(216) 961-2090,NA,http://gettheshot.coronavirus.ohio.gov,6412 Franklin Blvd,Cleveland,44102,Cuyahoga County
41.445697,-81.589527,NEON Southeast Health Center,Moderna - Ages 12 years and older,(216) 751-3100,NA,http://gettheshot.coronavirus.ohio.gov,13301 Miles Avenue,Cleveland,44105,Cuyahoga County
41.496618,-81.666729,Care Alliance,Pfizer-BioNTech - Ages 5 through 11 years,(216) 535-9100,NA,http://gettheshot.coronavirus.ohio.gov,2916 Central Avenue,Cleveland,44115,Cuyahoga County
40.227071,-83.365397,Lower Lights Christian Health Center,Moderna - Ages 12 years and older,(614) 274-1455,NA,http://gettheshot.coronavirus.ohio.gov,773 South Walnut Street,Marysville,43040,Union County
41.554765,-81.573139,NEON Collinwood Health Center,Moderna - Ages 12 years and older,(216) 851-1500,NA,http://gettheshot.coronavirus.ohio.gov,15322 St. Clair Avenue,Cleveland,44110,Cuyahoga County
41.554765,-81.573139,NEON Collinwood Health Center,Moderna - Ages 6 months through 11 years,(216) 851-1500,NA,http://gettheshot.coronavirus.ohio.gov,15322 St. Clair Avenue,Cleveland,44110,Cuyahoga County
40.007869,-82.970675,Lower Lights Christian Health Center,Moderna - Ages 12 years and older,(614) 274-1455,NA,http://gettheshot.coronavirus.ohio.gov,2028 Cleveland Ave,Columbus,43211,Franklin County
41.47725,-81.772449,Neighborhood Family Practice North Coast,Moderna - Ages 6 months through 11 years,(216) 228-7878,NA,http://gettheshot.coronavirus.ohio.gov,11906 Madison Ave,lakewood,44107,Cuyahoga County
41.496618,-81.666729,Care Alliance,Pfizer-BioNTech - Ages 6 months through 4 years,(216) 535-9100,NA,http://gettheshot.coronavirus.ohio.gov,2916 Central Avenue,Cleveland,44115,Cuyahoga County
39.556701,-84.279807,Centerpoint Health Franklin,Moderna - Ages 12 years and older,(513) 318-1188,NA,http://gettheshot.coronavirus.ohio.gov,333 Conover Dr,Franklin,45005,Warren County
39.958816,-83.031769,Lower Lights Christian Health Center,Moderna - Ages 6 months through 11 years,(614) 274-1455,NA,http://gettheshot.coronavirus.ohio.gov,1160 West Broad Street,Columbus,43222,Franklin County
41.433406,-81.797835,Neighborhood Family Practice Puritas,Moderna - Ages 12 years and older,(216) 928-1950,NA,http://gettheshot.coronavirus.ohio.gov,14625 Puritas Ave,Cleveland,44135,Cuyahoga County
41.460537,-82.170198,Lorain County Health & Dentistry,Moderna - Ages 12 years and older,(440) 240-1655 ext 1000,NA,http://gettheshot.coronavirus.ohio.gov,1205 Broadway,Lorain,44052,Lorain County
40.379786,-80.704938,Family Medical Care,Moderna - Ages 6 months through 11 years,(740) 314-8258,NA,http://gettheshot.coronavirus.ohio.gov,200 Luray Drive,Wintersville,43953,Jefferson County
40.093323,-82.933518,Lower Lights Christian Health Center,Moderna - Ages 6 months through 11 years,(614)274-1455 ext 6100,NA,http://gettheshot.coronavirus.ohio.gov,6000 Cooper Road,Westerville,43081,Franklin County
41.591345,-81.224732,Geauga Public Health,Moderna - Ages 12 years and older,(440) 279-1950,NA,http://gettheshot.coronavirus.ohio.gov,470 Center Street,Chardon,44024,Geauga County
39.984374,-83.008021,Walgreens Co. #16422,Moderna - Ages 12 years and older,614-456-1108,https://www.walgreens.com,https://www.walgreens.com/findcare/vaccination/covid-19,114 W 3RD AVE,COLUMBUS,43201-3211,Franklin County
39.983269,-82.770445,Walgreens Co. #16294,Moderna - Ages 12 years and older,614-856-4365,https://www.walgreens.com,https://www.walgreens.com/findcare/vaccination/covid-19,5 LIMITED PKWY E,REYNOLDSBURG,43068-5300,Licking County
41.075618,-81.522436,Walgreens Co. #16529,Moderna - Ages 12 years and older,330-622-5396,https://www.walgreens.com,https://www.walgreens.com/findcare/vaccination/covid-19,375 S MAIN ST,AKRON,44311-1013,Summit County
39.741255,-84.181878,Walgreens Co. #16523,Pfizer-BioNTech - Ages 12 years and older,937-648-0312,https://www.walgreens.com,https://www.walgreens.com/findcare/vaccination/covid-19,1200 BROWN ST,DAYTON,45409-2763,Montgomery County
39.134787,-84.503178,Walgreens Co. #16524,Pfizer-BioNTech - Ages 12 years and older,513-878-3426,https://www.walgreens.com,https://www.walgreens.com/findcare/vaccination/covid-19,260 STETSON ST,CINCINNATI,45219-2450,Hamilton County
39.134787,-84.503178,Walgreens Co. #16524,Moderna - Ages 12 years and older,513-878-3426,https://www.walgreens.com,https://www.walgreens.com/findcare/vaccination/covid-19,260 STETSON ST,CINCINNATI,45219-2450,Hamilton County
39.984374,-83.008021,Walgreens Co. #16422,Pfizer-BioNTech - Ages 12 years and older,614-456-1108,https://www.walgreens.com,https://www.walgreens.com/findcare/vaccination/covid-19,114 W 3RD AVE,COLUMBUS,43201-3211,Franklin County
39.741255,-84.181878,Walgreens Co. #16523,Moderna - Ages 12 years and older,937-648-0312,https://www.walgreens.com,https://www.walgreens.com/findcare/vaccination/covid-19,1200 BROWN ST,DAYTON,45409-2763,Montgomery County
39.983269,-82.770445,Walgreens Co. #16294,Pfizer-BioNTech - Ages 12 years and older,614-856-4365,https://www.walgreens.com,https://www.walgreens.com/findcare/vaccination/covid-19,5 LIMITED PKWY E,REYNOLDSBURG,43068-5300,Licking County
40.570274,-83.120499,Walgreens Co. #13680,Moderna - Ages 12 years and older,740-383-4529,https://www.walgreens.com,https://www.walgreens.com/findcare/vaccination/covid-19,1040 DELAWARE AVE,MARION,43302-6416,Marion County
41.505861,-81.618811,Walgreens Co. #16400,Moderna - Ages 12 years and older,216-416-7680,https://www.walgreens.com,https://www.walgreens.com/findcare/vaccination/covid-19,10001 CHESTER AVE,CLEVELAND,44106-1617,Cuyahoga County
41.075618,-81.522436,Walgreens Co. #16529,Pfizer-BioNTech - Ages 12 years and older,330-622-5396,https://www.walgreens.com,https://www.walgreens.com/findcare/vaccination/covid-19,375 S MAIN ST,AKRON,44311-1013,Summit County
40.570274,-83.120499,Walgreens Co. #13680,Pfizer-BioNTech - Ages 12 years and older,740-383-4529,https://www.walgreens.com,https://www.walgreens.com/findcare/vaccination/covid-19,1040 DELAWARE AVE,MARION,43302-6416,Marion County
41.505861,-81.618811,Walgreens Co. #16400,Pfizer-BioNTech - Ages 12 years and older,216-416-7680,https://www.walgreens.com,https://www.walgreens.com/findcare/vaccination/covid-19,10001 CHESTER AVE,CLEVELAND,44106-1617,Cuyahoga County
41.423404,-82.077738,Discount Drug Mart Inc #71,Pfizer-BioNTech - Ages 12 years and older,440-934-3840,http://covid.discount-drugmart.com,http://covid.discount-drugmart.com,5298 Detroit Road,Sheffield Village,44035,Lorain County
41.181889,-82.215454,Discount Drug Mart Inc #27,Moderna - Ages 12 years and older,440-647-6634,http://covid.discount-drugmart.com,http://covid.discount-drugmart.com,814 North Main Street,Wellington,44090,Lorain County
41.485408,-81.804111,Discount Drug Mart Inc #05,Pfizer-BioNTech - Ages 12 years and older,216-226-0600,http://covid.discount-drugmart.com,http://covid.discount-drugmart.com,15412 Detroit Avenue,Lakewood,44107,Cuyahoga County
40.719397,-81.115988,Discount Drug Mart Inc #50,Pfizer-BioNTech - Ages 12 years and older,330-868-3252,http://covid.discount-drugmart.com,http://covid.discount-drugmart.com,1145 Alliance Road NW,Minerva,44657,Carroll County
41.640667,-81.445557,Discount Drug Mart Inc #36,Pfizer-BioNTech - Ages 12 years and older,440-942-3330,http://covid.discount-drugmart.com,http://covid.discount-drugmart.com,34100 Vine Street,Willowick,44095,Lake County
41.028038,-81.999748,Discount Drug Mart Inc #69,Moderna - Ages 12 years and older,330-948-0520,http://covid.discount-drugmart.com,http://covid.discount-drugmart.com,661 Wooster Street,Lodi,44254,Medina County
40.866378,-82.640326,Discount Drug Mart Inc #70,Moderna - Ages 12 years and older,419-347-8055,http://covid.discount-drugmart.com,http://covid.discount-drugmart.com,219 Mansfield Avenue,Shelby,44875,Richland County
41.165189,-81.40482,Discount Drug Mart Inc #32,Moderna - Ages 12 years and older,330-688-6140,http://covid.discount-drugmart.com,http://covid.discount-drugmart.com,4044 Fishcreek Road,Stow,44224,Summit County
39.880071,-83.06441,Discount Drug Mart Inc #76,Pfizer-BioNTech - Ages 12 years and older,614-539-4880,http://covid.discount-drugmart.com,http://covid.discount-drugmart.com,2290 Stringtown Rd,Grove City,43123,Franklin County
41.425388,-82.336841,Discount Drug Mart Inc #29,Moderna - Ages 12 years and older,440-967-3000,http://covid.discount-drugmart.com,http://covid.discount-drugmart.com,4208 Liberty Avenue,Vermilion,44089,Lorain County
41.331565,-81.725537,Discount Drug Mart Inc #49,Moderna - Ages 12 years and older,440-230-9100,http://covid.discount-drugmart.com,http://covid.discount-drugmart.com,5500 Wallings Road,North Royalton,44133,Cuyahoga County
41.442866,-81.723741,Discount Drug Mart Inc #17,Moderna - Ages 12 years and older,216-741-3993,http://covid.discount-drugmart.com,http://covid.discount-drugmart.com,4170 Fulton Road,Cleveland,44144,Cuyahoga County
41.041858,-82.729404,Discount Drug Mart Inc #16,Moderna - Ages 12 years and older,419-935-6211,http://covid.discount-drugmart.com,http://covid.discount-drugmart.com,307 West Walton St,Willard,44890,Huron County
40.719397,-81.115988,Discount Drug Mart Inc #50,Moderna - Ages 12 years and older,330-868-3252,http://covid.discount-drugmart.com,http://covid.discount-drugmart.com,1145 Alliance Road NW,Minerva,44657,Carroll County
41.112775,-81.862986,Discount Drug Mart Inc #83,Moderna - Ages 12 years and older,330-721-0600,http://covid.discount-drugmart.com,http://covid.discount-drugmart.com,5923 Wooster Pike,Medina,44256,Medina County
41.050161,-81.72757,Discount Drug Mart Inc #40,Moderna - Ages 12 years and older,330-334-5811,http://covid.discount-drugmart.com,http://covid.discount-drugmart.com,1005 High Street,Wadsworth,44281,Medina County
41.408696,-82.210528,Discount Drug Mart Inc #02,Pfizer-BioNTech - Ages 12 years and older,440-984-2439,http://covid.discount-drugmart.com,http://covid.discount-drugmart.com,300 N Leavitt Rd,Amherst,44001,Lorain County
39.637531,-84.108278,Discount Drug Mart Inc #57,Moderna - Ages 12 years and older,937-848-3700,http://covid.discount-drugmart.com,http://covid.discount-drugmart.com,4441 State Route 725,Bellbrook,45305,Greene County
40.897269,-81.407097,Discount Drug Mart Inc #46,Pfizer-BioNTech - Ages 12 years and older,330-497-9393,http://covid.discount-drugmart.com,http://covid.discount-drugmart.com,1695 North Main Street,North Canton,44720,Stark County
41.155397,-81.33079,Discount Drug Mart Inc #55,Moderna - Ages 12 years and older,330-678-3001,http://covid.discount-drugmart.com,http://covid.discount-drugmart.com,1763 East Main Street,Kent,44240,Portage County
41.666577,-81.336418,Discount Drug Mart Inc #25,Pfizer-BioNTech - Ages 12 years and older,440-255-0040,http://covid.discount-drugmart.com,http://covid.discount-drugmart.com,8500 Mentor Avenue,Mentor,44060,Lake County
41.224386,-81.439452,Discount Drug Mart Inc #64,Moderna - Ages 12 years and older,330-342-5500,http://covid.discount-drugmart.com,http://covid.discount-drugmart.com,5863 Darrow Road,Hudson,44236,Summit County
41.149598,-81.862258,Discount Drug Mart Inc #07,Moderna - Ages 12 years and older,330-725-7117,http://covid.discount-drugmart.com,http://covid.discount-drugmart.com,135 Harding Street,Medina,44256,Medina County
40.880192,-81.43983,Discount Drug Mart Inc #51,Pfizer-BioNTech - Ages 12 years and older,330-966-2115,http://covid.discount-drugmart.com,http://covid.discount-drugmart.com,4925 Portage Street NW,North Canton,44720,Stark County
41.442866,-81.723741,Discount Drug Mart Inc #17,Pfizer-BioNTech - Ages 12 years and older,216-741-3993,http://covid.discount-drugmart.com,http://covid.discount-drugmart.com,4170 Fulton Road,Cleveland,44144,Cuyahoga County
41.387948,-82.079015,Discount Drug Mart Inc #01,Pfizer-BioNTech - Ages 12 years and older,440-365-8319,http://covid.discount-drugmart.com,http://covid.discount-drugmart.com,500 Abbe Road N,Elyria,44035,Lorain County
41.387948,-82.079015,Discount Drug Mart Inc #01,Moderna - Ages 12 years and older,440-365-8319,http://covid.discount-drugmart.com,http://covid.discount-drugmart.com,500 Abbe Road N,Elyria,44035,Lorain County
41.140037,-81.49114,Discount Drug Mart Inc #33,Pfizer-BioNTech - Ages 12 years and older,330-923-8332,http://covid.discount-drugmart.com,http://covid.discount-drugmart.com,655 Portage Trail,Cuyahoga Falls,44221,Summit County
41.155397,-81.33079,Discount Drug Mart Inc #55,Pfizer-BioNTech - Ages 12 years and older,330-678-3001,http://covid.discount-drugmart.com,http://covid.discount-drugmart.com,1763 East Main Street,Kent,44240,Portage County
41.396043,-81.640667,Discount Drug Mart Inc #18,Pfizer-BioNTech - Ages 12 years and older,216-524-1835,http://covid.discount-drugmart.com,http://covid.discount-drugmart.com,6160 Brecksville Road,Independence,44131,Cuyahoga County
41.309382,-82.215624,Discount Drug Mart Inc #23,Moderna - Ages 12 years and older,440-774-5212,http://covid.discount-drugmart.com,http://covid.discount-drugmart.com,12289 Leavitt Road,Oberlin,44074,Lorain County
41.396043,-81.640667,Discount Drug Mart Inc #18,Moderna - Ages 12 years and older,216-524-1835,http://covid.discount-drugmart.com,http://covid.discount-drugmart.com,6160 Brecksville Road,Independence,44131,Cuyahoga County
41.34409,-82.067186,Discount Drug Mart Inc #78,Moderna - Ages 12 years and older,440-366-6785,http://covid.discount-drugmart.com,http://covid.discount-drugmart.com,110 Chestnut Commons Dr,Elyria,44035,Lorain County
41.640667,-81.445557,Discount Drug Mart Inc #36,Moderna - Ages 12 years and older,440-942-3330,http://covid.discount-drugmart.com,http://covid.discount-drugmart.com,34100 Vine Street,Willowick,44095,Lake County
39.864361,-83.959129,Discount Drug Mart Inc #73,Pfizer-BioNTech - Ages 12 years and older,937-863-0045,http://covid.discount-drugmart.com,http://covid.discount-drugmart.com,7617 Dayton-Springfield Rd,Fairborn,45324,Clark County
41.229653,-81.839928,Discount Drug Mart Inc #03,Moderna - Ages 12 years and older,330-225-9615,http://covid.discount-drugmart.com,http://covid.discount-drugmart.com,1673 Pearl Road,Brunswick,44212,Medina County
41.050161,-81.72757,Discount Drug Mart Inc #40,Pfizer-BioNTech - Ages 12 years and older,330-334-5811,http://covid.discount-drugmart.com,http://covid.discount-drugmart.com,1005 High Street,Wadsworth,44281,Medina County
41.454099,-81.98808,Discount Drug Mart Inc #62,Pfizer-BioNTech - Ages 12 years and older,440-937-4510,http://covid.discount-drugmart.com,http://covid.discount-drugmart.com,33552 Detroit Rd,Avon,44011,Lorain County
41.735846,-80.770369,Discount Drug Mart Inc #61,Pfizer-BioNTech - Ages 12 years and older,440-576-3111,http://covid.discount-drugmart.com,http://covid.discount-drugmart.com,107 South Chestnut St,Jefferson,44047,Ashtabula County
41.135259,-81.688162,Discount Drug Mart Inc #86,Moderna - Ages 12 years and older,330-670-0060,http://covid.discount-drugmart.com,http://covid.discount-drugmart.com,38 South Medina Line Rd.,Copley,44321,Medina County
41.387895,-82.543102,Discount Drug Mart Inc #24,Pfizer-BioNTech - Ages 12 years and older,419-433-4565,http://covid.discount-drugmart.com,http://covid.discount-drugmart.com,420 Cleveland Rd East,Huron,44839,Erie County
41.423137,-82.678299,Discount Drug Mart Inc #14,Moderna - Ages 12 years and older,419-625-0733,http://covid.discount-drugmart.com,http://covid.discount-drugmart.com,3700 Milan Road,Sandusky,44870,Erie County
41.028038,-81.999748,Discount Drug Mart Inc #69,Pfizer-BioNTech - Ages 12 years and older,330-948-0520,http://covid.discount-drugmart.com,http://covid.discount-drugmart.com,661 Wooster Street,Lodi,44254,Medina County
41.23657,-81.87576,Discount Drug Mart Inc #85,Pfizer-BioNTech - Ages 12 years and older,330-273-8300,http://covid.discount-drugmart.com,http://covid.discount-drugmart.com,5270 Center Rd,Brunswick,44212,Medina County
39.637531,-84.108278,Discount Drug Mart Inc #57,Pfizer-BioNTech - Ages 12 years and older,937-848-3700,http://covid.discount-drugmart.com,http://covid.discount-drugmart.com,4441 State Route 725,Bellbrook,45305,Greene County
41.586265,-81.539473,Discount Drug Mart Inc #31,Moderna - Ages 12 years and older,216-531-1700,http://covid.discount-drugmart.com,http://covid.discount-drugmart.com,725 East 200th Street,Euclid,44119,Cuyahoga County
40.493003,-81.447726,Discount Drug Mart Inc #26,Moderna - Ages 12 years and older,330-339-6040,http://covid.discount-drugmart.com,http://covid.discount-drugmart.com,238 Second Street NW,New Phila.,44663,Tuscarawas County
41.385935,-81.761569,Discount Drug Mart Inc #35,Pfizer-BioNTech - Ages 12 years and older,440-845-6800,http://covid.discount-drugmart.com,http://covid.discount-drugmart.com,6476 York Road,Parma Heights,44130,Cuyahoga County
40.739931,-82.801634,Discount Drug Mart Inc #79,Moderna - Ages 12 years and older,419-468-3139,http://covid.discount-drugmart.com,http://covid.discount-drugmart.com,739 Carter Drive,Galion,44833,Crawford County
41.485408,-81.804111,Discount Drug Mart Inc #05,Moderna - Ages 12 years and older,216-226-0600,http://covid.discount-drugmart.com,http://covid.discount-drugmart.com,15412 Detroit Avenue,Lakewood,44107,Cuyahoga County
39.908453,-82.777878,Discount Drug Mart Inc #67,Pfizer-BioNTech - Ages 12 years and older,614-920-3330,http://covid.discount-drugmart.com,http://covid.discount-drugmart.com,845 Hill Road North,Pickerington,43147,Fairfield County
41.540492,-81.451352,Discount Drug Mart Inc #82,Moderna - Ages 12 years and older,440-684-1142,http://covid.discount-drugmart.com,http://covid.discount-drugmart.com,765 Alpha Dr,Highland Heights,44143,Cuyahoga County
41.044297,-81.43583,Discount Drug Mart Inc #45,Moderna - Ages 12 years and older,330-794-1181,http://covid.discount-drugmart.com,http://covid.discount-drugmart.com,711 Canton Road,Akron,44312,Summit County
41.165189,-81.40482,Discount Drug Mart Inc #32,Pfizer-BioNTech - Ages 12 years and older,330-688-6140,http://covid.discount-drugmart.com,http://covid.discount-drugmart.com,4044 Fishcreek Road,Stow,44224,Summit County
40.151825,-82.995932,Discount Drug Mart Inc #65,Moderna - Ages 12 years and older,614-841-7555,http://covid.discount-drugmart.com,http://covid.discount-drugmart.com,8951 S Old State Rd,Lewis Center,43035,Delaware County
39.352833,-84.33243,Discount Drug Mart Inc #77,Moderna - Ages 12 years and older,513-754-1361,http://covid.discount-drugmart.com,http://covid.discount-drugmart.com,6172 Tylersville Rd,Mason,45040,Warren County
41.229653,-81.839928,Discount Drug Mart Inc #03,Pfizer-BioNTech - Ages 12 years and older,330-225-9615,http://covid.discount-drugmart.com,http://covid.discount-drugmart.com,1673 Pearl Road,Brunswick,44212,Medina County
41.258524,-82.613655,Discount Drug Mart Inc #37,Moderna - Ages 12 years and older,419-668-3024,http://covid.discount-drugmart.com,http://covid.discount-drugmart.com,201 Cline Street,Norwalk,44857,Huron County
41.373102,-81.90087,Discount Drug Mart Inc #28,Moderna - Ages 12 years and older,440-235-8787,http://covid.discount-drugmart.com,http://covid.discount-drugmart.com,8191 Columbia Road,Olmsted Falls,44138,Cuyahoga County
39.352833,-84.33243,Discount Drug Mart Inc #77,Pfizer-BioNTech - Ages 12 years and older,513-754-1361,http://covid.discount-drugmart.com,http://covid.discount-drugmart.com,6172 Tylersville Rd,Mason,45040,Warren County
40.829108,-83.260051,Discount Drug Mart Inc #43,Moderna - Ages 12 years and older,419-294-5900,http://covid.discount-drugmart.com,http://covid.discount-drugmart.com,1155 East Wyandot Ave,Upper Sandusky,43351,Wyandot County
41.224386,-81.439452,Discount Drug Mart Inc #64,Pfizer-BioNTech - Ages 12 years and older,330-342-5500,http://covid.discount-drugmart.com,http://covid.discount-drugmart.com,5863 Darrow Road,Hudson,44236,Summit County
40.590444,-81.091319,Discount Drug Mart Inc #63,Moderna - Ages 12 years and older,330-627-9005,http://covid.discount-drugmart.com,http://covid.discount-drugmart.com,592 12th Street NW,Carrollton,44615,Carroll County
40.151825,-82.995932,Discount Drug Mart Inc #65,Pfizer-BioNTech - Ages 12 years and older,614-841-7555,http://covid.discount-drugmart.com,http://covid.discount-drugmart.com,8951 S Old State Rd,Lewis Center,43035,Delaware County
41.666577,-81.336418,Discount Drug Mart Inc #25,Moderna - Ages 12 years and older,440-255-0040,http://covid.discount-drugmart.com,http://covid.discount-drugmart.com,8500 Mentor Avenue,Mentor,44060,Lake County
41.876851,-80.756257,Discount Drug Mart Inc #60,Moderna - Ages 12 years and older,440-998-0663,http://covid.discount-drugmart.com,http://covid.discount-drugmart.com,3032 North Ridge Rd E,Ashtabula,44004,Ashtabula County
40.760324,-82.588479,Discount Drug Mart Inc #59,Moderna - Ages 12 years and older,419-529-8101,http://covid.discount-drugmart.com,http://covid.discount-drugmart.com,25 Briggs Drive,Ontario,44906,Richland County
40.547093,-82.844799,Discount Drug Mart Inc #81,Pfizer-BioNTech - Ages 12 years and older,419-947-1404,http://covid.discount-drugmart.com,http://covid.discount-drugmart.com,525 W Marion Rd,Mount Gilead,43338,Morrow County
41.452604,-81.637971,Discount Drug Mart Inc #21,Pfizer-BioNTech - Ages 12 years and older,216-341-7370,http://covid.discount-drugmart.com,http://covid.discount-drugmart.com,3889 East 71st Street,Cleveland,44105,Cuyahoga County
41.311557,-81.687028,Discount Drug Mart Inc #90,Moderna - Ages 12 years and older,440-652-4115,http://covid.discount-drugmart.com,http://covid.discount-drugmart.com,9318 Broadview Rd,Broadview Hts,44147,Cuyahoga County
41.425388,-82.336841,Discount Drug Mart Inc #29,Pfizer-BioNTech - Ages 12 years and older,440-967-3000,http://covid.discount-drugmart.com,http://covid.discount-drugmart.com,4208 Liberty Avenue,Vermilion,44089,Lorain County
41.313521,-81.856415,Discount Drug Mart Inc #84,Pfizer-BioNTech - Ages 12 years and older,440-238-2400,http://covid.discount-drugmart.com,http://covid.discount-drugmart.com,13919 Prospect Rd,Strongsville,44149,Cuyahoga County
41.309382,-82.215624,Discount Drug Mart Inc #23,Pfizer-BioNTech - Ages 12 years and older,440-774-5212,http://covid.discount-drugmart.com,http://covid.discount-drugmart.com,12289 Leavitt Road,Oberlin,44074,Lorain County
40.829108,-83.260051,Discount Drug Mart Inc #43,Pfizer-BioNTech - Ages 12 years and older,419-294-5900,http://covid.discount-drugmart.com,http://covid.discount-drugmart.com,1155 East Wyandot Ave,Upper Sandusky,43351,Wyandot County
40.832583,-81.432629,Discount Drug Mart Inc #42,Pfizer-BioNTech - Ages 12 years and older,330-477-1558,http://covid.discount-drugmart.com,http://covid.discount-drugmart.com,4730 Hills and Dales Rd NW,Canton,44708,Stark County
39.559363,-84.239158,Discount Drug Mart Inc #56,Moderna - Ages 12 years and older,937-748-3000,http://covid.discount-drugmart.com,http://covid.discount-drugmart.com,240 West Central Ave,Springboro,45066,Warren County
41.494052,-82.044289,Discount Drug Mart Inc #04,Pfizer-BioNTech - Ages 12 years and older,440-933-2327,http://covid.discount-drugmart.com,http://covid.discount-drugmart.com,33382 Walker Road,Avon Lake,44012,Lorain County
40.873065,-81.33063,Discount Drug Mart Inc #89,Pfizer-BioNTech - Ages 12 years and older,330-526-7423,http://covid.discount-drugmart.com,http://covid.discount-drugmart.com,2710 Easton St NE,Canton,44721,Stark County
40.789996,-80.776495,Discount Drug Mart Inc #88,Moderna - Ages 12 years and older,330-870-1190,http://covid.discount-drugmart.com,http://covid.discount-drugmart.com,7626 State Route 45,Lisbon,44432,Columbiana County
41.452604,-81.637971,Discount Drug Mart Inc #21,Moderna - Ages 12 years and older,216-341-7370,http://covid.discount-drugmart.com,http://covid.discount-drugmart.com,3889 East 71st Street,Cleveland,44105,Cuyahoga County
41.387895,-82.543102,Discount Drug Mart Inc #24,Moderna - Ages 12 years and older,419-433-4565,http://covid.discount-drugmart.com,http://covid.discount-drugmart.com,420 Cleveland Rd East,Huron,44839,Erie County
41.467627,-81.922874,Discount Drug Mart Inc #10,Pfizer-BioNTech - Ages 12 years and older,440-871-6077,http://covid.discount-drugmart.com,http://covid.discount-drugmart.com,27300 Detroit Rd,Westlake,44145,Cuyahoga County
41.526676,-81.337117,Discount Drug Mart Inc #34,Pfizer-BioNTech - Ages 12 years and older,440-729-2400,http://covid.discount-drugmart.com,http://covid.discount-drugmart.com,12575 Chillicothe Rd,Chesterland,44026,Geauga County
41.311557,-81.687028,Discount Drug Mart Inc #90,Pfizer-BioNTech - Ages 12 years and older,440-652-4115,http://covid.discount-drugmart.com,http://covid.discount-drugmart.com,9318 Broadview Rd,Broadview Hts,44147,Cuyahoga County
39.908453,-82.777878,Discount Drug Mart Inc #67,Moderna - Ages 12 years and older,614-920-3330,http://covid.discount-drugmart.com,http://covid.discount-drugmart.com,845 Hill Road North,Pickerington,43147,Fairfield County
40.880192,-81.43983,Discount Drug Mart Inc #51,Moderna - Ages 12 years and older,330-966-2115,http://covid.discount-drugmart.com,http://covid.discount-drugmart.com,4925 Portage Street NW,North Canton,44720,Stark County
41.315355,-82.991565,Discount Drug Mart Inc #72,Pfizer-BioNTech - Ages 12 years and older,419-547-4000,http://covid.discount-drugmart.com,http://covid.discount-drugmart.com,1062 W McPherson Hwy,Clyde,43410,Sandusky County
41.258524,-82.613655,Discount Drug Mart Inc #37,Pfizer-BioNTech - Ages 12 years and older,419-668-3024,http://covid.discount-drugmart.com,http://covid.discount-drugmart.com,201 Cline Street,Norwalk,44857,Huron County
41.181889,-82.215454,Discount Drug Mart Inc #27,Pfizer-BioNTech - Ages 12 years and older,440-647-6634,http://covid.discount-drugmart.com,http://covid.discount-drugmart.com,814 North Main Street,Wellington,44090,Lorain County
41.135259,-81.688162,Discount Drug Mart Inc #86,Pfizer-BioNTech - Ages 12 years and older,330-670-0060,http://covid.discount-drugmart.com,http://covid.discount-drugmart.com,38 South Medina Line Rd.,Copley,44321,Medina County
41.112775,-81.862986,Discount Drug Mart Inc #83,Pfizer-BioNTech - Ages 12 years and older,330-721-0600,http://covid.discount-drugmart.com,http://covid.discount-drugmart.com,5923 Wooster Pike,Medina,44256,Medina County
41.044297,-81.43583,Discount Drug Mart Inc #45,Pfizer-BioNTech - Ages 12 years and older,330-794-1181,http://covid.discount-drugmart.com,http://covid.discount-drugmart.com,711 Canton Road,Akron,44312,Summit County
41.140037,-81.49114,Discount Drug Mart Inc #33,Moderna - Ages 12 years and older,330-923-8332,http://covid.discount-drugmart.com,http://covid.discount-drugmart.com,655 Portage Trail,Cuyahoga Falls,44221,Summit County
41.373102,-81.90087,Discount Drug Mart Inc #28,Pfizer-BioNTech - Ages 12 years and older,440-235-8787,http://covid.discount-drugmart.com,http://covid.discount-drugmart.com,8191 Columbia Road,Olmsted Falls,44138,Cuyahoga County
41.433745,-81.821316,Discount Drug Mart Inc #15,Moderna - Ages 12 years and older,216-267-4630,http://covid.discount-drugmart.com,http://covid.discount-drugmart.com,17815 Puritas Avenue,Cleveland,44135,Cuyahoga County
41.454099,-81.98808,Discount Drug Mart Inc #62,Moderna - Ages 12 years and older,440-937-4510,http://covid.discount-drugmart.com,http://covid.discount-drugmart.com,33552 Detroit Rd,Avon,44011,Lorain County
41.411261,-81.340027,Discount Drug Mart Inc #48,Moderna - Ages 12 years and older,440-543-8844,http://covid.discount-drugmart.com,http://covid.discount-drugmart.com,8459 E Washington Street,Chagrin Falls,44023,Geauga County
41.735846,-80.770369,Discount Drug Mart Inc #61,Moderna - Ages 12 years and older,440-576-3111,http://covid.discount-drugmart.com,http://covid.discount-drugmart.com,107 South Chestnut St,Jefferson,44047,Ashtabula County
41.411261,-81.340027,Discount Drug Mart Inc #48,Pfizer-BioNTech - Ages 12 years and older,440-543-8844,http://covid.discount-drugmart.com,http://covid.discount-drugmart.com,8459 E Washington Street,Chagrin Falls,44023,Geauga County
41.23657,-81.87576,Discount Drug Mart Inc #85,Moderna - Ages 12 years and older,330-273-8300,http://covid.discount-drugmart.com,http://covid.discount-drugmart.com,5270 Center Rd,Brunswick,44212,Medina County
41.484305,-81.779471,Discount Drug Mart Inc #41,Pfizer-BioNTech - Ages 12 years and older,216-529-9100,http://covid.discount-drugmart.com,http://covid.discount-drugmart.com,13123 Detroit Ave,Lakewood,44107,Cuyahoga County
41.540492,-81.451352,Discount Drug Mart Inc #82,Pfizer-BioNTech - Ages 12 years and older,440-684-1142,http://covid.discount-drugmart.com,http://covid.discount-drugmart.com,765 Alpha Dr,Highland Heights,44143,Cuyahoga County
40.550255,-81.494057,Discount Drug Mart Inc #52,Moderna - Ages 12 years and older,330-343-7700,http://covid.discount-drugmart.com,http://covid.discount-drugmart.com,3015 North Wooster Ave,Dover,44622,Tuscarawas County
41.313521,-81.856415,Discount Drug Mart Inc #84,Moderna - Ages 12 years and older,440-238-2400,http://covid.discount-drugmart.com,http://covid.discount-drugmart.com,13919 Prospect Rd,Strongsville,44149,Cuyahoga County
41.494052,-82.044289,Discount Drug Mart Inc #04,Moderna - Ages 12 years and older,440-933-2327,http://covid.discount-drugmart.com,http://covid.discount-drugmart.com,33382 Walker Road,Avon Lake,44012,Lorain County
40.832583,-81.432629,Discount Drug Mart Inc #42,Moderna - Ages 12 years and older,330-477-1558,http://covid.discount-drugmart.com,http://covid.discount-drugmart.com,4730 Hills and Dales Rd NW,Canton,44708,Stark County
41.484305,-81.779471,Discount Drug Mart Inc #41,Moderna - Ages 12 years and older,216-529-9100,http://covid.discount-drugmart.com,http://covid.discount-drugmart.com,13123 Detroit Ave,Lakewood,44107,Cuyahoga County
41.392166,-81.576009,Discount Drug Mart Inc #38,Moderna - Ages 12 years and older,216-663-4711,http://covid.discount-drugmart.com,http://covid.discount-drugmart.com,6148 Dunham Road,Maple Heights,44137,Cuyahoga County
41.331565,-81.725537,Discount Drug Mart Inc #49,Pfizer-BioNTech - Ages 12 years and older,440-230-9100,http://covid.discount-drugmart.com,http://covid.discount-drugmart.com,5500 Wallings Road,North Royalton,44133,Cuyahoga County
41.526676,-81.337117,Discount Drug Mart Inc #34,Moderna - Ages 12 years and older,440-729-2400,http://covid.discount-drugmart.com,http://covid.discount-drugmart.com,12575 Chillicothe Rd,Chesterland,44026,Geauga County
41.433745,-81.821316,Discount Drug Mart Inc #15,Pfizer-BioNTech - Ages 12 years and older,216-267-4630,http://covid.discount-drugmart.com,http://covid.discount-drugmart.com,17815 Puritas Avenue,Cleveland,44135,Cuyahoga County
40.550255,-81.494057,Discount Drug Mart Inc #52,Pfizer-BioNTech - Ages 12 years and older,330-343-7700,http://covid.discount-drugmart.com,http://covid.discount-drugmart.com,3015 North Wooster Ave,Dover,44622,Tuscarawas County
41.341034,-81.417172,Discount Drug Mart Inc #80,Pfizer-BioNTech - Ages 12 years and older,330-405-6650,http://covid.discount-drugmart.com,http://covid.discount-drugmart.com,3100 Glenwood Blvd,Twinsburg,44087,Summit County
41.408696,-82.210528,Discount Drug Mart Inc #02,Moderna - Ages 12 years and older,440-984-2439,http://covid.discount-drugmart.com,http://covid.discount-drugmart.com,300 N Leavitt Rd,Amherst,44001,Lorain County
39.626814,-84.199234,Discount Drug Mart Inc #58,Moderna - Ages 12 years and older,937-439-9779,http://covid.discount-drugmart.com,http://covid.discount-drugmart.com,1575 Lyons Road,Centerville,45458,Montgomery County
39.864361,-83.959129,Discount Drug Mart Inc #73,Moderna - Ages 12 years and older,937-863-0045,http://covid.discount-drugmart.com,http://covid.discount-drugmart.com,7617 Dayton-Springfield Rd,Fairborn,45324,Clark County
40.493003,-81.447726,Discount Drug Mart Inc #26,Pfizer-BioNTech - Ages 12 years and older,330-339-6040,http://covid.discount-drugmart.com,http://covid.discount-drugmart.com,238 Second Street NW,New Phila.,44663,Tuscarawas County
41.423137,-82.678299,Discount Drug Mart Inc #14,Pfizer-BioNTech - Ages 12 years and older,419-625-0733,http://covid.discount-drugmart.com,http://covid.discount-drugmart.com,3700 Milan Road,Sandusky,44870,Erie County
40.760324,-82.588479,Discount Drug Mart Inc #59,Pfizer-BioNTech - Ages 12 years and older,419-529-8101,http://covid.discount-drugmart.com,http://covid.discount-drugmart.com,25 Briggs Drive,Ontario,44906,Richland County
40.805908,-81.934175,Discount Drug Mart Inc #30,Pfizer-BioNTech - Ages 12 years and older,330-264-8404,http://covid.discount-drugmart.com,http://covid.discount-drugmart.com,629 Beall Avenue,Wooster,44691,Wayne County
39.880071,-83.06441,Discount Drug Mart Inc #76,Moderna - Ages 12 years and older,614-539-4880,http://covid.discount-drugmart.com,http://covid.discount-drugmart.com,2290 Stringtown Rd,Grove City,43123,Franklin County
40.805908,-81.934175,Discount Drug Mart Inc #30,Moderna - Ages 12 years and older,330-264-8404,http://covid.discount-drugmart.com,http://covid.discount-drugmart.com,629 Beall Avenue,Wooster,44691,Wayne County
39.626814,-84.199234,Discount Drug Mart Inc #58,Pfizer-BioNTech - Ages 12 years and older,937-439-9779,http://covid.discount-drugmart.com,http://covid.discount-drugmart.com,1575 Lyons Road,Centerville,45458,Montgomery County
41.466273,-82.14731,Discount Drug Mart Inc #19,Moderna - Ages 12 years and older,440-288-0191,http://covid.discount-drugmart.com,http://covid.discount-drugmart.com,2253 Colorado Avenue,Lorain,44052,Lorain County
41.149598,-81.862258,Discount Drug Mart Inc #07,Pfizer-BioNTech - Ages 12 years and older,330-725-7117,http://covid.discount-drugmart.com,http://covid.discount-drugmart.com,135 Harding Street,Medina,44256,Medina County
41.315355,-82.991565,Discount Drug Mart Inc #72,Moderna - Ages 12 years and older,419-547-4000,http://covid.discount-drugmart.com,http://covid.discount-drugmart.com,1062 W McPherson Hwy,Clyde,43410,Sandusky County
41.041858,-82.729404,Discount Drug Mart Inc #16,Pfizer-BioNTech - Ages 12 years and older,419-935-6211,http://covid.discount-drugmart.com,http://covid.discount-drugmart.com,307 West Walton St,Willard,44890,Huron County
40.873065,-81.33063,Discount Drug Mart Inc #89,Moderna - Ages 12 years and older,330-526-7423,http://covid.discount-drugmart.com,http://covid.discount-drugmart.com,2710 Easton St NE,Canton,44721,Stark County
41.426308,-81.892846,Discount Drug Mart Inc #08,Moderna - Ages 12 years and older,440-734-3880,http://covid.discount-drugmart.com,http://covid.discount-drugmart.com,24485 Lorain Road,North Olmsted,44070,Cuyahoga County
41.426308,-81.892846,Discount Drug Mart Inc #08,Pfizer-BioNTech - Ages 12 years and older,440-734-3880,http://covid.discount-drugmart.com,http://covid.discount-drugmart.com,24485 Lorain Road,North Olmsted,44070,Cuyahoga County
40.897269,-81.407097,Discount Drug Mart Inc #46,Moderna - Ages 12 years and older,330-497-9393,http://covid.discount-drugmart.com,http://covid.discount-drugmart.com,1695 North Main Street,North Canton,44720,Stark County
40.789996,-80.776495,Discount Drug Mart Inc #88,Pfizer-BioNTech - Ages 12 years and older,330-870-1190,http://covid.discount-drugmart.com,http://covid.discount-drugmart.com,7626 State Route 45,Lisbon,44432,Columbiana County
41.34409,-82.067186,Discount Drug Mart Inc #78,Pfizer-BioNTech - Ages 12 years and older,440-366-6785,http://covid.discount-drugmart.com,http://covid.discount-drugmart.com,110 Chestnut Commons Dr,Elyria,44035,Lorain County
41.423404,-82.077738,Discount Drug Mart Inc #71,Moderna - Ages 12 years and older,440-934-3840,http://covid.discount-drugmart.com,http://covid.discount-drugmart.com,5298 Detroit Road,Sheffield Village,44035,Lorain County
41.466273,-82.14731,Discount Drug Mart Inc #19,Pfizer-BioNTech - Ages 12 years and older,440-288-0191,http://covid.discount-drugmart.com,http://covid.discount-drugmart.com,2253 Colorado Avenue,Lorain,44052,Lorain County
40.866378,-82.640326,Discount Drug Mart Inc #70,Pfizer-BioNTech - Ages 12 years and older,419-347-8055,http://covid.discount-drugmart.com,http://covid.discount-drugmart.com,219 Mansfield Avenue,Shelby,44875,Richland County
41.653124,-81.23889,Discount Drug Mart Inc #87,Pfizer-BioNTech - Ages 12 years and older,440-853-2542,http://covid.discount-drugmart.com,http://covid.discount-drugmart.com,8023 Crile Rd,Painesville,44077,Lake County
41.653124,-81.23889,Discount Drug Mart Inc #87,Moderna - Ages 12 years and older,440-853-2542,http://covid.discount-drugmart.com,http://covid.discount-drugmart.com,8023 Crile Rd,Painesville,44077,Lake County
39.559363,-84.239158,Discount Drug Mart Inc #56,Pfizer-BioNTech - Ages 12 years and older,937-748-3000,http://covid.discount-drugmart.com,http://covid.discount-drugmart.com,240 West Central Ave,Springboro,45066,Warren County
40.739931,-82.801634,Discount Drug Mart Inc #79,Pfizer-BioNTech - Ages 12 years and older,419-468-3139,http://covid.discount-drugmart.com,http://covid.discount-drugmart.com,739 Carter Drive,Galion,44833,Crawford County
41.586265,-81.539473,Discount Drug Mart Inc #31,Pfizer-BioNTech - Ages 12 years and older,216-531-1700,http://covid.discount-drugmart.com,http://covid.discount-drugmart.com,725 East 200th Street,Euclid,44119,Cuyahoga County
40.590444,-81.091319,Discount Drug Mart Inc #63,Pfizer-BioNTech - Ages 12 years and older,330-627-9005,http://covid.discount-drugmart.com,http://covid.discount-drugmart.com,592 12th Street NW,Carrollton,44615,Carroll County
41.341034,-81.417172,Discount Drug Mart Inc #80,Moderna - Ages 12 years and older,330-405-6650,http://covid.discount-drugmart.com,http://covid.discount-drugmart.com,3100 Glenwood Blvd,Twinsburg,44087,Summit County
41.876851,-80.756257,Discount Drug Mart Inc #60,Pfizer-BioNTech - Ages 12 years and older,440-998-0663,http://covid.discount-drugmart.com,http://covid.discount-drugmart.com,3032 North Ridge Rd E,Ashtabula,44004,Ashtabula County
41.392166,-81.576009,Discount Drug Mart Inc #38,Pfizer-BioNTech - Ages 12 years and older,216-663-4711,http://covid.discount-drugmart.com,http://covid.discount-drugmart.com,6148 Dunham Road,Maple Heights,44137,Cuyahoga County
41.385935,-81.761569,Discount Drug Mart Inc #35,Moderna - Ages 12 years and older,440-845-6800,http://covid.discount-drugmart.com,http://covid.discount-drugmart.com,6476 York Road,Parma Heights,44130,Cuyahoga County
41.467627,-81.922874,Discount Drug Mart Inc #10,Moderna - Ages 12 years and older,440-871-6077,http://covid.discount-drugmart.com,http://covid.discount-drugmart.com,27300 Detroit Rd,Westlake,44145,Cuyahoga County
40.853345,-82.336966,Discount Drug Mart Inc #44,Moderna - Ages 12 years and older,419-281-7880,http://covid.discount-drugmart.com,http://covid.discount-drugmart.com,1631 Claremont Ave,Ashland,44805,Ashland County
40.853345,-82.336966,Discount Drug Mart Inc #44,Pfizer-BioNTech - Ages 12 years and older,419-281-7880,http://covid.discount-drugmart.com,http://covid.discount-drugmart.com,1631 Claremont Ave,Ashland,44805,Ashland County
40.547093,-82.844799,Discount Drug Mart Inc #81,Moderna - Ages 12 years and older,419-947-1404,http://covid.discount-drugmart.com,http://covid.discount-drugmart.com,525 W Marion Rd,Mount Gilead,43338,Morrow County
39.950854,-83.796996,Clark County Combined Health District,Pfizer-BioNTech - Ages 5 through 11 years,(937) 717-2439,NA,http://gettheshot.coronavirus.ohio.gov,529 E. Home Road,Springfield,45503,Clark County
39.950854,-83.796996,Clark County Combined Health District,Pfizer-BioNTech - Ages 6 months through 4 years,(937) 717-2439,NA,http://gettheshot.coronavirus.ohio.gov,529 E. Home Road,Springfield,45503,Clark County
39.936418,-84.02461,Rite Aid #RA102629,Moderna - Ages 12 years and older,937-845-2042,https://www.riteaid.com,https://www.riteaid.com/pharmacy/scheduler,120 SOUTH MAIN STREET,NEW CARLISLE,45344-1951,Clark County
39.950854,-83.796996,Clark County Combined Health District,Moderna - Ages 12 years and older,(937) 717-2439,NA,http://gettheshot.coronavirus.ohio.gov,529 E. Home Road,Springfield,45503,Clark County
39.327901,-82.115509,The Drugstore at O'Bleness #3675040,Moderna - Ages 6 months through 11 years,(740) 566-4690,https://thedrugstoreatobleness.com,https://gettheshot.coronavirus.ohio.gov/,75 Hospital Drive Suite 130,ATHENS,45701,Athens County
39.936418,-84.02461,Rite Aid #RA102629,Pfizer-BioNTech - Ages 12 years and older,937-845-2042,https://www.riteaid.com,https://www.riteaid.com/pharmacy/scheduler,120 SOUTH MAIN STREET,NEW CARLISLE,45344-1951,Clark County
39.327901,-82.115509,The Drugstore at O'Bleness #3675040,Moderna - Ages 12 years and older,(740) 566-4690,https://thedrugstoreatobleness.com,https://gettheshot.coronavirus.ohio.gov/,75 Hospital Drive Suite 130,ATHENS,45701,Athens County
39.28889,-84.456482,Sams Club #10-8132,Moderna - Ages 12 years and older,5136712016,https://www.samsclub.com/club/8132,https://www.samsclub.com/pharmacy/immunization?imzType=covid,800 Kemper Commons Cir,Cincinnati,45246-2544,Hamilton County
40.084808,-82.974895,Happy Druggist Pharmacy  KRD #3640605,Moderna - Ages 12 years and older,(614) 847-3784,http://druggist4u.com,http://gettheshot.coronavirus.ohio.gov,5770 KARL RD,Columbus,43229,Franklin County
40.075035,-80.878768,Sams Club #10-6556,Moderna - Ages 12 years and older,7406950198,https://www.samsclub.com/club/6556,https://www.samsclub.com/pharmacy/immunization?imzType=covid,50555 Valley Plaza Dr,Saint Clairsville,43950-1757,Belmont County
41.463964,-81.60377,Walgreens Co. #3256,Pfizer-BioNTech - Ages 12 years and older,216-751-2902,https://www.walgreens.com,https://www.walgreens.com/findcare/vaccination/covid-19,11401 UNION AVE,CLEVELAND,44105-1801,Cuyahoga County
40.71789,-81.594384,Brewster Family Pharmacy #3660897,Moderna - Ages 6 months through 11 years,(330) 767-3436,https://brewsterpharmacy.com/,http://gettheshot.coronavirus.ohio.gov,360 North Wabash Avenue,Brewster,44613,Stark County
40.71789,-81.594384,Brewster Family Pharmacy #3660897,Pfizer-BioNTech - Ages 12 years and older,(330) 767-3436,https://brewsterpharmacy.com/,http://gettheshot.coronavirus.ohio.gov,360 North Wabash Avenue,Brewster,44613,Stark County
40.71789,-81.594384,Brewster Family Pharmacy #3660897,Moderna - Ages 12 years and older,(330) 767-3436,https://brewsterpharmacy.com/,http://gettheshot.coronavirus.ohio.gov,360 North Wabash Avenue,Brewster,44613,Stark County
40.769231,-82.593597,Avita Ontario Pharmacy,Moderna - Ages 12 years and older,(567) 307-7570,https://pharmacyfinder.rxlocal.com/pharmacyFinder/patient/scheduling/appointmentregistration?locationid=18b9d8ca-660f-42de-bddb-eec536d44fe1,http://gettheshot.coronavirus.ohio.gov,600 Richland Mall,Mansfield,44906,Richland County
41.040798,-81.4917,Walgreens Co. #3281,Pfizer-BioNTech - Ages 12 years and older,330-773-0857,https://www.walgreens.com,https://www.walgreens.com/findcare/vaccination/covid-19,1130 S ARLINGTON ST,AKRON,44306-3527,Summit County
39.910467,-82.779627,Walgreens Co. #12008,Pfizer-BioNTech - Ages 12 years and older,614-751-1736,https://www.walgreens.com,https://www.walgreens.com/findcare/vaccination/covid-19,1101 HILL RD N,PICKERINGTON,43147-8887,Fairfield County
41.51941,-81.476197,Walgreens Co. #11558,Moderna - Ages 12 years and older,440-646-2314,https://www.walgreens.com,https://www.walgreens.com/findcare/vaccination/covid-19,5644 MAYFIELD RD,LYNDHURST,44124-2916,Cuyahoga County
41.448396,-81.564099,Walgreens Co. #6659,Moderna - Ages 12 years and older,216-561-1318,https://www.walgreens.com,https://www.walgreens.com/findcare/vaccination/covid-19,4071 LEE RD,CLEVELAND,44128-2100,Cuyahoga County
39.250247,-84.297577,Walgreens Co. #6191,Moderna - Ages 12 years and older,513-683-5615,https://www.walgreens.com,https://www.walgreens.com/findcare/vaccination/covid-19,10529 LOVELAND MADEIRA RD,LOVELAND,45140-8963,Hamilton County
41.351278,-81.76049,Walgreens Co. #10328,Moderna - Ages 12 years and older,440-845-4903,https://www.walgreens.com,https://www.walgreens.com/findcare/vaccination/covid-19,7888 YORK RD,PARMA,44130-7314,Cuyahoga County
41.643084,-81.436797,Walgreens Co. #13058,Moderna - Ages 12 years and older,440-918-0700,https://www.walgreens.com,https://www.walgreens.com/findcare/vaccination/covid-19,35279 VINE ST,WILLOWICK,44095-3140,Lake County
40.759687,-82.552357,Walgreens Co. #9047,Pfizer-BioNTech - Ages 12 years and older,419-529-3790,https://www.walgreens.com,https://www.walgreens.com/findcare/vaccination/covid-19,1000 PARK AVE W,MANSFIELD,44906-2810,Richland County
41.387044,-83.651218,Walgreens Co. #10868,Pfizer-BioNTech - Ages 12 years and older,419-352-1645,https://www.walgreens.com,https://www.walgreens.com/findcare/vaccination/covid-19,1013 N MAIN ST,BOWLING GREEN,43402-1302,Wood County
41.128979,-81.610429,Walgreens Co. #11143,Moderna - Ages 12 years and older,330-867-1946,https://www.walgreens.com,https://www.walgreens.com/findcare/vaccination/covid-19,3009 W MARKET ST,FAIRLAWN,44333-3610,Summit County
41.401369,-81.595546,Walgreens Co. #4684,Moderna - Ages 12 years and older,216-587-2943,https://www.walgreens.com,https://www.walgreens.com/findcare/vaccination/covid-19,12777 ROCKSIDE RD,GARFIELD HEIGHTS,44125-4526,Cuyahoga County
41.53175,-81.580832,Walgreens Co. #21259,Pfizer-BioNTech - Ages 12 years and older,216-851-1472,https://www.walgreens.com,https://www.walgreens.com/findcare/vaccination/covid-19,14501 EUCLID AVE,CLEVELAND,44112,Cuyahoga County
39.030912,-84.220906,Walgreens Co. #7489,Pfizer-BioNTech - Ages 12 years and older,513-752-7131,https://www.walgreens.com,https://www.walgreens.com/findcare/vaccination/covid-19,57 W MAIN ST,AMELIA,45102-1737,Clermont County
41.061933,-80.711653,Walgreens Co. #9903,Pfizer-BioNTech - Ages 12 years and older,330-797-3205,https://www.walgreens.com,https://www.walgreens.com/findcare/vaccination/covid-19,3800 TIPPECANOE RD,YOUNGSTOWN,44511-3310,Mahoning County
40.451803,-80.611839,Walgreens Co. #19910,Pfizer-BioNTech - Ages 12 years and older,740-537-9425,https://www.walgreens.com,https://www.walgreens.com/findcare/vaccination/covid-19,1820 FRANKLIN ST,TORONTO,43964-1949,Jefferson County
40.145476,-82.924153,Walgreens Co. #7940,Pfizer-BioNTech - Ages 12 years and older,614-865-0352,https://www.walgreens.com,https://www.walgreens.com/findcare/vaccination/covid-19,748 N STATE ST,WESTERVILLE,43082-9066,Delaware County
41.155991,-80.568235,Walgreens Co. #9669,Pfizer-BioNTech - Ages 12 years and older,330-534-4519,https://www.walgreens.com,https://www.walgreens.com/findcare/vaccination/covid-19,15 S MAIN ST,HUBBARD,44425-2154,Trumbull County
41.247372,-82.618545,Walgreens Co. #10956,Pfizer-BioNTech - Ages 12 years and older,419-668-0424,https://www.walgreens.com,https://www.walgreens.com/findcare/vaccination/covid-19,4 E LEAGUE ST,NORWALK,44857-1308,Huron County
40.147263,-82.991565,Walgreens Co. #13007,Moderna - Ages 12 years and older,614-781-1037,https://www.walgreens.com,https://www.walgreens.com/findcare/vaccination/covid-19,1040 POLARIS PKWY,COLUMBUS,43240-2005,Delaware County
40.372407,-80.681109,Walgreens Co. #17303,Moderna - Ages 12 years and older,740-264-0611,https://www.walgreens.com,https://www.walgreens.com/findcare/vaccination/covid-19,4402 SUNSET BOULEVARD,STEUBENVILLE,43953,Jefferson County
40.158758,-80.706325,Walgreens Co. #18289,Pfizer-BioNTech - Ages 12 years and older,740-859-2449,https://www.walgreens.com,https://www.walgreens.com/findcare/vaccination/covid-19,400 PUBLIC ROAD,YORKVILLE,43971,Jefferson County
39.412028,-81.448456,Walgreens Co. #11293,Pfizer-BioNTech - Ages 12 years and older,740-376-1015,https://www.walgreens.com,https://www.walgreens.com/findcare/vaccination/covid-19,300 GREENE ST,MARIETTA,45750-3133,Washington County
41.311897,-81.439487,Walgreens Co. #4775,Pfizer-BioNTech - Ages 12 years and older,330-405-6268,https://www.walgreens.com,https://www.walgreens.com/findcare/vaccination/covid-19,9043 DARROW RD,TWINSBURG,44087-2138,Summit County
39.094379000000004,-84.38764,Walgreens Co. #7900,Pfizer-BioNTech - Ages 12 years and older,513-232-7200,https://www.walgreens.com,https://www.walgreens.com/findcare/vaccination/covid-19,2203 BEECHMONT AVE,MOUNT WASHINGTON,45230-1518,Hamilton County
41.14927,-81.864181,Walgreens Co. #6458,Moderna - Ages 12 years and older,330-764-4399,https://www.walgreens.com,https://www.walgreens.com/findcare/vaccination/covid-19,805 N COURT ST,MEDINA,44256-1718,Medina County
41.870182,-80.782648,Walgreens Co. #9833,Pfizer-BioNTech - Ages 12 years and older,440-992-3522,https://www.walgreens.com,https://www.walgreens.com/findcare/vaccination/covid-19,318 W PROSPECT RD,ASHTABULA,44004-5861,Ashtabula County
39.985965,-82.791924,Walgreens Co. #6119,Moderna - Ages 12 years and older,614-367-7923,https://www.walgreens.com,https://www.walgreens.com/findcare/vaccination/covid-19,7900 E BROAD ST,BLACKLICK,43004-8240,Franklin County
39.332635,-83.013561,Walgreens Co. #11294,Pfizer-BioNTech - Ages 12 years and older,740-779-1637,https://www.walgreens.com,https://www.walgreens.com/findcare/vaccination/covid-19,1070 WESTERN AVE,CHILLICOTHE,45601-1174,Ross County
39.762575,-84.252985,Walgreens Co. #5430,Moderna - Ages 12 years and older,937-263-2836,https://www.walgreens.com,https://www.walgreens.com/findcare/vaccination/covid-19,4121 HOOVER AVE,DAYTON,45402-5246,Montgomery County
39.073032,-84.362174,Walgreens Co. #12831,Moderna - Ages 12 years and older,513-231-8714,https://www.walgreens.com,https://www.walgreens.com/findcare/vaccination/covid-19,7135 BEECHMONT AVE,CINCINNATI,45230-4114,Hamilton County
39.990166,-81.158685,Walgreens Co. #17826,Moderna - Ages 12 years and older,740-425-1003,https://www.walgreens.com,https://www.walgreens.com/findcare/vaccination/covid-19,901 EAST MAIN STREET,BARNESVILLE,43713-1481,Belmont County
39.16091,-84.456564,Walgreens Co. #7435,Pfizer-BioNTech - Ages 12 years and older,513-731-0062,https://www.walgreens.com,https://www.walgreens.com/findcare/vaccination/covid-19,4605 MONTGOMERY RD,NORWOOD,45212-2607,Hamilton County
39.249011,-84.597764,Walgreens Co. #4522,Moderna - Ages 12 years and older,513-385-6900,https://www.walgreens.com,https://www.walgreens.com/findcare/vaccination/covid-19,9775 COLERAIN AVE,CINCINNATI,45251-1442,Hamilton County
41.679315,-81.302546,Walgreens Co. #4317,Pfizer-BioNTech - Ages 12 years and older,440-255-6247,https://www.walgreens.com,https://www.walgreens.com/findcare/vaccination/covid-19,9400 MENTOR AVE,MENTOR,44060-4520,Lake County
40.15458,-83.132147,Walgreens Co. #6116,Pfizer-BioNTech - Ages 12 years and older,614-932-0303,https://www.walgreens.com,https://www.walgreens.com/findcare/vaccination/covid-19,9110 DUBLIN RD,POWELL,43065-9588,Delaware County
41.133147,-80.666244,Walgreens Co. #6675,Pfizer-BioNTech - Ages 12 years and older,330-746-4814,https://www.walgreens.com,https://www.walgreens.com/findcare/vaccination/covid-19,2560 BELMONT AVE,YOUNGSTOWN,44505-2407,Mahoning County
39.22848,-84.256527,Walgreens Co. #9636,Moderna - Ages 12 years and older,513-697-6574,https://www.walgreens.com,https://www.walgreens.com/findcare/vaccination/covid-19,6385 BRANCH HILL GUINEA PIKE,LOVELAND,45140-9498,Clermont County
40.102747,-83.160629,Walgreens Co. #6115,Pfizer-BioNTech - Ages 12 years and older,614-336-0431,https://www.walgreens.com,https://www.walgreens.com/findcare/vaccination/covid-19,6805 HOSPITAL DR,DUBLIN,43016-8556,Franklin County
39.447768,-84.186315,Walgreens Co. #7332,Moderna - Ages 12 years and older,513-934-1212,https://www.walgreens.com,https://www.walgreens.com/findcare/vaccination/covid-19,904 COLUMBUS AVE,LEBANON,45036-1402,Warren County
40.7965,-81.524242,Walgreens Co. #15467,Pfizer-BioNTech - Ages 12 years and older,330-481-2042,https://www.walgreens.com,https://www.walgreens.com/findcare/vaccination/covid-19,110 LINCOLN WAY W,MASSILLON,44647-6564,Stark County
41.183001,-80.717717,Walgreens Co. #10569,Pfizer-BioNTech - Ages 12 years and older,330-544-7128,https://www.walgreens.com,https://www.walgreens.com/findcare/vaccination/covid-19,2249 YOUNGSTOWN WARREN RD,NILES,44446-4567,Trumbull County
41.113388,-81.576694,Walgreens Co. #3276,Moderna - Ages 12 years and older,330-869-2097,https://www.walgreens.com,https://www.walgreens.com/findcare/vaccination/covid-19,1925 W MARKET ST,AKRON,44313-6911,Summit County
41.401512,-81.990892,Walgreens Co. #9372,Moderna - Ages 12 years and older,440-327-1330,https://www.walgreens.com,https://www.walgreens.com/findcare/vaccination/covid-19,33760 CENTER RIDGE RD,NORTH RIDGEVILLE,44039-3255,Lorain County
39.339257,-84.220379,Walgreens Co. #1281,Pfizer-BioNTech - Ages 12 years and older,513-774-0302,https://www.walgreens.com,https://www.walgreens.com/findcare/vaccination/covid-19,68 W US HIGHWAY 22 AND 3,MAINEVILLE,45039-9774,Warren County
41.373394,-82.093649,Walgreens Co. #5138,Pfizer-BioNTech - Ages 12 years and older,440-322-7604,https://www.walgreens.com,https://www.walgreens.com/findcare/vaccination/covid-19,100 CLEVELAND ST,ELYRIA,44035-6138,Lorain County
41.462237,-81.853257,Walgreens Co. #5550,Pfizer-BioNTech - Ages 12 years and older,440-333-8205,https://www.walgreens.com,https://www.walgreens.com/findcare/vaccination/covid-19,21010 CENTER RIDGE RD,ROCKY RIVER,44116-4305,Cuyahoga County
41.157284,-81.241127,Walgreens Co. #10784,Pfizer-BioNTech - Ages 12 years and older,330-298-4297,https://www.walgreens.com,https://www.walgreens.com/findcare/vaccination/covid-19,144 E MAIN ST,RAVENNA,44266-3130,Portage County
39.97952,-82.83722,Walgreens Co. #10050,Pfizer-BioNTech - Ages 12 years and older,614-367-7526,https://www.walgreens.com,https://www.walgreens.com/findcare/vaccination/covid-19,6201 E BROAD ST,COLUMBUS,43213-5500,Franklin County
41.096482,-81.544648,Walgreens Co. #3278,Pfizer-BioNTech - Ages 12 years and older,330-434-4997,https://www.walgreens.com,https://www.walgreens.com/findcare/vaccination/covid-19,834 W MARKET ST,AKRON,44303-1034,Summit County
39.188832,-84.602405,Walgreens Co. #4245,Pfizer-BioNTech - Ages 12 years and older,513-662-1459,https://www.walgreens.com,https://www.walgreens.com/findcare/vaccination/covid-19,5403 N BEND RD,CINCINNATI,45247-7620,Hamilton County
41.476971,-81.800658,Walgreens Co. #9407,Pfizer-BioNTech - Ages 12 years and older,216-221-5898,https://www.walgreens.com,https://www.walgreens.com/findcare/vaccination/covid-19,14815 MADISON AVE,LAKEWOOD,44107-4009,Cuyahoga County
39.757987,-84.63704,Walgreens Co. #11846,Pfizer-BioNTech - Ages 12 years and older,937-456-2694,https://www.walgreens.com,https://www.walgreens.com/findcare/vaccination/covid-19,1213 N BARRON ST,EATON,45320-1013,Preble County
40.110162,-84.622975,Walgreens Co. #10327,Pfizer-BioNTech - Ages 12 years and older,937-547-9324,https://www.walgreens.com,https://www.walgreens.com/findcare/vaccination/covid-19,1000 E MAIN ST,GREENVILLE,45331-2802,Darke County
40.836404,-81.424842,Walgreens Co. #4983,Pfizer-BioNTech - Ages 12 years and older,330-493-8431,https://www.walgreens.com,https://www.walgreens.com/findcare/vaccination/covid-19,4024 FULTON DR NW,CANTON,44718-2866,Stark County
39.7898,-84.020117,Walgreens Co. #6990,Pfizer-BioNTech - Ages 12 years and older,937-878-2889,https://www.walgreens.com,https://www.walgreens.com/findcare/vaccination/covid-19,183 E DAYTON YELLOW SPRINGS RD,FAIRBORN,45324-3465,Greene County
41.462615,-81.645113,Walgreens Co. #21316,Pfizer-BioNTech - Ages 12 years and older,216-883-0183,https://www.walgreens.com,https://www.walgreens.com/findcare/vaccination/covid-19,6401 BROADWAY AVE,CLEVELAND,44105,Cuyahoga County
39.337577,-84.341839,Walgreens Co. #5205,Pfizer-BioNTech - Ages 12 years and older,513-754-1443,https://www.walgreens.com,https://www.walgreens.com/findcare/vaccination/covid-19,1086 READING RD,MASON,45040-1399,Warren County
39.18614,-84.364309,Walgreens Co. #4731,Pfizer-BioNTech - Ages 12 years and older,513-272-3409,https://www.walgreens.com,https://www.walgreens.com/findcare/vaccination/covid-19,6901 MIAMI AVE,MADEIRA,45243-2632,Hamilton County
39.087285,-84.321435,Walgreens Co. #2875,Moderna - Ages 12 years and older,513-474-4723,https://www.walgreens.com,https://www.walgreens.com/findcare/vaccination/covid-19,1982 EIGHT MILE RD,CINCINNATI,45255-2609,Hamilton County
39.387721,-84.452989,Walgreens Co. #9520,Moderna - Ages 12 years and older,513-737-1993,https://www.walgreens.com,https://www.walgreens.com/findcare/vaccination/covid-19,5011 PRINCETON RD,HAMILTON,45011-9737,Butler County
40.030676,-82.437952,Walgreens Co. #10810,Moderna - Ages 12 years and older,740-522-6523,https://www.walgreens.com,https://www.walgreens.com/findcare/vaccination/covid-19,764 HEBRON RD,HEATH,43056-1354,Licking County
41.721408,-83.624783,Walgreens Co. #9337,Pfizer-BioNTech - Ages 12 years and older,419-472-8615,https://www.walgreens.com,https://www.walgreens.com/findcare/vaccination/covid-19,5815 SECOR RD,TOLEDO,43623-1421,Lucas County
39.862425,-84.310717,Walgreens Co. #12832,Moderna - Ages 12 years and older,937-836-5714,https://www.walgreens.com,https://www.walgreens.com/findcare/vaccination/covid-19,775 W WENGER RD,ENGLEWOOD,45322-3600,Montgomery County
39.508139,-84.749912,Walgreens Co. #9906,Pfizer-BioNTech - Ages 12 years and older,513-523-4683,https://www.walgreens.com,https://www.walgreens.com/findcare/vaccination/covid-19,200 S LOCUST ST,OXFORD,45056-1718,Butler County
41.635497,-83.516121,Walgreens Co. #5319,Moderna - Ages 12 years and older,419-693-4086,https://www.walgreens.com,https://www.walgreens.com/findcare/vaccination/covid-19,925 WOODVILLE RD,TOLEDO,43605-3060,Lucas County
39.294807,-84.391769,Walgreens Co. #4893,Moderna - Ages 12 years and older,513-769-8188,https://www.walgreens.com,https://www.walgreens.com/findcare/vaccination/covid-19,12110 LEBANON RD,SHARONVILLE,45241-1739,Hamilton County
41.54298,-83.587689,Walgreens Co. #9409,Pfizer-BioNTech - Ages 12 years and older,419-872-8247,https://www.walgreens.com,https://www.walgreens.com/findcare/vaccination/covid-19,10003 FREMONT PIKE,PERRYSBURG,43551-3330,Wood County
41.605266,-83.665512,Walgreens Co. #5323,Pfizer-BioNTech - Ages 12 years and older,419-867-3529,https://www.walgreens.com,https://www.walgreens.com/findcare/vaccination/covid-19,1910 S REYNOLDS RD,TOLEDO,43614-1438,Lucas County
41.314335,-81.515239,Walgreens Co. #7719,Pfizer-BioNTech - Ages 12 years and older,330-468-4800,https://www.walgreens.com,https://www.walgreens.com/findcare/vaccination/covid-19,663 E AURORA RD,MACEDONIA,44056-1805,Summit County
41.103936,-80.711826,Walgreens Co. #11964,Moderna - Ages 12 years and older,330-270-5861,https://www.walgreens.com,https://www.walgreens.com/findcare/vaccination/covid-19,40 N MERIDIAN RD,YOUNGSTOWN,44509-2034,Mahoning County
39.74699,-84.170847,Walgreens Co. #4975,Pfizer-BioNTech - Ages 12 years and older,937-254-2156,https://www.walgreens.com,https://www.walgreens.com/findcare/vaccination/covid-19,1542 WAYNE AVE,DAYTON,45410-1708,Montgomery County
39.343342,-84.460827,Walgreens Co. #6682,Pfizer-BioNTech - Ages 12 years and older,513-860-4753,https://www.walgreens.com,https://www.walgreens.com/findcare/vaccination/covid-19,8614 PRINCETON GLENDALE RD,WEST CHESTER,45069-1839,Butler County
41.368177,-81.805096,Walgreens Co. #5031,Pfizer-BioNTech - Ages 12 years and older,440-886-2353,https://www.walgreens.com,https://www.walgreens.com/findcare/vaccination/covid-19,7260 PEARL RD,MIDDLEBURG HEIGHTS,44130-4873,Cuyahoga County
41.417284,-81.57334,Walgreens Co. #21290,Moderna - Ages 12 years and older,216-663-5103,https://www.walgreens.com,https://www.walgreens.com/findcare/vaccination/covid-19,15500 BROADWAY,MAPLE HEIGHTS,44137,Cuyahoga County
41.240296,-81.344664,Walgreens Co. #9346,Pfizer-BioNTech - Ages 12 years and older,330-422-0502,https://www.walgreens.com,https://www.walgreens.com/findcare/vaccination/covid-19,9166 STATE ROUTE 43,STREETSBORO,44241-5322,Portage County
41.419424,-82.20815,Walgreens Co. #6574,Pfizer-BioNTech - Ages 12 years and older,440-960-7225,https://www.walgreens.com,https://www.walgreens.com/findcare/vaccination/covid-19,5411 LEAVITT RD,LORAIN,44053-2155,Lorain County
41.361923,-81.683713,Walgreens Co. #4202,Pfizer-BioNTech - Ages 12 years and older,216-901-9782,https://www.walgreens.com,https://www.walgreens.com/findcare/vaccination/covid-19,127 E PLEASANT VALLEY RD,SEVEN HILLS,44131-5601,Cuyahoga County
39.307412,-84.563091,Walgreens Co. #3672,Pfizer-BioNTech - Ages 12 years and older,513-825-3862,https://www.walgreens.com,https://www.walgreens.com/findcare/vaccination/covid-19,2335 JOHN GRAY RD,CINCINNATI,45231-1036,Hamilton County
41.372165,-81.852568,Walgreens Co. #1234,Moderna - Ages 12 years and older,440-891-9422,https://www.walgreens.com,https://www.walgreens.com/findcare/vaccination/covid-19,6 E BAGLEY RD,BEREA,44017-2009,Cuyahoga County
39.639708,-84.266313,Walgreens Co. #4520,Pfizer-BioNTech - Ages 12 years and older,937-859-3879,https://www.walgreens.com,https://www.walgreens.com/findcare/vaccination/covid-19,1260 E CENTRAL AVE,MIAMISBURG,45342-3546,Montgomery County
41.024621,-80.615953,Walgreens Co. #7861,Moderna - Ages 12 years and older,330-757-4752,https://www.walgreens.com,https://www.walgreens.com/findcare/vaccination/covid-19,30 W MCKINLEY WAY,POLAND,44514-1988,Mahoning County
39.093538,-84.617433,Walgreens Co. #10493,Pfizer-BioNTech - Ages 12 years and older,513-922-6331,https://www.walgreens.com,https://www.walgreens.com/findcare/vaccination/covid-19,398 ANDERSON FERRY RD,CINCINNATI,45238-5695,Hamilton County
41.238888,-81.840699,Walgreens Co. #5431,Pfizer-BioNTech - Ages 12 years and older,330-220-3225,https://www.walgreens.com,https://www.walgreens.com/findcare/vaccination/covid-19,1337 PEARL RD,BRUNSWICK,44212-2807,Medina County
40.053567,-83.048823,Walgreens Co. #9540,Pfizer-BioNTech - Ages 12 years and older,614-326-0689,https://www.walgreens.com,https://www.walgreens.com/findcare/vaccination/covid-19,4530 KENNY RD,COLUMBUS,43220-3509,Franklin County
41.802472,-81.047778,Walgreens Co. #10518,Pfizer-BioNTech - Ages 12 years and older,440-428-3330,https://www.walgreens.com,https://www.walgreens.com/findcare/vaccination/covid-19,6707 N RIDGE RD,MADISON,44057-2656,Lake County
39.68205,-84.167658,Walgreens Co. #4639,Pfizer-BioNTech - Ages 12 years and older,937-396-1358,https://www.walgreens.com,https://www.walgreens.com/findcare/vaccination/covid-19,4497 FAR HILLS AVE,KETTERING,45429-2405,Montgomery County
41.145442,-81.507734,Walgreens Co. #3572,Moderna - Ages 12 years and older,330-928-5444,https://www.walgreens.com,https://www.walgreens.com/findcare/vaccination/covid-19,2645 STATE RD,CUYAHOGA FALLS,44223-1642,Summit County
41.422679,-81.61061,Walgreens Co. #2226,Pfizer-BioNTech - Ages 12 years and older,216-581-6791,https://www.walgreens.com,https://www.walgreens.com/findcare/vaccination/covid-19,5090 TURNEY RD,GARFIELD HEIGHTS,44125-2603,Cuyahoga County
41.608384,-81.439134,Walgreens Co. #4294,Moderna - Ages 12 years and older,440-946-4357,https://www.walgreens.com,https://www.walgreens.com/findcare/vaccination/covid-19,5881 SOM CENTER RD,WILLOUGHBY,44094-3036,Lake County
41.427244,-81.894911,Walgreens Co. #12445,Moderna - Ages 12 years and older,440-716-0437,https://www.walgreens.com,https://www.walgreens.com/findcare/vaccination/covid-19,24590 LORAIN RD,NORTH OLMSTED,44070-2169,Cuyahoga County
39.979821,-82.018247,Walgreens Co. #7392,Moderna - Ages 12 years and older,740-588-0690,https://www.walgreens.com,https://www.walgreens.com/findcare/vaccination/covid-19,1033 MILITARY RD,ZANESVILLE,43701-1342,Muskingum County
39.406923,-84.572905,Walgreens Co. #7239,Moderna - Ages 12 years and older,513-867-0252,https://www.walgreens.com,https://www.walgreens.com/findcare/vaccination/covid-19,562 MAIN ST,HAMILTON,45013-3222,Butler County
41.445612,-82.165669,Walgreens Co. #10222,Moderna - Ages 12 years and older,440-244-0593,https://www.walgreens.com,https://www.walgreens.com/findcare/vaccination/covid-19,2730 BROADWAY,LORAIN,44052-4836,Lorain County
39.396613,-84.548842,Walgreens Co. #5203,Pfizer-BioNTech - Ages 12 years and older,513-868-1667,https://www.walgreens.com,https://www.walgreens.com/findcare/vaccination/covid-19,1090 HIGH ST,HAMILTON,45011-6013,Butler County
39.201537,-84.222222,Walgreens Co. #7637,Pfizer-BioNTech - Ages 12 years and older,513-575-3469,https://www.walgreens.com,https://www.walgreens.com/findcare/vaccination/covid-19,1243 STATE ROUTE 28,MILFORD,45150-2248,Clermont County
41.705518,-81.360671,Walgreens Co. #5820,Moderna - Ages 12 years and older,440-209-8391,https://www.walgreens.com,https://www.walgreens.com/findcare/vaccination/covid-19,6101 ANDREWS RD,MENTOR ON THE LAKE,44060-2864,Lake County
41.098969,-80.764309,Walgreens Co. #6589,Moderna - Ages 12 years and older,330-792-4785,https://www.walgreens.com,https://www.walgreens.com/findcare/vaccination/covid-19,5501 MAHONING AVE,AUSTINTOWN,44515-2316,Mahoning County
41.395336,-81.541066,Walgreens Co. #10220,Pfizer-BioNTech - Ages 12 years and older,440-232-6500,https://www.walgreens.com,https://www.walgreens.com/findcare/vaccination/covid-19,520 BROADWAY AVE,BEDFORD,44146-2724,Cuyahoga County
39.257839,-84.803779,Walgreens Co. #7470,Moderna - Ages 12 years and older,513-367-2127,https://www.walgreens.com,https://www.walgreens.com/findcare/vaccination/covid-19,1032 HARRISON AVE,HARRISON,45030-1522,Hamilton County
39.891244,-82.997611,Walgreens Co. #1317,Moderna - Ages 12 years and older,614-497-3745,https://www.walgreens.com,https://www.walgreens.com/findcare/vaccination/covid-19,3445 S HIGH ST,COLUMBUS,43207-3693,Franklin County
40.020956,-83.061606,Walgreens Co. #10053,Pfizer-BioNTech - Ages 12 years and older,614-538-0029,https://www.walgreens.com,https://www.walgreens.com/findcare/vaccination/covid-19,3141 TREMONT RD,UPPER ARLINGTON,43221-2034,Franklin County
39.87928,-83.059209,Walgreens Co. #7973,Pfizer-BioNTech - Ages 12 years and older,614-277-1325,https://www.walgreens.com,https://www.walgreens.com/findcare/vaccination/covid-19,2110 STRINGTOWN RD,GROVE CITY,43123-2931,Franklin County
41.388988,-81.43879,Walgreens Co. #6889,Pfizer-BioNTech - Ages 12 years and older,440-836-0494,https://www.walgreens.com,https://www.walgreens.com/findcare/vaccination/covid-19,6270 SOM CENTER RD,SOLON,44139-2913,Cuyahoga County
39.755945,-84.05449,Walgreens Co. #11510,Pfizer-BioNTech - Ages 12 years and older,937-320-9112,https://www.walgreens.com,https://www.walgreens.com/findcare/vaccination/covid-19,2269 N FAIRFIELD RD,BEAVERCREEK,45431-2526,Greene County
38.537474,-82.680535,Walgreens Co. #17595,Moderna - Ages 12 years and older,740-532-5550,https://www.walgreens.com,https://www.walgreens.com/findcare/vaccination/covid-19,715 PARK AVE,IRONTON,45638-1544,Lawrence County
39.218416,-84.548835,Walgreens Co. #11630,Pfizer-BioNTech - Ages 12 years and older,513-931-1717,https://www.walgreens.com,https://www.walgreens.com/findcare/vaccination/covid-19,6918 HAMILTON AVE,CINCINNATI,45231-5212,Hamilton County
40.820506,-81.502633,Walgreens Co. #7865,Pfizer-BioNTech - Ages 12 years and older,330-833-5730,https://www.walgreens.com,https://www.walgreens.com/findcare/vaccination/covid-19,1950 WALES RD NE,MASSILLON,44646-4110,Stark County
39.928265,-83.089736,Walgreens Co. #6981,Pfizer-BioNTech - Ages 12 years and older,614-279-1962,https://www.walgreens.com,https://www.walgreens.com/findcare/vaccination/covid-19,1280 DEMOREST RD,COLUMBUS,43204-7003,Franklin County
40.06283,-82.86381,Walgreens Co. #9093,Moderna - Ages 12 years and older,614-476-0988,https://www.walgreens.com,https://www.walgreens.com/findcare/vaccination/covid-19,5195 N HAMILTON RD,COLUMBUS,43230-1313,Franklin County
39.713925,-82.583917,Walgreens Co. #9120,Moderna - Ages 12 years and older,740-654-2592,https://www.walgreens.com,https://www.walgreens.com/findcare/vaccination/covid-19,859 E MAIN ST,LANCASTER,43130-3940,Fairfield County
39.113733,-84.58451,Walgreens Co. #7181,Moderna - Ages 12 years and older,513-921-7722,https://www.walgreens.com,https://www.walgreens.com/findcare/vaccination/covid-19,4241 GLENWAY AVE,CINCINNATI,45205-1470,Hamilton County
41.083116,-81.568812,Walgreens Co. #3279,Moderna - Ages 12 years and older,330-869-5896,https://www.walgreens.com,https://www.walgreens.com/findcare/vaccination/covid-19,1303 COPLEY RD,AKRON,44320-2766,Summit County
40.868618,-81.398276,Walgreens Co. #3261,Pfizer-BioNTech - Ages 12 years and older,330-497-8316,https://www.walgreens.com,https://www.walgreens.com/findcare/vaccination/covid-19,1000 S MAIN ST,NORTH CANTON,44720-3628,Stark County
39.729745,-84.141126,Walgreens Co. #5517,Pfizer-BioNTech - Ages 12 years and older,937-781-9561,https://www.walgreens.com,https://www.walgreens.com/findcare/vaccination/covid-19,2600 S SMITHVILLE RD,DAYTON,45420-2642,Montgomery County
41.610971,-81.525983,Walgreens Co. #3312,Pfizer-BioNTech - Ages 12 years and older,216-261-4497,https://www.walgreens.com,https://www.walgreens.com/findcare/vaccination/covid-19,22401 LAKE SHORE BLVD,EUCLID,44123-1312,Cuyahoga County
39.670505,-84.223014,Walgreens Co. #7885,Pfizer-BioNTech - Ages 12 years and older,937-433-1604,https://www.walgreens.com,https://www.walgreens.com/findcare/vaccination/covid-19,5901 SPRINGBORO PIKE,DAYTON,45449-3249,Montgomery County
41.029135,-81.513674,Walgreens Co. #11748,Pfizer-BioNTech - Ages 12 years and older,330-724-2709,https://www.walgreens.com,https://www.walgreens.com/findcare/vaccination/covid-19,361 E WATERLOO RD,AKRON,44319-1218,Summit County
39.158351,-84.630358,Walgreens Co. #3807,Pfizer-BioNTech - Ages 12 years and older,513-574-1978,https://www.walgreens.com,https://www.walgreens.com/findcare/vaccination/covid-19,5508 BRIDGETOWN RD,CINCINNATI,45248-4330,Hamilton County
41.318151,-81.627268,Walgreens Co. #10032,Pfizer-BioNTech - Ages 12 years and older,440-526-5250,https://www.walgreens.com,https://www.walgreens.com/findcare/vaccination/covid-19,8966 BRECKSVILLE RD,BRECKSVILLE,44141-2315,Cuyahoga County
39.216443,-84.517549,Walgreens Co. #11269,Moderna - Ages 12 years and older,513-931-5411,https://www.walgreens.com,https://www.walgreens.com/findcare/vaccination/covid-19,8210 WINTON RD,CINCINNATI,45231-5903,Hamilton County
39.390851,-84.370387,Walgreens Co. #13635,Pfizer-BioNTech - Ages 12 years and older,513-755-1831,https://www.walgreens.com,https://www.walgreens.com/findcare/vaccination/covid-19,6330 CINCINNATI DAYTON RD,LIBERTY TOWNSHIP,45044-8797,Butler County
39.100584,-84.509299,Walgreens Co. #9775,Pfizer-BioNTech - Ages 12 years and older,513-721-0840,https://www.walgreens.com,https://www.walgreens.com/findcare/vaccination/covid-19,406 MAIN ST,CINCINNATI,45202-0001,Hamilton County
39.183174,-84.424912,Walgreens Co. #1502,Pfizer-BioNTech - Ages 12 years and older,513-731-2272,https://www.walgreens.com,https://www.walgreens.com/findcare/vaccination/covid-19,6204 MONTGOMERY RD,CINCINNATI,45213-1404,Hamilton County
39.253527,-84.422272,Walgreens Co. #6653,Pfizer-BioNTech - Ages 12 years and older,513-563-0546,https://www.walgreens.com,https://www.walgreens.com/findcare/vaccination/covid-19,3105 GLENDALE MILFORD RD,CINCINNATI,45241-3134,Hamilton County
41.029977,-81.588335,Walgreens Co. #4776,Moderna - Ages 12 years and older,330-745-2674,https://www.walgreens.com,https://www.walgreens.com/findcare/vaccination/covid-19,900 WOOSTER RD N,BARBERTON,44203-1659,Summit County
39.160161,-84.505473,Walgreens Co. #5632,Pfizer-BioNTech - Ages 12 years and older,513-641-2426,https://www.walgreens.com,https://www.walgreens.com/findcare/vaccination/covid-19,9 W MITCHELL AVE,CINCINNATI,45217-1525,Hamilton County
40.901477,-81.10504,Walgreens Co. #9385,Pfizer-BioNTech - Ages 12 years and older,330-829-3782,https://www.walgreens.com,https://www.walgreens.com/findcare/vaccination/covid-19,2012 S UNION AVE,ALLIANCE,44601-4951,Stark County
40.370008,-80.63628,Walgreens Co. #11695,Moderna - Ages 12 years and older,740-282-0173,https://www.walgreens.com,https://www.walgreens.com/findcare/vaccination/covid-19,2001 SUNSET BLVD,STEUBENVILLE,43952-1349,Jefferson County
39.85335,-82.827623,Walgreens Co. #7524,Pfizer-BioNTech - Ages 12 years and older,614-920-0287,https://www.walgreens.com,https://www.walgreens.com/findcare/vaccination/covid-19,6266 GENDER RD,CANAL WINCHESTER,43110-2042,Franklin County
39.562842,-84.277011,Walgreens Co. #9733,Pfizer-BioNTech - Ages 12 years and older,937-743-9609,https://www.walgreens.com,https://www.walgreens.com/findcare/vaccination/covid-19,1300 E 2ND ST,FRANKLIN,45005-1898,Warren County
39.955404,-83.074489,Walgreens Co. #6378,Pfizer-BioNTech - Ages 12 years and older,614-276-9745,https://www.walgreens.com,https://www.walgreens.com/findcare/vaccination/covid-19,2770 W BROAD ST,COLUMBUS,43204-2641,Franklin County
39.231581,-84.376465,Walgreens Co. #2697,Pfizer-BioNTech - Ages 12 years and older,513-791-4390,https://www.walgreens.com,https://www.walgreens.com/findcare/vaccination/covid-19,9580 KENWOOD RD,BLUE ASH,45242-6140,Hamilton County
39.35348,-84.365534,Walgreens Co. #9577,Pfizer-BioNTech - Ages 12 years and older,513-759-9161,https://www.walgreens.com,https://www.walgreens.com/findcare/vaccination/covid-19,7776 COX LN,WEST CHESTER,45069-6548,Butler County
40.157815,-83.090239,Walgreens Co. #11145,Moderna - Ages 12 years and older,614-210-0306,https://www.walgreens.com,https://www.walgreens.com/findcare/vaccination/covid-19,9669 SAWMILL PKWY,POWELL,43065-6669,Delaware County
40.73022,-84.062414,Walgreens Co. #7684,Pfizer-BioNTech - Ages 12 years and older,419-222-1600,https://www.walgreens.com,https://www.walgreens.com/findcare/vaccination/covid-19,2366 HARDING HWY,LIMA,45804-3426,Allen County
41.652842,-83.66385,Walgreens Co. #5324,Pfizer-BioNTech - Ages 12 years and older,419-536-3840,https://www.walgreens.com,https://www.walgreens.com/findcare/vaccination/covid-19,1330 N REYNOLDS RD,TOLEDO,43615-4760,Lucas County
40.809906,-81.377127,Walgreens Co. #4044,Pfizer-BioNTech - Ages 12 years and older,330-453-4874,https://www.walgreens.com,https://www.walgreens.com/findcare/vaccination/covid-19,1223 CLEVELAND AVE NW,CANTON,44703-3101,Stark County
39.219432,-83.60732,Walgreens Co. #11158,Moderna - Ages 12 years and older,937-393-2307,https://www.walgreens.com,https://www.walgreens.com/findcare/vaccination/covid-19,1090 NORTHVIEW DR,HILLSBORO,45133-7629,Highland County
41.567084,-81.537998,Walgreens Co. #10710,Moderna - Ages 12 years and older,216-531-1466,https://www.walgreens.com,https://www.walgreens.com/findcare/vaccination/covid-19,20485 EUCLID AVE,EUCLID,44117-1456,Cuyahoga County
41.493722,-82.020534,Walgreens Co. #6588,Pfizer-BioNTech - Ages 12 years and older,440-930-5873,https://www.walgreens.com,https://www.walgreens.com/findcare/vaccination/covid-19,32798 WALKER RD,AVON LAKE,44012-1443,Lorain County
40.288221,-84.176549,Walgreens Co. #7941,Moderna - Ages 12 years and older,937-492-5340,https://www.walgreens.com,https://www.walgreens.com/findcare/vaccination/covid-19,1400 MICHIGAN ST,SIDNEY,45365-2449,Shelby County
39.927141,-82.832001,Walgreens Co. #9193,Pfizer-BioNTech - Ages 12 years and older,614-866-8218,https://www.walgreens.com,https://www.walgreens.com/findcare/vaccination/covid-19,2615 BRICE RD,REYNOLDSBURG,43068-3420,Franklin County
39.955162,-82.830255,Walgreens Co. #21338,Pfizer-BioNTech - Ages 12 years and older,614-759-8048,https://www.walgreens.com,https://www.walgreens.com/findcare/vaccination/covid-19,6300 E MAIN STREET,REYNOLDSBURG,43068-2495,Franklin County
40.36297,-83.759028,Walgreens Co. #10915,Pfizer-BioNTech - Ages 12 years and older,937-292-8104,https://www.walgreens.com,https://www.walgreens.com/findcare/vaccination/covid-19,101 E SANDUSKY AVE,BELLEFONTAINE,43311-2016,Logan County
41.514089,-81.572206,Walgreens Co. #4130,Pfizer-BioNTech - Ages 12 years and older,216-932-4759,https://www.walgreens.com,https://www.walgreens.com/findcare/vaccination/covid-19,3020 MAYFIELD RD,CLEVELAND HEIGHTS,44118-1702,Cuyahoga County
41.689804,-83.622455,Walgreens Co. #6168,Pfizer-BioNTech - Ages 12 years and older,419-474-3915,https://www.walgreens.com,https://www.walgreens.com/findcare/vaccination/covid-19,4580 MONROE ST,TOLEDO,43613-4738,Lucas County
40.031477,-84.209352,Walgreens Co. #7331,Pfizer-BioNTech - Ages 12 years and older,937-339-8341,https://www.walgreens.com,https://www.walgreens.com/findcare/vaccination/covid-19,20 W MARKET ST,TROY,45373-3993,Miami County
41.579355,-81.56849,Walgreens Co. #21252,Pfizer-BioNTech - Ages 12 years and older,216-383-3803,https://www.walgreens.com,https://www.walgreens.com/findcare/vaccination/covid-19,16100 LAKESHORE BLVD,CLEVELAND,44110-1001,Cuyahoga County
41.725994,-81.248629,Walgreens Co. #5821,Pfizer-BioNTech - Ages 12 years and older,440-350-1928,https://www.walgreens.com,https://www.walgreens.com/findcare/vaccination/covid-19,132 RICHMOND ST,PAINESVILLE,44077-3253,Lake County
39.702231,-84.124813,Walgreens Co. #7256,Moderna - Ages 12 years and older,937-395-0633,https://www.walgreens.com,https://www.walgreens.com/findcare/vaccination/covid-19,2140 E DOROTHY LN,KETTERING,45420-1114,Montgomery County
40.087178,-82.959482,Walgreens Co. #7525,Pfizer-BioNTech - Ages 12 years and older,614-523-1165,https://www.walgreens.com,https://www.walgreens.com/findcare/vaccination/covid-19,2150 E DUBLIN GRANVILLE RD,COLUMBUS,43229-3513,Franklin County
40.238438,-83.349342,Walgreens Co. #11966,Moderna - Ages 12 years and older,937-578-0156,https://www.walgreens.com,https://www.walgreens.com/findcare/vaccination/covid-19,180 COLEMANS XING,MARYSVILLE,43040-7080,Union County
39.683679,-83.938863,Walgreens Co. #12703,Pfizer-BioNTech - Ages 12 years and older,937-376-0631,https://www.walgreens.com,https://www.walgreens.com/findcare/vaccination/covid-19,537 W MAIN ST,XENIA,45385-2811,Greene County
41.054824000000004,-81.440002,Walgreens Co. #3741,Pfizer-BioNTech - Ages 12 years and older,330-733-4237,https://www.walgreens.com,https://www.walgreens.com/findcare/vaccination/covid-19,302 CANTON RD,AKRON,44312-1602,Summit County
39.128784,-84.510831,Walgreens Co. #12830,Pfizer-BioNTech - Ages 12 years and older,513-751-3444,https://www.walgreens.com,https://www.walgreens.com/findcare/vaccination/covid-19,3 W CORRY ST,CINCINNATI,45219-1901,Hamilton County
41.357084,-83.135791,Walgreens Co. #12159,Pfizer-BioNTech - Ages 12 years and older,419-355-9760,https://www.walgreens.com,https://www.walgreens.com/findcare/vaccination/covid-19,1900 W STATE ST,FREMONT,43420-1638,Sandusky County
41.438477,-81.779279,Walgreens Co. #3234,Pfizer-BioNTech - Ages 12 years and older,216-941-8702,https://www.walgreens.com,https://www.walgreens.com/findcare/vaccination/covid-19,4281 W 130TH ST,CLEVELAND,44135-4869,Cuyahoga County
41.46931,-81.706984,Walgreens Co. #12444,Moderna - Ages 12 years and older,216-651-0212,https://www.walgreens.com,https://www.walgreens.com/findcare/vaccination/covid-19,3415 CLARK AVE,CLEVELAND,44109-1135,Cuyahoga County
39.209535,-84.399455,Walgreens Co. #2136,Pfizer-BioNTech - Ages 12 years and older,513-891-2808,https://www.walgreens.com,https://www.walgreens.com/findcare/vaccination/covid-19,4090 E GALBRAITH RD,DEER PARK,45236-2324,Hamilton County
41.276943,-81.78584,Walgreens Co. #12014,Pfizer-BioNTech - Ages 12 years and older,440-572-2833,https://www.walgreens.com,https://www.walgreens.com/findcare/vaccination/covid-19,19980 W 130TH ST,STRONGSVILLE,44136-8437,Cuyahoga County
40.029537,-83.160294,Walgreens Co. #9904,Pfizer-BioNTech - Ages 12 years and older,614-771-7493,https://www.walgreens.com,https://www.walgreens.com/findcare/vaccination/covid-19,5383 CEMETERY RD,HILLIARD,43026-1502,Franklin County
39.946384,-82.916287,Walgreens Co. #6273,Moderna - Ages 12 years and older,614-236-8622,https://www.walgreens.com,https://www.walgreens.com/findcare/vaccination/covid-19,3015 E LIVINGSTON AVE,COLUMBUS,43209-3047,Franklin County
39.923066,-83.768307,Walgreens Co. #6521,Pfizer-BioNTech - Ages 12 years and older,937-322-7586,https://www.walgreens.com,https://www.walgreens.com/findcare/vaccination/covid-19,2609 E MAIN ST,SPRINGFIELD,45503-5114,Clark County
41.483414,-81.769217,Walgreens Co. #5206,Pfizer-BioNTech - Ages 12 years and older,216-227-0819,https://www.walgreens.com,https://www.walgreens.com/findcare/vaccination/covid-19,11701 DETROIT AVE,LAKEWOOD,44107-3041,Cuyahoga County
41.470398,-84.550311,Walgreens Co. #10579,Moderna - Ages 12 years and older,419-636-0613,https://www.walgreens.com,https://www.walgreens.com/findcare/vaccination/covid-19,403 S MAIN ST,BRYAN,43506-2186,Williams County
41.305909,-84.359709,Walgreens Co. #9483,Pfizer-BioNTech - Ages 12 years and older,419-782-2499,https://www.walgreens.com,https://www.walgreens.com/findcare/vaccination/covid-19,1829 N CLINTON ST,DEFIANCE,43512-8555,Defiance County
41.63615,-83.487117,Walgreens Co. #5906,Pfizer-BioNTech - Ages 12 years and older,419-693-9034,https://www.walgreens.com,https://www.walgreens.com/findcare/vaccination/covid-19,2562 NAVARRE AVE,OREGON,43616-3171,Lucas County
39.128278,-84.604615,Walgreens Co. #4246,Moderna - Ages 12 years and older,513-347-3359,https://www.walgreens.com,https://www.walgreens.com/findcare/vaccination/covid-19,2320 BOUDINOT AVE,CINCINNATI,45238-3417,Hamilton County
40.0978,-82.81841,Walgreens Co. #9541,Pfizer-BioNTech - Ages 12 years and older,614-855-4806,https://www.walgreens.com,https://www.walgreens.com/findcare/vaccination/covid-19,5555 NEW ALBANY RD,NEW ALBANY,43054-8825,Franklin County
40.086918,-82.4283,Walgreens Co. #7541,Moderna - Ages 12 years and older,740-366-7119,https://www.walgreens.com,https://www.walgreens.com/findcare/vaccination/covid-19,1425 N 21ST ST,NEWARK,43055-3069,Licking County
41.501653,-81.535529,Walgreens Co. #4685,Pfizer-BioNTech - Ages 12 years and older,216-932-0937,https://www.walgreens.com,https://www.walgreens.com/findcare/vaccination/covid-19,2135 WARRENSVILLE CENTER RD,SOUTH EUCLID,44121-2629,Cuyahoga County
40.062136,-83.019059,Walgreens Co. #7368,Pfizer-BioNTech - Ages 12 years and older,614-261-9013,https://www.walgreens.com,https://www.walgreens.com/findcare/vaccination/covid-19,4890 N HIGH ST,COLUMBUS,43214-1552,Franklin County
39.847532,-84.140133,Walgreens Co. #4521,Pfizer-BioNTech - Ages 12 years and older,937-236-6054,https://www.walgreens.com,https://www.walgreens.com/findcare/vaccination/covid-19,6495 TROY PIKE,HUBER HEIGHTS,45424-3648,Montgomery County
40.014361,-80.745043,Walgreens Co. #17284,Moderna - Ages 12 years and older,740-340-3152,https://www.walgreens.com,https://www.walgreens.com/findcare/vaccination/covid-19,432 32ND ST,BELLAIRE,43906-1574,Belmont County
41.519475,-81.516461,Walgreens Co. #21321,Moderna - Ages 12 years and older,216-691-0897,https://www.walgreens.com,https://www.walgreens.com/findcare/vaccination/covid-19,4546 MAYFIELD RD,SOUTH EUCLID,44121-4043,Cuyahoga County
41.085591,-81.46742,Walgreens Co. #21311,Moderna - Ages 12 years and older,330-784-3907,https://www.walgreens.com,https://www.walgreens.com/findcare/vaccination/covid-19,840 BRITTAIN RD,AKRON,44305,Summit County
41.484252,-81.922405,Walgreens Co. #10029,Pfizer-BioNTech - Ages 12 years and older,440-835-1450,https://www.walgreens.com,https://www.walgreens.com/findcare/vaccination/covid-19,27251 WOLF RD,BAY VILLAGE,44140-2020,Cuyahoga County
41.166282,-81.438978,Walgreens Co. #4295,Pfizer-BioNTech - Ages 12 years and older,330-688-4372,https://www.walgreens.com,https://www.walgreens.com/findcare/vaccination/covid-19,2086 GRAHAM RD,STOW,44224-4003,Summit County
39.547028,-83.427412,Walgreens Co. #12372,Pfizer-BioNTech - Ages 12 years and older,740-335-3180,https://www.walgreens.com,https://www.walgreens.com/findcare/vaccination/covid-19,1240 COLUMBUS AVE,WASHINGTON COURT HOUSE,43160-1655,Fayette County
39.102354,-84.515296,Walgreens Co. #7053,Pfizer-BioNTech - Ages 12 years and older,513-929-4316,https://www.walgreens.com,https://www.walgreens.com/findcare/vaccination/covid-19,601 RACE ST,CINCINNATI,45202-2322,Hamilton County
39.724506,-82.609087,Walgreens Co. #7798,Pfizer-BioNTech - Ages 12 years and older,740-681-9579,https://www.walgreens.com,https://www.walgreens.com/findcare/vaccination/covid-19,911 N MEMORIAL DR,LANCASTER,43130-1745,Fairfield County
39.145946,-84.427786,Walgreens Co. #274,Pfizer-BioNTech - Ages 12 years and older,513-871-4615,https://www.walgreens.com,https://www.walgreens.com/findcare/vaccination/covid-19,3822 PAXTON AVE,CINCINNATI,45209-2399,Hamilton County
41.150467,-81.359105,Walgreens Co. #5639,Moderna - Ages 12 years and older,330-677-5650,https://www.walgreens.com,https://www.walgreens.com/findcare/vaccination/covid-19,320 S WATER ST,KENT,44240-3528,Portage County
39.321616,-84.311849,Walgreens Co. #10051,Moderna - Ages 12 years and older,513-770-5587,https://www.walgreens.com,https://www.walgreens.com/findcare/vaccination/covid-19,8060 S MASON MONTGOMERY RD,MASON,45040-9597,Warren County
40.791872,-81.446632,Walgreens Co. #4101,Pfizer-BioNTech - Ages 12 years and older,330-478-3976,https://www.walgreens.com,https://www.walgreens.com/findcare/vaccination/covid-19,5122 TUSCARAWAS ST W,CANTON,44708-5016,Stark County
39.064559,-84.287716,Walgreens Co. #3864,Pfizer-BioNTech - Ages 12 years and older,513-753-7578,https://www.walgreens.com,https://www.walgreens.com/findcare/vaccination/covid-19,719 OHIO PIKE,CINCINNATI,45245-2131,Clermont County
39.639159,-84.1106,Walgreens Co. #4567,Pfizer-BioNTech - Ages 12 years and older,937-433-5314,https://www.walgreens.com,https://www.walgreens.com/findcare/vaccination/covid-19,6485 WILMINGTON PIKE,DAYTON,45459-7110,Greene County
40.275533,-81.869302,Walgreens Co. #11694,Moderna - Ages 12 years and older,740-295-5403,https://www.walgreens.com,https://www.walgreens.com/findcare/vaccination/covid-19,190 CHESTNUT ST,COSHOCTON,43812-1129,Coshocton County
39.954907,-82.875587,Walgreens Co. #7942,Pfizer-BioNTech - Ages 12 years and older,614-868-1224,https://www.walgreens.com,https://www.walgreens.com/findcare/vaccination/covid-19,4617 E MAIN ST,WHITEHALL,43213-3298,Franklin County
40.565013,-83.121086,Walgreens Co. #10295,Pfizer-BioNTech - Ages 12 years and older,740-386-5146,https://www.walgreens.com,https://www.walgreens.com/findcare/vaccination/covid-19,1321 DELAWARE AVE,MARION,43302-6421,Marion County
39.503087,-84.356259,Walgreens Co. #6471,Moderna - Ages 12 years and older,513-425-8702,https://www.walgreens.com,https://www.walgreens.com/findcare/vaccination/covid-19,700 S BREIEL BLVD,MIDDLETOWN,45044-6202,Butler County
41.234259,-80.83008,Walgreens Co. #5549,Pfizer-BioNTech - Ages 12 years and older,330-393-3033,https://www.walgreens.com,https://www.walgreens.com/findcare/vaccination/covid-19,804 W MARKET ST,WARREN,44481-1038,Trumbull County
39.352378,-82.977121,Walgreens Co. #7799,Pfizer-BioNTech - Ages 12 years and older,740-779-2905,https://www.walgreens.com,https://www.walgreens.com/findcare/vaccination/covid-19,850 N BRIDGE ST,CHILLICOTHE,45601-1702,Ross County
40.7491,-84.14755,Walgreens Co. #7441,Pfizer-BioNTech - Ages 12 years and older,419-222-9462,https://www.walgreens.com,https://www.walgreens.com/findcare/vaccination/covid-19,701 N CABLE RD,LIMA,45805-1737,Allen County
41.320159,-80.731749,Walgreens Co. #11730,Pfizer-BioNTech - Ages 12 years and older,330-638-5016,https://www.walgreens.com,https://www.walgreens.com/findcare/vaccination/covid-19,600 S MECCA ST,CORTLAND,44410-1507,Trumbull County
39.95165,-83.152588,Walgreens Co. #7523,Pfizer-BioNTech - Ages 12 years and older,614-870-7816,https://www.walgreens.com,https://www.walgreens.com/findcare/vaccination/covid-19,5690 W BROAD ST,GALLOWAY,43119-8127,Franklin County
39.322338,-84.504433,Walgreens Co. #5196,Pfizer-BioNTech - Ages 12 years and older,513-874-3528,https://www.walgreens.com,https://www.walgreens.com/findcare/vaccination/covid-19,6355 DIXIE HWY,FAIRFIELD,45014-4215,Butler County
39.612588,-84.160907,Walgreens Co. #9873,Pfizer-BioNTech - Ages 12 years and older,937-291-3707,https://www.walgreens.com,https://www.walgreens.com/findcare/vaccination/covid-19,911 S MAIN ST,CENTERVILLE,45458-5801,Montgomery County
40.289827,-83.069442,Walgreens Co. #6485,Pfizer-BioNTech - Ages 12 years and older,740-368-9380,https://www.walgreens.com,https://www.walgreens.com/findcare/vaccination/covid-19,19 LONDON RD,DELAWARE,43015-2613,Delaware County
40.030727,-82.964522,Walgreens Co. #7113,Pfizer-BioNTech - Ages 12 years and older,614-263-7551,https://www.walgreens.com,https://www.walgreens.com/findcare/vaccination/covid-19,3093 CLEVELAND AVE,COLUMBUS,43224-3684,Franklin County
39.281795,-84.485917,Walgreens Co. #2694,Pfizer-BioNTech - Ages 12 years and older,513-825-6446,https://www.walgreens.com,https://www.walgreens.com/findcare/vaccination/covid-19,385 NORTHLAND BLVD,CINCINNATI,45240-3272,Hamilton County
39.787232,-84.235681,Walgreens Co. #4976,Moderna - Ages 12 years and older,937-277-6022,https://www.walgreens.com,https://www.walgreens.com/findcare/vaccination/covid-19,2710 SALEM AVE,DAYTON,45406-2730,Montgomery County
39.356805,-84.394548,Walgreens Co. #5762,Pfizer-BioNTech - Ages 12 years and older,513-779-8302,https://www.walgreens.com,https://www.walgreens.com/findcare/vaccination/covid-19,7804 CINCINNATI DAYTON RD,WEST CHESTER,45069-6003,Butler County
41.024793,-80.662083,Walgreens Co. #4397,Moderna - Ages 12 years and older,330-726-9374,https://www.walgreens.com,https://www.walgreens.com/findcare/vaccination/covid-19,7295 MARKET ST,BOARDMAN,44512-4556,Mahoning County
41.265124,-80.782142,Walgreens Co. #9077,Moderna - Ages 12 years and older,330-372-4622,https://www.walgreens.com,https://www.walgreens.com/findcare/vaccination/covid-19,3390 ELM RD NE,WARREN,44483-2614,Trumbull County
41.393888,-81.641917,Walgreens Co. #2132,Pfizer-BioNTech - Ages 12 years and older,216-525-0732,https://www.walgreens.com,https://www.walgreens.com/findcare/vaccination/covid-19,6900 ROCKSIDE RD,INDEPENDENCE,44131-2324,Cuyahoga County
39.901336,-83.810243,Walgreens Co. #6522,Pfizer-BioNTech - Ages 12 years and older,937-322-5894,https://www.walgreens.com,https://www.walgreens.com/findcare/vaccination/covid-19,1880 S LIMESTONE ST,SPRINGFIELD,45505-4064,Clark County
41.464858,-81.537787,Walgreens Co. #9073,Pfizer-BioNTech - Ages 12 years and older,216-751-4521,https://www.walgreens.com,https://www.walgreens.com/findcare/vaccination/covid-19,20200 VAN AKEN BLVD,SHAKER HEIGHTS,44122-3623,Cuyahoga County
39.938006,-83.804955,Walgreens Co. #7884,Moderna - Ages 12 years and older,937-325-7608,https://www.walgreens.com,https://www.walgreens.com/findcare/vaccination/covid-19,1140 N LIMESTONE ST,SPRINGFIELD,45503-3622,Clark County
41.213409,-80.762315,Walgreens Co. #6888,Pfizer-BioNTech - Ages 12 years and older,330-544-3462,https://www.walgreens.com,https://www.walgreens.com/findcare/vaccination/covid-19,5027 YOUNGSTOWN WARREN RD,NILES,44446-4905,Trumbull County
41.317064,-81.348613,Walgreens Co. #10567,Pfizer-BioNTech - Ages 12 years and older,330-562-2007,https://www.walgreens.com,https://www.walgreens.com/findcare/vaccination/covid-19,95 W GARFIELD RD,AURORA,44202-6547,Portage County
39.480097,-84.478181,Walgreens Co. #11511,Pfizer-BioNTech - Ages 12 years and older,513-737-3504,https://www.walgreens.com,https://www.walgreens.com/findcare/vaccination/covid-19,1001 W STATE ST,TRENTON,45067-1585,Butler County
39.142517,-84.360205,Walgreens Co. #7877,Pfizer-BioNTech - Ages 12 years and older,513-271-3131,https://www.walgreens.com,https://www.walgreens.com/findcare/vaccination/covid-19,7398 WOOSTER PIKE,CINCINNATI,45227-3834,Hamilton County
40.878463000000004,-81.44189,Walgreens Co. #11810,Moderna - Ages 12 years and older,330-497-5312,https://www.walgreens.com,https://www.walgreens.com/findcare/vaccination/covid-19,6701 FRANK AVE NW,NORTH CANTON,44720-7268,Stark County
41.414234,-81.734001,Walgreens Co. #3314,Pfizer-BioNTech - Ages 12 years and older,440-886-6233,https://www.walgreens.com,https://www.walgreens.com/findcare/vaccination/covid-19,5400 PEARL RD,PARMA,44129-1545,Cuyahoga County
41.438182,-81.706455,Walgreens Co. #3308,Pfizer-BioNTech - Ages 12 years and older,216-739-9659,https://www.walgreens.com,https://www.walgreens.com/findcare/vaccination/covid-19,4265 STATE RD,CLEVELAND,44109-4204,Cuyahoga County
39.989152,-83.044948,Walgreens Co. #12083,Moderna - Ages 12 years and older,614-486-3308,https://www.walgreens.com,https://www.walgreens.com/findcare/vaccination/covid-19,1444 W 5TH AVE,GRANDVIEW HEIGHTS,43212-2400,Franklin County
41.004281,-84.125942,Walgreens Co. #7683,Pfizer-BioNTech - Ages 12 years and older,419-420-0084,https://www.walgreens.com,https://www.walgreens.com/findcare/vaccination/covid-19,15031 SR 224 E,FINDLAY,45840-7764,Putnam County
41.463875,-81.566584,Walgreens Co. #3235,Pfizer-BioNTech - Ages 12 years and older,216-561-4007,https://www.walgreens.com,https://www.walgreens.com/findcare/vaccination/covid-19,16400 CHAGRIN BLVD,SHAKER HEIGHTS,44120-3714,Cuyahoga County
39.352136,-84.558337,Walgreens Co. #7046,Pfizer-BioNTech - Ages 12 years and older,513-856-9400,https://www.walgreens.com,https://www.walgreens.com/findcare/vaccination/covid-19,4610 PLEASANT AVE,FAIRFIELD,45014-1664,Butler County
39.629722,-84.191128,Sams Club #10-8136,Pfizer-BioNTech - Ages 12 years and older,9374360299,https://www.samsclub.com/club/8136,https://www.samsclub.com/pharmacy/immunization?imzType=covid,1111 Miamisburgh Centerville Rd,Washington Township,45459-6713,Montgomery County
39.291159,-84.297633,Walgreens Co. #3792,Pfizer-BioNTech - Ages 12 years and older,513-583-9273,https://www.walgreens.com,https://www.walgreens.com/findcare/vaccination/covid-19,9520 FIELDS ERTEL RD,LOVELAND,45140-6270,Hamilton County
41.389486,-81.764372,Walgreens Co. #4159,Moderna - Ages 12 years and older,440-886-0775,https://www.walgreens.com,https://www.walgreens.com/findcare/vaccination/covid-19,6300 PEARL RD,PARMA HEIGHTS,44130-3041,Cuyahoga County
41.404933,-81.689188,Walgreens Co. #12634,Pfizer-BioNTech - Ages 12 years and older,216-325-5192,https://www.walgreens.com,https://www.walgreens.com/findcare/vaccination/covid-19,1415 ROCKSIDE RD,PARMA,44134-2701,Cuyahoga County
41.539861,-81.496631,Walgreens Co. #7474,Pfizer-BioNTech - Ages 12 years and older,440-442-3368,https://www.walgreens.com,https://www.walgreens.com/findcare/vaccination/covid-19,751 RICHMOND RD,RICHMOND HEIGHTS,44143-2917,Cuyahoga County
41.450049,-81.815177,Walgreens Co. #3310,Moderna - Ages 12 years and older,216-252-3102,https://www.walgreens.com,https://www.walgreens.com/findcare/vaccination/covid-19,16803 LORAIN AVE,CLEVELAND,44111-5510,Cuyahoga County
41.456394,-81.902925,Walgreens Co. #5473,Pfizer-BioNTech - Ages 12 years and older,440-892-0525,https://www.walgreens.com,https://www.walgreens.com/findcare/vaccination/covid-19,25524 CENTER RIDGE RD,WESTLAKE,44145-4048,Cuyahoga County
40.875486,-81.364458,Walgreens Co. #1337,Moderna - Ages 12 years and older,330-244-1435,https://www.walgreens.com,https://www.walgreens.com/findcare/vaccination/covid-19,6421 MARKET AVE N,CANTON,44721-2490,Stark County
38.896957,-82.567916,Walgreens Co. #12476,Pfizer-BioNTech - Ages 12 years and older,740-286-4640,https://www.walgreens.com,https://www.walgreens.com/findcare/vaccination/covid-19,521 E MAIN ST,JACKSON,45640-2126,Jackson County
39.989293,-82.032327,Sams Club #10-4947,Moderna - Ages 12 years and older,7404527183,https://www.samsclub.com/club/4947,https://www.samsclub.com/pharmacy/immunization?imzType=covid,3724 Northpointe Dr,Zanesville,43701-1768,Muskingum County
39.825922,-84.121706,Walgreens Co. #10580,Pfizer-BioNTech - Ages 12 years and older,937-236-0495,https://www.walgreens.com,https://www.walgreens.com/findcare/vaccination/covid-19,5000 BRANDT PIKE,HUBER HEIGHTS,45424-6108,Montgomery County
40.901235,-80.831118,Walgreens Co. #9377,Pfizer-BioNTech - Ages 12 years and older,330-337-8001,https://www.walgreens.com,https://www.walgreens.com/findcare/vaccination/covid-19,2124 E STATE ST,SALEM,44460-2455,Columbiana County
40.111367,-82.948559,"CVS Pharmacy, Inc. #03992",Moderna - Ages 6 months through 11 years,(614) 891-9771,https://www.cvs.com/store-locator/details-directions/003992,https://www.cvs.com/immunizations/covid-19-vaccine,620 S. CLEVELAND AVE.,WESTERVILLE,43081,Franklin County
39.404251,-81.418798,Walmart Inc #10-2078,Moderna - Ages 6 months through 11 years,7403769030,https://www.walmart.com/store/2078,https://www.walmart.com/pharmacy/clinical-services/immunization/scheduled?imzType=covid,804 Pike St,Marietta,45750-3503,Washington County
39.0286,-82.030454,Rite Aid #RA101635,Pfizer-BioNTech - Ages 12 years and older,740-992-2586,https://www.riteaid.com,https://www.riteaid.com/pharmacy/scheduler,306 EAST MAIN STREET,POMEROY,45769-1023,Meigs County
41.161243,-81.4893,"CVS Pharmacy, Inc. #04572",Novavax - Ages 12 years and older,(330) 922-1298,https://www.cvs.com/store-locator/details-directions/004572,https://www.cvs.com/immunizations/covid-19-vaccine,641 GRAHAM RD.,CUYAHOGA FALLS,44221,Summit County
39.942643,-83.830398,Meijer #66,Moderna - Ages 6 months through 11 years,937-323-1298,https://www.meijer.com/services/pharmacy.html,https://rx.meijer.com/appt/SV0001,1500 Hillcrest Ave,Springfield,45504,Clark County
41.434112,-81.879542,"CVS Pharmacy, Inc. #03339",Novavax - Ages 12 years and older,(440) 686-1586,https://www.cvs.com/store-locator/details-directions/003339,https://www.cvs.com/immunizations/covid-19-vaccine,23351 LORAIN ROAD,NORTH OLMSTED,44070,Cuyahoga County
41.60826,-83.710116,Kroger Pharmacy #01600907,Moderna - Ages 12 years and older,(567) 297-4110,www.krogerhealth.com,https://www.kroger.com/i/coronavirus-update/vaccine,7059 ORCHARD CENTRE DR,HOLLAND,43528,Lucas County
40.363021,-83.758224,"CVS Pharmacy, Inc. #06178",Moderna - Ages 6 months through 11 years,(937) 593-1040,https://www.cvs.com/store-locator/details-directions/006178,https://www.cvs.com/immunizations/covid-19-vaccine,143 E. SANDUSKY AVE.,BELLEFONTAINE,43311,Logan County
39.22543,-83.619448,Kroger Pharmacy #01400380,Moderna - Ages 12 years and older,(937) 840-9374,www.krogerhealth.com,https://www.kroger.com/i/coronavirus-update/vaccine,575 HARRY SAUNER RD,HILLSBORO,45133,Highland County
39.23572,-84.588675,"CVS Pharmacy, Inc. #16873",Pfizer-BioNTech - Ages 12 years and older,(513) 719-0038,https://www.cvs.com/store-locator/details-directions/016873,https://www.cvs.com/immunizations/covid-19-vaccine,9040 COLERAIN AVE,CINCINNATI,45251,Hamilton County
40.87879,-81.437036,Sams Club #10-6317,Pfizer-BioNTech - Ages 12 years and older,3304975295,https://www.samsclub.com/club/6317,https://www.samsclub.com/pharmacy/immunization?imzType=covid,4790 Portage St NW,North Canton,44720-7245,Stark County
41.044741,-83.641909,"CVS Pharmacy, Inc. #05813",Pfizer-BioNTech - Ages 12 years and older,(419) 423-3236,https://www.cvs.com/store-locator/details-directions/005813,https://www.cvs.com/immunizations/covid-19-vaccine,463 TIFFAN AVE.,FINDLAY,45840,Hancock County
39.728803,-84.057965,"CVS Pharmacy, Inc. #03458",Novavax - Ages 12 years and older,(937) 426-4478,https://www.cvs.com/store-locator/details-directions/003458,https://www.cvs.com/immunizations/covid-19-vaccine,1331 NORTH FAIRFIELD ROAD,BEAVERCREEK,45432,Greene County
41.245468,-82.618671,Rite Aid #RA101433,Moderna - Ages 12 years and older,419-668-9775,https://www.riteaid.com,https://www.riteaid.com/pharmacy/scheduler,99 WHITTLESEY AVENUE,NORWALK,44857-1463,Huron County
40.241251,-83.395345,Kroger Pharmacy #01600549,Pfizer-BioNTech - Ages 12 years and older,(937) 209-2449,www.krogerhealth.com,https://www.kroger.com/i/coronavirus-update/vaccine,1501 W 5TH ST,MARYSVILLE,43040,Union County
40.019776,-82.889717,"CVS Pharmacy, Inc. #03410",Novavax - Ages 12 years and older,(614) 475-2014,https://www.cvs.com/store-locator/details-directions/003410,https://www.cvs.com/immunizations/covid-19-vaccine,60 N. STYGLER RD.,COLUMBUS,43230,Franklin County
39.451718,-82.22072,Kroger Pharmacy #01600529,Moderna - Ages 6 months through 11 years,(740) 753-1984,www.krogerhealth.com,https://www.kroger.com/i/coronavirus-update/vaccine,965 POPLAR ST,NELSONVILLE,45764,Athens County
41.042793,-82.726407,Rite Aid #RA103357,Moderna - Ages 12 years and older,419-935-3900,https://www.riteaid.com,https://www.riteaid.com/pharmacy/scheduler,4 EAST WALTON STREET,WILLARD,44890-9419,Huron County
41.077163,-81.498774,"CVS Pharmacy, Inc. #04800",Pfizer-BioNTech - Ages 12 years and older,(330) 535-2700,https://www.cvs.com/store-locator/details-directions/004800,https://www.cvs.com/immunizations/covid-19-vaccine,590 EAST MARKET STREET,AKRON,44304,Summit County
39.961099,-82.476735,Kroger Pharmacy #01600621,Pfizer-BioNTech - Ages 12 years and older,(740) 928-2152,www.krogerhealth.com,https://www.kroger.com/i/coronavirus-update/vaccine,600 E MAIN ST,HEBRON,43025,Licking County
41.690801,-83.703007,Rite Aid #RA102354,Moderna - Ages 6 months through 11 years,419-885-2989,https://www.riteaid.com,https://www.riteaid.com/pharmacy/scheduler,4018 NORTH MCCORD ROAD,SYLVANIA,43560-3264,Lucas County
41.748835,-81.207558,"CVS Pharmacy, Inc. #05941",Pfizer-BioNTech - Ages 12 years and older,(440) 352-7051,https://www.cvs.com/store-locator/details-directions/005941,https://www.cvs.com/immunizations/covid-19-vaccine,1890 N RIDGE RD,PAINESVILLE,44077,Lake County
40.547792,-82.846446,Kroger Pharmacy #01600800,Pfizer-BioNTech - Ages 5 through 11 years,(419) 947-9134,www.krogerhealth.com,https://www.kroger.com/i/coronavirus-update/vaccine,555 W MARION RD,MOUNT GILEAD,43338,Morrow County
39.800722,-84.193497,Rite Aid #RA103134,Moderna - Ages 12 years and older,937-275-7032,https://www.riteaid.com,https://www.riteaid.com/pharmacy/scheduler,3700 NORTH DIXIE DRIVE,DAYTON,45414-5235,Montgomery County
40.385285,-82.485175,Rite Aid #RA102416,Pfizer-BioNTech - Ages 12 years and older,740-393-2822,https://www.riteaid.com,https://www.riteaid.com/pharmacy/scheduler,4 NEWARK ROAD,MT. VERNON,43050-4113,Knox County
39.601971,-84.230185,Kroger Pharmacy #01400722,Moderna - Ages 12 years and older,(937) 384-4220,www.krogerhealth.com,https://www.kroger.com/i/coronavirus-update/vaccine,10101 LANDING WAY,MIAMISBURG,45342,Montgomery County
39.479846,-84.420877,Kroger Pharmacy #01400335,Moderna - Ages 6 months through 11 years,(513) 423-7097,www.krogerhealth.com,https://www.kroger.com/i/coronavirus-update/vaccine,428 OXFORD STATE RD,MIDDLETOWN,45044,Butler County
41.462474,-81.769559,Rite Aid #RA103486,Pfizer-BioNTech - Ages 12 years and older,216-671-1411,https://www.riteaid.com,https://www.riteaid.com/pharmacy/scheduler,11702 LORAIN AVENUE,CLEVELAND,44111-5442,Cuyahoga County
39.224217,-84.591941,Walmart Inc #10-1521,Moderna - Ages 6 months through 11 years,5132459458,https://www.walmart.com/store/1521,https://www.walmart.com/pharmacy/clinical-services/immunization/scheduled?imzType=covid,8451 Colerain Ave,Cincinnati,45239-3926,Hamilton County
41.875166,-80.773009,"CVS Pharmacy, Inc. #03362",Novavax - Ages 12 years and older,(440) 998-2216,https://www.cvs.com/store-locator/details-directions/003362,https://www.cvs.com/immunizations/covid-19-vaccine,1819 EAST PROSPECT ROAD,ASHTABULA,44004,Ashtabula County
41.171751,-82.218002,Rite Aid #RA102590,Pfizer-BioNTech - Ages 12 years and older,440-647-2121,https://www.riteaid.com,https://www.riteaid.com/pharmacy/scheduler,267 NORTH MAIN STREET,WELLINGTON,44090-1045,Lorain County
41.412153000000004,-81.337449,"CVS Pharmacy, Inc. #04804",Moderna - Ages 6 months through 11 years,(440) 543-7475,https://www.cvs.com/store-locator/details-directions/004804,https://www.cvs.com/immunizations/covid-19-vaccine,16801 CHILLICOTHE RD.,CHAGRIN FALLS,44023,Geauga County
39.58205,-82.948475,Walmart Inc #10-1427,Pfizer-BioNTech - Ages 12 years and older,7404773678,https://www.walmart.com/store/1427,https://www.walmart.com/pharmacy/clinical-services/immunization/scheduled?imzType=covid,1470 S Court St,Circleville,43113-2165,Pickaway County
41.154738,-81.865291,"CVS Pharmacy, Inc. #16379",Novavax - Ages 12 years and older,(330) 725-2706,https://www.cvs.com/store-locator/details-directions/016379,https://www.cvs.com/immunizations/covid-19-vaccine,1015 N COURT ST,MEDINA,44256,Medina County
39.931371,-83.052206,Kroger Pharmacy #01600990,Pfizer-BioNTech - Ages 5 through 11 years,(614) 274-7748,www.krogerhealth.com,https://www.kroger.com/i/coronavirus-update/vaccine,2161 EAKIN RD,COLUMBUS,43223,Franklin County
41.009938,-81.590573,"CVS Pharmacy, Inc. #03320",Pfizer-BioNTech - Ages 5 through 11 years,(330) 753-1013,https://www.cvs.com/store-locator/details-directions/003320,https://www.cvs.com/immunizations/covid-19-vaccine,426 ROBINSON AVE.,BARBERTON,44203,Summit County
40.025147,-81.585304,Rite Aid #RA104832,Pfizer-BioNTech - Ages 12 years and older,740-432-9301,https://www.riteaid.com,https://www.riteaid.com/pharmacy/scheduler,1045 WHEELING AVENUE,CAMBRIDGE,43725-2441,Guernsey County
39.271616,-84.326101,Kroger Pharmacy #01400353,Moderna - Ages 6 months through 11 years,(513) 247-7760,www.krogerhealth.com,https://www.kroger.com/i/coronavirus-update/vaccine,11390 MONTGOMERY RD,CINCINNATI,45249,Hamilton County
40.584108,-83.127831,Rite Aid #RA100277,Moderna - Ages 12 years and older,740-382-0650,https://www.riteaid.com,https://www.riteaid.com/pharmacy/scheduler,332 SOUTH MAIN STREET,MARION,43302-5006,Marion County
41.508565,-83.749462,Kroger Pharmacy #01600531,Moderna - Ages 12 years and older,(419) 878-1040,www.krogerhealth.com,https://www.kroger.com/i/coronavirus-update/vaccine,8730 WATERVILLE-SWANTON RD,WATERVILLE,43566,Lucas County
39.074215,-84.311304,Kroger Pharmacy #01400431,Moderna - Ages 12 years and older,(513) 528-6131,www.krogerhealth.com,https://www.kroger.com/i/coronavirus-update/vaccine,450 OHIO PIKE,CINCINNATI,45255,Clermont County
41.646696,-83.522304,Rite Aid #RA102310,Pfizer-BioNTech - Ages 12 years and older,419-691-5851,https://www.riteaid.com,https://www.riteaid.com/pharmacy/scheduler,210 MAIN STREET,TOLEDO,43605-2036,Lucas County
41.441156,-82.185937,"CVS Pharmacy, Inc. #03353",Novavax - Ages 12 years and older,(440) 282-9189,https://www.cvs.com/store-locator/details-directions/003353,https://www.cvs.com/immunizations/covid-19-vaccine,3230 OBERLIN AVE.,LORAIN,44053,Lorain County
41.466184,-81.754008,"CVS Pharmacy, Inc. #03333",Pfizer-BioNTech - Ages 12 years and older,(216) 281-3061,https://www.cvs.com/store-locator/details-directions/003333,https://www.cvs.com/immunizations/covid-19-vaccine,3171 WEST BLVD.,CLEVELAND,44111,Cuyahoga County
40.002318,-83.155718,Kroger Pharmacy #01600867,Moderna - Ages 12 years and older,(614) 771-4172,www.krogerhealth.com,https://www.kroger.com/i/coronavirus-update/vaccine,2525 HILLIARD ROME RD,HILLIARD,43026,Franklin County
39.988125,-83.046458,"CVS Pharmacy, Inc. #06147",Moderna - Ages 12 years and older,(614) 486-7159,https://www.cvs.com/store-locator/details-directions/006147,https://www.cvs.com/immunizations/covid-19-vaccine,1495 WEST 5TH AVE.,COLUMBUS,43212,Franklin County
41.12805,-81.60512,"CVS Pharmacy, Inc. #16381",Novavax - Ages 12 years and older,(330) 865-9014,https://www.cvs.com/store-locator/details-directions/016381,https://www.cvs.com/immunizations/covid-19-vaccine,2801 W MARKET ST,FAIRLAWN,44333,Summit County
39.64134,-84.269499,"CVS Pharmacy, Inc. #06138",Pfizer-BioNTech - Ages 12 years and older,(937) 866-6651,https://www.cvs.com/store-locator/details-directions/006138,https://www.cvs.com/immunizations/covid-19-vaccine,1205 EAST CENTRAL AVENUE,MIAMISBURG,45342,Montgomery County
41.501081,-81.520491,"CVS Pharmacy, Inc. #04345",Novavax - Ages 12 years and older,(216) 381-8726,https://www.cvs.com/store-locator/details-directions/004345,https://www.cvs.com/immunizations/covid-19-vaccine,14440 CEDAR RD,UNIVERSITY HEIGHTS,44121,Cuyahoga County
39.307294,-84.279831,"CVS Pharmacy, Inc. #06090",Pfizer-BioNTech - Ages 12 years and older,(513) 677-1222,https://www.cvs.com/store-locator/details-directions/006090,https://www.cvs.com/immunizations/covid-19-vaccine,8872 COLUMBIA RD.,MAINEVILLE,45039,Warren County
39.345501,-84.391789,Walmart Inc #10-2309,Moderna - Ages 6 months through 11 years,5137772397,https://www.walmart.com/store/2309,https://www.walmart.com/pharmacy/clinical-services/immunization/scheduled?imzType=covid,8288 Cincinnati Dayton Rd,West Chester,45069-2143,Butler County
40.902303,-81.134172,Rite Aid #RA102404,Pfizer-BioNTech - Ages 12 years and older,330-823-0850,https://www.riteaid.com,https://www.riteaid.com/pharmacy/scheduler,1895 WEST STATE STREET,ALLIANCE,44601-3538,Stark County
41.374435,-83.648187,"CVS Pharmacy, Inc. #10248",Pfizer-BioNTech - Ages 5 through 11 years,(419) 352-3119,https://www.cvs.com/store-locator/details-directions/010248,https://www.cvs.com/immunizations/covid-19-vaccine,212 E. WOOSTER ST.,BOWLING GREEN,43402,Wood County
39.102951,-84.271992,Kroger Pharmacy #01400902,Moderna - Ages 6 months through 11 years,(513) 943-6340,www.krogerhealth.com,https://www.kroger.com/i/coronavirus-update/vaccine,4530 EASTGATE BLVD STE 500,CINCINNATI,45245,Clermont County
39.430606,-81.464544,Kroger Pharmacy #02900800,Pfizer-BioNTech - Ages 5 through 11 years,(740) 434-0140,www.krogerhealth.com,https://www.kroger.com/i/coronavirus-update/vaccine,401 MATTHEW STREET SUITE 100,MARIETTA,45750,Washington County
41.425553,-82.347817,Rite Aid #RA104580,Moderna - Ages 12 years and older,440-967-2018,https://www.riteaid.com,https://www.riteaid.com/pharmacy/scheduler,4580 LIBERTY AVENUE,VERMILION,44089-3285,Lorain County
41.676849,-83.624492,Rite Aid #RA102316,Moderna - Ages 12 years and older,419-531-1172,https://www.riteaid.com,https://www.riteaid.com/pharmacy/scheduler,3325 WEST CENTRAL AVENUE,TOLEDO,43606-1406,Lucas County
40.868191,-82.306905,"CVS Pharmacy, Inc. #06167",Pfizer-BioNTech - Ages 12 years and older,(419) 281-0525,https://www.cvs.com/store-locator/details-directions/006167,https://www.cvs.com/immunizations/covid-19-vaccine,418 EAST MAIN STREET,ASHLAND,44805,Ashland County
39.761763,-84.050635,"CVS Pharmacy, Inc. #16493",Novavax - Ages 12 years and older,(937) 431-8672,https://www.cvs.com/store-locator/details-directions/016493,https://www.cvs.com/immunizations/covid-19-vaccine,2490 N FAIRFIELD RD,BEAVERCREEK,45431,Greene County
41.205531,-80.739634,"CVS Pharmacy, Inc. #02486",Novavax - Ages 12 years and older,(330) 505-2601,https://www.cvs.com/store-locator/details-directions/002486,https://www.cvs.com/immunizations/covid-19-vaccine,1331 YOUNGSTOWN-WARREN RD,NILES,44446,Trumbull County
39.728803,-84.057965,"CVS Pharmacy, Inc. #03458",Pfizer-BioNTech - Ages 12 years and older,(937) 426-4478,https://www.cvs.com/store-locator/details-directions/003458,https://www.cvs.com/immunizations/covid-19-vaccine,1331 NORTH FAIRFIELD ROAD,BEAVERCREEK,45432,Greene County
39.30063,-83.960879,Kroger Pharmacy #01400395,Moderna - Ages 6 months through 11 years,(937) 783-0270,www.krogerhealth.com,https://www.kroger.com/i/coronavirus-update/vaccine,1001 CHERRY ST STE A,BLANCHESTER,45107,Clinton County
40.123397,-82.980061,Kroger Pharmacy #01600879,Moderna - Ages 12 years and older,(614) 841-7412,www.krogerhealth.com,https://www.kroger.com/i/coronavirus-update/vaccine,1425 WORTHINGTON CENTRE DR,WORTHINGTON,43085,Franklin County
40.902289,-81.100859,Rite Aid #RA103167,Pfizer-BioNTech - Ages 12 years and older,330-823-6921,https://www.riteaid.com,https://www.riteaid.com/pharmacy/scheduler,304 EAST STATE STREET,ALLIANCE,44601-4938,Stark County
39.248362,-84.599212,Kroger Pharmacy #01400968,Pfizer-BioNTech - Ages 12 years and older,(513) 639-9920,www.krogerhealth.com,https://www.kroger.com/i/coronavirus-update/vaccine,3636 SPRINGDALE RD,CINCINNATI,45251,Hamilton County
40.862216,-82.27106,Walmart Inc #10-1448,Moderna - Ages 6 months through 11 years,4192819537,https://www.walmart.com/store/1448,https://www.walmart.com/pharmacy/clinical-services/immunization/scheduled?imzType=covid,1996 E Main St,Ashland,44805-8944,Ashland County
40.75059,-81.373882,Rite Aid #RA102409,Moderna - Ages 6 months through 11 years,330-484-3947,https://www.riteaid.com,https://www.riteaid.com/pharmacy/scheduler,4042 CLEVELAND AVENUE SOUTH,CANTON,44707-1334,Stark County
39.294772,-83.981164,"CVS Pharmacy, Inc. #06105",Novavax - Ages 12 years and older,(937) 783-4669,https://www.cvs.com/store-locator/details-directions/006105,https://www.cvs.com/immunizations/covid-19-vaccine,610 CHERRY ST.,BLANCHESTER,45107,Clinton County
41.282824,-82.064463,Rite Aid #RA103365,Pfizer-BioNTech - Ages 12 years and older,440-926-2126,https://www.riteaid.com,https://www.riteaid.com/pharmacy/scheduler,479 MAIN STREET,GRAFTON,44044-1257,Lorain County
41.484494,-81.589514,"CVS Pharmacy, Inc. #04350",Moderna - Ages 6 months through 11 years,(216) 991-3904,https://www.cvs.com/store-locator/details-directions/004350,https://www.cvs.com/immunizations/covid-19-vaccine,13215 SHAKER SQUARE,CLEVELAND,44120,Cuyahoga County
39.207135,-83.610851,Rite Aid #RA100142,Pfizer-BioNTech - Ages 12 years and older,937-393-1734,https://www.riteaid.com,https://www.riteaid.com/pharmacy/scheduler,421 NORTH HIGH STREET,HILLSBORO,45133-1132,Highland County
38.898614,-82.571307,"CVS Pharmacy, Inc. #03612",Novavax - Ages 12 years and older,(740) 682-3525,https://www.cvs.com/store-locator/details-directions/003612,https://www.cvs.com/immunizations/covid-19-vaccine,407 NORTH FRONT ST,OAK HILL,45656,Jackson County
39.761763,-84.050635,"CVS Pharmacy, Inc. #16493",Moderna - Ages 12 years and older,(937) 431-8672,https://www.cvs.com/store-locator/details-directions/016493,https://www.cvs.com/immunizations/covid-19-vaccine,2490 N FAIRFIELD RD,BEAVERCREEK,45431,Greene County
41.364428,-81.717841,"CVS Pharmacy, Inc. #03817",Pfizer-BioNTech - Ages 12 years and older,(440) 887-8038,https://www.cvs.com/store-locator/details-directions/003817,https://www.cvs.com/immunizations/covid-19-vaccine,7412 STATE ROAD,PARMA,44134,Cuyahoga County
41.579474,-83.666924,Meijer #115,Moderna - Ages 12 years and older,419-891-8710,https://www.meijer.com/services/pharmacy.html,https://rx.meijer.com/appt/SV0001,1391 Conant Street,Maumee,43537,Lucas County
40.080096,-82.429909,Kroger Pharmacy #01600128,Moderna - Ages 12 years and older,(740) 258-6678,www.krogerhealth.com,https://www.kroger.com/i/coronavirus-update/vaccine,1155 N 21ST ST,NEWARK,43055,Licking County
39.332488,-83.016677,"CVS Pharmacy, Inc. #06189",Novavax - Ages 12 years and older,(740) 702-1100,https://www.cvs.com/store-locator/details-directions/006189,https://www.cvs.com/immunizations/covid-19-vaccine,11 CENTENNIAL BLVD.,CHILLICOTHE,45601,Ross County
40.030269,-84.221952,Kroger Pharmacy #01400984,Moderna - Ages 12 years and older,(937) 573-4530,www.krogerhealth.com,https://www.kroger.com/i/coronavirus-update/vaccine,731 W MARKET ST,TROY,45373,Miami County
41.103433,-80.701776,"CVS Pharmacy, Inc. #03996",Pfizer-BioNTech - Ages 5 through 11 years,(330) 792-8668,https://www.cvs.com/store-locator/details-directions/003996,https://www.cvs.com/immunizations/covid-19-vaccine,2846 MAHONING AVE,YOUNGSTOWN,44509,Mahoning County
41.035477,-81.728203,"CVS Pharmacy, Inc. #03088",Novavax - Ages 12 years and older,(330) 336-6444,https://www.cvs.com/store-locator/details-directions/003088,https://www.cvs.com/immunizations/covid-19-vaccine,473 HIGH STREET,WADSWORTH,44281,Medina County
39.404251,-81.418798,Walmart Inc #10-2078,Pfizer-BioNTech - Ages 12 years and older,7403769030,https://www.walmart.com/store/2078,https://www.walmart.com/pharmacy/clinical-services/immunization/scheduled?imzType=covid,804 Pike St,Marietta,45750-3503,Washington County
40.737445,-84.163874,Rite Aid #RA107928,Pfizer-BioNTech - Ages 12 years and older,419-221-3679,https://www.riteaid.com,https://www.riteaid.com/pharmacy/scheduler,3230 W ELM STREET,LIMA,45805-2519,Allen County
39.102951,-84.271992,Kroger Pharmacy #01400902,Moderna - Ages 12 years and older,(513) 943-6340,www.krogerhealth.com,https://www.kroger.com/i/coronavirus-update/vaccine,4530 EASTGATE BLVD STE 500,CINCINNATI,45245,Clermont County
39.312249,-84.319135,Walmart Inc #10-1441,Moderna - Ages 6 months through 11 years,5135839330,https://www.walmart.com/store/1441,https://www.walmart.com/pharmacy/clinical-services/immunization/scheduled?imzType=covid,5303 Bowen Dr,Mason,45040-6732,Warren County
40.122198,-83.092347,Kroger Pharmacy #01600581,Pfizer-BioNTech - Ages 5 through 11 years,(614) 923-2340,www.krogerhealth.com,https://www.kroger.com/i/coronavirus-update/vaccine,7625 SAWMILL RD,DUBLIN,43016,Franklin County
40.686895,-84.151799,"CVS Pharmacy, Inc. #04445",Novavax - Ages 12 years and older,(419) 991-0010,https://www.cvs.com/store-locator/details-directions/004445,https://www.cvs.com/immunizations/covid-19-vaccine,2620 WEST BREESE ROAD,LIMA,45806,Allen County
41.41312,-82.242541,"CVS Pharmacy, Inc. #17416",Novavax - Ages 12 years and older,(440) 985-7101,https://www.cvs.com/store-locator/details-directions/017416,https://www.cvs.com/immunizations/covid-19-vaccine,8000 OAK POINT RD,AMHERST,44001,Lorain County
39.45393,-84.181427,Kroger Pharmacy #01400447,Pfizer-BioNTech - Ages 5 through 11 years,(513) 228-7370,www.krogerhealth.com,https://www.kroger.com/i/coronavirus-update/vaccine,1425 COLUMBUS AVE,LEBANON,45036,Warren County
39.951555,-83.826586,Walmart Inc #10-2429,Moderna - Ages 6 months through 11 years,9373990370,https://www.walmart.com/store/2429,https://www.walmart.com/pharmacy/clinical-services/immunization/scheduled?imzType=covid,2100 N Bechtle Ave,Springfield,45504-1584,Clark County
40.492418,-81.459526,Rite Aid #RA102392,Pfizer-BioNTech - Ages 12 years and older,330-339-2565,https://www.riteaid.com,https://www.riteaid.com/pharmacy/scheduler,705 WEST HIGH AVENUE,NEW PHILADELPHIA,44663-2057,Tuscarawas County
41.80594,-80.944489,"CVS Pharmacy, Inc. #03169",Pfizer-BioNTech - Ages 12 years and older,(440) 466-4133,https://www.cvs.com/store-locator/details-directions/003169,https://www.cvs.com/immunizations/covid-19-vaccine,170 EAST MAIN ST,GENEVA,44041,Ashtabula County
41.464277,-81.559386,"CVS Pharmacy, Inc. #03346",Novavax - Ages 12 years and older,(216) 921-1288,https://www.cvs.com/store-locator/details-directions/003346,https://www.cvs.com/immunizations/covid-19-vaccine,17120 CHAGRIN BLVD.,SHAKER HEIGHTS,44120,Cuyahoga County
39.351194,-84.21979,Kroger Pharmacy #01400408,Pfizer-BioNTech - Ages 5 through 11 years,(513) 494-2215,www.krogerhealth.com,https://www.kroger.com/i/coronavirus-update/vaccine,5705 SOUTH ST RT 48,MAINEVILLE,45039,Warren County
41.285354,-81.439783,"CVS Pharmacy, Inc. #08932",Pfizer-BioNTech - Ages 12 years and older,(330) 425-1344,https://www.cvs.com/store-locator/details-directions/008932,https://www.cvs.com/immunizations/covid-19-vaccine,8059 DARROW RD.,TWINSBURG,44087,Summit County
41.445733,-82.164607,Rite Aid #RA104683,Pfizer-BioNTech - Ages 12 years and older,440-244-1950,https://www.riteaid.com,https://www.riteaid.com/pharmacy/scheduler,2709 BROADWAY AVENUE,LORAIN,44052-4835,Lorain County
40.581886,-83.083363,"CVS Pharmacy, Inc. #06171",Novavax - Ages 12 years and older,(740) 389-2331,https://www.cvs.com/store-locator/details-directions/006171,https://www.cvs.com/immunizations/covid-19-vaccine,137 MCMAHAN BLVD.,MARION,43302,Marion County
40.811341,-82.97309,Kroger Pharmacy #01600506,Moderna - Ages 12 years and older,(419) 562-7654,www.krogerhealth.com,https://www.kroger.com/i/coronavirus-update/vaccine,210 E MARY ST,BUCYRUS,44820,Crawford County
39.836803,-83.080596,Meijer #234,Moderna - Ages 12 years and older,614-801-4310,https://www.meijer.com/services/pharmacy.html,https://rx.meijer.com/appt/SV0001,2811 London-Groveport Rd,Grove City,43123,Franklin County
39.141613,-84.361681,Kroger Pharmacy #01400421,Pfizer-BioNTech - Ages 5 through 11 years,(513) 271-9320,www.krogerhealth.com,https://www.kroger.com/i/coronavirus-update/vaccine,7385 WOOSTER PIKE,MARIEMONT,45227,Hamilton County
39.854162,-82.899388,Kroger Pharmacy #01600861,Pfizer-BioNTech - Ages 12 years and older,(614) 830-2015,www.krogerhealth.com,https://www.kroger.com/i/coronavirus-update/vaccine,6011 GROVEPORT RD,GROVEPORT,43125,Franklin County
39.817452,-84.127334,Kroger Pharmacy #01400754,Pfizer-BioNTech - Ages 12 years and older,(937) 233-8930,www.krogerhealth.com,https://www.kroger.com/i/coronavirus-update/vaccine,4506 BRANDT PIKE,DAYTON,45424,Montgomery County
41.499572,-81.533929,"CVS Pharmacy, Inc. #16927",Moderna - Ages 12 years and older,(216) 416-0026,https://www.cvs.com/store-locator/details-directions/016927,https://www.cvs.com/immunizations/covid-19-vaccine,14070 CEDAR RD,UNIVERSITY HEIGHTS,44118,Cuyahoga County
41.149709,-81.358965,"CVS Pharmacy, Inc. #03980",Pfizer-BioNTech - Ages 5 through 11 years,(330) 678-4009,https://www.cvs.com/store-locator/details-directions/003980,https://www.cvs.com/immunizations/covid-19-vaccine,500 S WATER ST,KENT,44240,Portage County
41.417836,-81.89669,Walmart Inc #10-2316,Moderna - Ages 6 months through 11 years,4409799234,https://www.walmart.com/store/2316,https://www.walmart.com/pharmacy/clinical-services/immunization/scheduled?imzType=covid,24801 Brookpark Rd,North Olmsted,44070-3487,Cuyahoga County
40.374434,-80.704334,Kroger Pharmacy #01600963,Moderna - Ages 12 years and older,(740) 264-5030,www.krogerhealth.com,https://www.kroger.com/i/coronavirus-update/vaccine,858 MAIN ST,WINTERSVILLE,43953,Jefferson County
41.539268,-81.498328,"CVS Pharmacy, Inc. #03032",Novavax - Ages 12 years and older,(216) 291-1250,https://www.cvs.com/store-locator/details-directions/003032,https://www.cvs.com/immunizations/covid-19-vaccine,"4961 MONTICELLO BLVD,",RICHMOND HEIGHTS,44143,Cuyahoga County
40.244638,-82.864651,"CVS Pharmacy, Inc. #03364",Novavax - Ages 12 years and older,(740) 965-3061,https://www.cvs.com/store-locator/details-directions/003364,https://www.cvs.com/immunizations/covid-19-vaccine,111 W CHERRY ST,SUNBURY,43074,Delaware County
39.797829,-84.245311,Kroger Pharmacy #01400836,Pfizer-BioNTech - Ages 5 through 11 years,(937) 567-9587,www.krogerhealth.com,https://www.kroger.com/i/coronavirus-update/vaccine,3520 W SIEBENTHALER AVE,DAYTON,45406,Montgomery County
41.523955,-81.44661,Costco Wholesale Corporation #344,Moderna - Ages 6 months through 11 years,(440)-544-1352,https://www.costco.com/pharmacy/adult-immunization-program.html,https://www.costco.com/pharmacy/adult-immunization-program.html,1409 GOLDEN GATE BLVD,CLEVELAND,44124,Cuyahoga County
39.207135,-83.610851,Rite Aid #RA100142,Moderna - Ages 6 months through 11 years,937-393-1734,https://www.riteaid.com,https://www.riteaid.com/pharmacy/scheduler,421 NORTH HIGH STREET,HILLSBORO,45133-1132,Highland County
39.095956,-84.612439,Kroger Pharmacy #01400944,Pfizer-BioNTech - Ages 12 years and older,(513) 451-7050,www.krogerhealth.com,https://www.kroger.com/i/coronavirus-update/vaccine,5080 DELHI RD,CINCINNATI,45238,Hamilton County
39.358193,-84.280923,"CVS Pharmacy, Inc. #02840",Novavax - Ages 12 years and older,(513) 398-7609,https://www.cvs.com/store-locator/details-directions/002840,https://www.cvs.com/immunizations/covid-19-vaccine,5525 PARKSIDE DR.,MASON,45040,Warren County
41.319146,-81.623587,"CVS Pharmacy, Inc. #03645",Pfizer-BioNTech - Ages 5 through 11 years,(440) 546-1655,https://www.cvs.com/store-locator/details-directions/003645,https://www.cvs.com/immunizations/covid-19-vaccine,7710 CHIPPEWA RD,BRECKSVILLE,44141,Cuyahoga County
39.17078,-84.44954,"CVS Pharmacy, Inc. #06111",Pfizer-BioNTech - Ages 5 through 11 years,(513) 731-2600,https://www.cvs.com/store-locator/details-directions/006111,https://www.cvs.com/immunizations/covid-19-vaccine,5229 MONTGOMERY RD.,NORWOOD,45212,Hamilton County
41.089888,-80.589799,Rite Aid #RA103146,Moderna - Ages 6 months through 11 years,330-747-2426,https://www.riteaid.com,https://www.riteaid.com/pharmacy/scheduler,693 MCCARTNEY ROAD,YOUNGSTOWN,44505-5016,Mahoning County
40.289572,-84.186978,Kroger Pharmacy #01400913,Moderna - Ages 12 years and older,(937) 498-4116,www.krogerhealth.com,https://www.kroger.com/i/coronavirus-update/vaccine,2100 MICHIGAN ST,SIDNEY,45365,Shelby County
39.141613,-84.361681,Kroger Pharmacy #01400421,Moderna - Ages 12 years and older,(513) 271-9320,www.krogerhealth.com,https://www.kroger.com/i/coronavirus-update/vaccine,7385 WOOSTER PIKE,MARIEMONT,45227,Hamilton County
41.639694,-81.473173,Rite Aid #RA104784,Pfizer-BioNTech - Ages 12 years and older,440-943-2127,https://www.riteaid.com,https://www.riteaid.com/pharmacy/scheduler,30500 LAKESHORE BOULEVARD,WILLOWICK,44095-3600,Lake County
40.800394,-81.510502,"CVS Pharmacy, Inc. #08248",Pfizer-BioNTech - Ages 12 years and older,(330) 830-6459,https://www.cvs.com/store-locator/details-directions/008248,https://www.cvs.com/immunizations/covid-19-vaccine,1130 LINCOLN WAY EAST,MASSILLON,44646,Stark County
40.759635,-82.560998,Kroger Pharmacy #01600518,Moderna - Ages 12 years and older,(419) 528-1862,www.krogerhealth.com,https://www.kroger.com/i/coronavirus-update/vaccine,1240 PARK AVE W,MANSFIELD,44906,Richland County
39.908418,-82.822489,Kroger Pharmacy #01600514,Moderna - Ages 12 years and older,(614) 920-7404,www.krogerhealth.com,https://www.kroger.com/i/coronavirus-update/vaccine,3588 GENDER RD,CANAL WINCHESTER,43110,Franklin County
40.580226,-83.101179,Rite Aid #RA100256,Moderna - Ages 6 months through 11 years,740-389-2700,https://www.riteaid.com,https://www.riteaid.com/pharmacy/scheduler,1081 MOUNT VERNON AVENUE,MARION,43302-5643,Marion County
40.144565,-82.705965,"CVS Pharmacy, Inc. #05654",Moderna - Ages 12 years and older,(740) 967-9511,https://www.cvs.com/store-locator/details-directions/005654,https://www.cvs.com/immunizations/covid-19-vaccine,797 W. COSHOCTON ST.,JOHNSTOWN,43031,Licking County
41.295211,-84.361516,Rite Aid #RA102364,Moderna - Ages 12 years and older,419-782-0155,https://www.riteaid.com,https://www.riteaid.com/pharmacy/scheduler,618 NORTH CLINTON STREET,DEFIANCE,43512-1609,Defiance County
40.0324,-83.117063,"CVS Pharmacy, Inc. #03381",Pfizer-BioNTech - Ages 12 years and older,(614) 876-3510,https://www.cvs.com/store-locator/details-directions/003381,https://www.cvs.com/immunizations/covid-19-vaccine,3883 PARK MILL RUN DRIVE,HILLIARD,43026,Franklin County
40.581886,-83.083363,"CVS Pharmacy, Inc. #06171",Pfizer-BioNTech - Ages 12 years and older,(740) 389-2331,https://www.cvs.com/store-locator/details-directions/006171,https://www.cvs.com/immunizations/covid-19-vaccine,137 MCMAHAN BLVD.,MARION,43302,Marion County
41.317113,-81.828072,"CVS Pharmacy, Inc. #16380",Novavax - Ages 12 years and older,(440) 238-3807,https://www.cvs.com/store-locator/details-directions/016380,https://www.cvs.com/immunizations/covid-19-vaccine,18200 ROYALTON RD,STRONGSVILLE,44136,Cuyahoga County
41.60826,-83.710116,Kroger Pharmacy #01600907,Moderna - Ages 6 months through 11 years,(567) 297-4110,www.krogerhealth.com,https://www.kroger.com/i/coronavirus-update/vaccine,7059 ORCHARD CENTRE DR,HOLLAND,43528,Lucas County
39.338657,-84.218783,"CVS Pharmacy, Inc. #02964",Novavax - Ages 12 years and older,(513) 697-4881,https://www.cvs.com/store-locator/details-directions/002964,https://www.cvs.com/immunizations/covid-19-vaccine,6632 S. STATE ROUTE 48,MAINEVILLE,45039,Warren County
39.494878,-84.328122,Kroger Pharmacy #01400441,Pfizer-BioNTech - Ages 5 through 11 years,(513) 217-2150,www.krogerhealth.com,https://www.kroger.com/i/coronavirus-update/vaccine,3420 TOWNE BLVD,MIDDLETOWN,45005,Warren County
39.441537,-84.195517,"CVS Pharmacy, Inc. #06086",Pfizer-BioNTech - Ages 12 years and older,(513) 932-7040,https://www.cvs.com/store-locator/details-directions/006086,https://www.cvs.com/immunizations/covid-19-vaccine,605 COLUMBUS AVE.,LEBANON,45036,Warren County
39.28889,-84.456482,Sams Club #10-8132,Moderna - Ages 6 months through 11 years,5136712016,https://www.samsclub.com/club/8132,https://www.samsclub.com/pharmacy/immunization?imzType=covid,800 Kemper Commons Cir,Cincinnati,45246-2544,Hamilton County
41.108989,-81.508743,"CVS Pharmacy, Inc. #03041",Pfizer-BioNTech - Ages 12 years and older,(330) 762-6231,https://www.cvs.com/store-locator/details-directions/003041,https://www.cvs.com/immunizations/covid-19-vaccine,235 EAST CUYAHOGA FALLS AVE,AKRON,44310,Summit County
39.717606,-82.577581,Kroger Pharmacy #01600801,Pfizer-BioNTech - Ages 12 years and older,(740) 654-1019,www.krogerhealth.com,https://www.kroger.com/i/coronavirus-update/vaccine,401 N EWING ST,LANCASTER,43130,Fairfield County
39.989293,-82.032327,Sams Club #10-4947,Pfizer-BioNTech - Ages 12 years and older,7404527183,https://www.samsclub.com/club/4947,https://www.samsclub.com/pharmacy/immunization?imzType=covid,3724 Northpointe Dr,Zanesville,43701-1768,Muskingum County
39.920234,-83.121221,Kroger Pharmacy #01600519,Moderna - Ages 12 years and older,(614) 878-1664,www.krogerhealth.com,https://www.kroger.com/i/coronavirus-update/vaccine,1585 GEORGESVILLE SQUARE DR,COLUMBUS,43228,Franklin County
40.308373,-83.108682,"CVS Pharmacy, Inc. #06164",Novavax - Ages 12 years and older,(740) 363-8171,https://www.cvs.com/store-locator/details-directions/006164,https://www.cvs.com/immunizations/covid-19-vaccine,1725 WEST CENTRAL AVE.,DELAWARE,43015,Delaware County
41.944296,-80.560945,"CVS Pharmacy, Inc. #04331",Pfizer-BioNTech - Ages 12 years and older,(440) 593-6214,https://www.cvs.com/store-locator/details-directions/004331,https://www.cvs.com/immunizations/covid-19-vaccine,380 STATE ST.,CONNEAUT,44030,Ashtabula County
41.317935,-81.349352,"CVS Pharmacy, Inc. #03393",Pfizer-BioNTech - Ages 12 years and older,(330) 562-7032,https://www.cvs.com/store-locator/details-directions/003393,https://www.cvs.com/immunizations/covid-19-vaccine,118 W. GARFIELD RD.,AURORA,44202,Portage County
39.955768,-82.822745,Kroger Pharmacy #01600232,Moderna - Ages 12 years and older,(614) 759-4184,www.krogerhealth.com,https://www.kroger.com/i/coronavirus-update/vaccine,6580 E. MAIN ST,REYNOLDSBURG,43068,Franklin County
40.023698,-83.05749,"CVS Pharmacy, Inc. #06411",Moderna - Ages 6 months through 11 years,(614) 326-1288,https://www.cvs.com/store-locator/details-directions/006411,https://www.cvs.com/immunizations/covid-19-vaccine,3282 TREMONT RD,UPPER ARLINGTON,43221,Franklin County
39.261415,-84.27298,Kroger Pharmacy #01400413,Pfizer-BioNTech - Ages 12 years and older,(513) 677-3400,www.krogerhealth.com,https://www.kroger.com/i/coronavirus-update/vaccine,800 LOVELAND MADEIRA RD,LOVELAND,45140,Hamilton County
40.109281,-84.622035,"CVS Pharmacy, Inc. #06134",Pfizer-BioNTech - Ages 12 years and older,(937) 548-8730,https://www.cvs.com/store-locator/details-directions/006134,https://www.cvs.com/immunizations/covid-19-vaccine,1009 EAST MAIN ST.,GREENVILLE,45331,Darke County
39.423737,-84.458177,Kroger Pharmacy #01400439,Moderna - Ages 6 months through 11 years,(513) 867-5420,www.krogerhealth.com,https://www.kroger.com/i/coronavirus-update/vaccine,5250 NEWTOWN DRIVE,LIBERTY TOWNSHIP,45011,Butler County
41.484893,-81.805255,"CVS Pharmacy, Inc. #03340",Pfizer-BioNTech - Ages 5 through 11 years,(216) 221-7961,https://www.cvs.com/store-locator/details-directions/003340,https://www.cvs.com/immunizations/covid-19-vaccine,15501 DETROIT AVE.,LAKEWOOD,44107,Cuyahoga County
40.08894,-82.825493,Kroger Pharmacy #01600881,Moderna - Ages 12 years and older,(614) 855-8670,www.krogerhealth.com,https://www.kroger.com/i/coronavirus-update/vaccine,5161 HAMPSTED VILLAGE CENTER WAY,NEW ALBANY,43054,Franklin County
41.729224,-81.243913,"CVS Pharmacy, Inc. #03356",Novavax - Ages 12 years and older,(440) 354-4432,https://www.cvs.com/store-locator/details-directions/003356,https://www.cvs.com/immunizations/covid-19-vaccine,"265 EAST ERIE ST.,",PAINESVILLE,44077,Lake County
41.477669,-81.920444,"CVS Pharmacy, Inc. #02469",Pfizer-BioNTech - Ages 12 years and older,(440) 808-3921,https://www.cvs.com/store-locator/details-directions/002469,https://www.cvs.com/immunizations/covid-19-vaccine,625 DOVER CENTER ROAD,BAY VILLAGE,44140,Cuyahoga County
39.641453,-84.266407,Kroger Pharmacy #01400759,Moderna - Ages 12 years and older,(937) 847-2834,www.krogerhealth.com,https://www.kroger.com/i/coronavirus-update/vaccine,155 N HEINCKE RD,MIAMISBURG,45342,Montgomery County
41.505026,-81.617636,Rite Aid #RA103043,Moderna - Ages 6 months through 11 years,216-721-2020,https://www.riteaid.com,https://www.riteaid.com/pharmacy/scheduler,10090 CHESTER AVE,CLEVELAND,44106-2057,Cuyahoga County
41.464981,-81.53574,Rite Aid #RA103131,Moderna - Ages 12 years and older,216-752-4866,https://www.riteaid.com,https://www.riteaid.com/pharmacy/scheduler,20405 CHAGRIN BOULEVARD,SHAKER HEIGHTS,44122-5324,Cuyahoga County
39.862913,-84.312738,Kroger Pharmacy #01400938,Moderna - Ages 12 years and older,(937) 832-4080,www.krogerhealth.com,https://www.kroger.com/i/coronavirus-update/vaccine,885 UNION BLVD,ENGLEWOOD,45322,Montgomery County
39.291143,-84.393709,"CVS Pharmacy, Inc. #06082",Pfizer-BioNTech - Ages 5 through 11 years,(513) 563-0717,https://www.cvs.com/store-locator/details-directions/006082,https://www.cvs.com/immunizations/covid-19-vaccine,4000 HAUCK RD.,SHARONVILLE,45241,Hamilton County
39.81318,-84.228786,"CVS Pharmacy, Inc. #03447",Novavax - Ages 12 years and older,(937) 278-5871,https://www.cvs.com/store-locator/details-directions/003447,https://www.cvs.com/immunizations/covid-19-vaccine,4901 N MAIN ST,DAYTON,45415,Montgomery County
41.729224,-81.243913,"CVS Pharmacy, Inc. #03356",Moderna - Ages 6 months through 11 years,(440) 354-4432,https://www.cvs.com/store-locator/details-directions/003356,https://www.cvs.com/immunizations/covid-19-vaccine,"265 EAST ERIE ST.,",PAINESVILLE,44077,Lake County
41.024218,-81.637714,"CVS Pharmacy, Inc. #03355",Pfizer-BioNTech - Ages 12 years and older,(330) 825-2436,https://www.cvs.com/store-locator/details-directions/003355,https://www.cvs.com/immunizations/covid-19-vaccine,4195 S. CLEVELAND-MASSILLON ROAD,NORTON,44203,Summit County
39.35117,-84.362988,Kroger Pharmacy #01400945,Moderna - Ages 6 months through 11 years,(513) 777-7393,www.krogerhealth.com,https://www.kroger.com/i/coronavirus-update/vaccine,7855 TYLERSVILLE RD,WEST CHESTER,45069,Butler County
39.989245,-83.005419,Kroger Pharmacy #01600587,Moderna - Ages 12 years and older,(614) 294-1696,www.krogerhealth.com,https://www.kroger.com/i/coronavirus-update/vaccine,1350 N HIGH ST,COLUMBUS,43201,Franklin County
41.581821,-83.8854,Kroger Pharmacy #01600504,Moderna - Ages 12 years and older,(419) 825-1475,www.krogerhealth.com,https://www.kroger.com/i/coronavirus-update/vaccine,113 E AIRPORT HWY,SWANTON,43558,Fulton County
41.65377,-83.665886,Rite Aid #RA102318,Moderna - Ages 6 months through 11 years,419-531-2115,https://www.riteaid.com,https://www.riteaid.com/pharmacy/scheduler,5224 DORR STREET,TOLEDO,43615-3602,Lucas County
39.220389,-84.587335,"CVS Pharmacy, Inc. #06107",Novavax - Ages 12 years and older,(513) 741-4646,https://www.cvs.com/store-locator/details-directions/006107,https://www.cvs.com/immunizations/covid-19-vaccine,8215 COLERAIN AVE.,CINCINNATI,45239,Hamilton County
39.956773,-83.096797,Kroger Pharmacy #01600598,Moderna - Ages 12 years and older,(614) 274-8108,www.krogerhealth.com,https://www.kroger.com/i/coronavirus-update/vaccine,3600 SOLDANO BLVD,COLUMBUS,43228,Franklin County
41.495387,-84.30757,Rite Aid #RA102583,Moderna - Ages 6 months through 11 years,419-446-2335,https://www.riteaid.com,https://www.riteaid.com/pharmacy/scheduler,1921 S. DEFIANCE ROAD,ARCHBOLD,43502-9491,Fulton County
39.335308,-82.066931,Walmart Inc #10-3486,Pfizer-BioNTech - Ages 12 years and older,7405943398,https://www.walmart.com/store/3486,https://www.walmart.com/pharmacy/clinical-services/immunization/scheduled?imzType=covid,929 E State St,Athens,45701-2117,Athens County
41.60826,-83.710116,Kroger Pharmacy #01600907,Pfizer-BioNTech - Ages 5 through 11 years,(567) 297-4110,www.krogerhealth.com,https://www.kroger.com/i/coronavirus-update/vaccine,7059 ORCHARD CENTRE DR,HOLLAND,43528,Lucas County
39.175356,-84.279941,"CVS Pharmacy, Inc. #06079",Pfizer-BioNTech - Ages 12 years and older,(513) 831-2623,https://www.cvs.com/store-locator/details-directions/006079,https://www.cvs.com/immunizations/covid-19-vaccine,921 LILA AVE.,MILFORD,45150,Clermont County
41.118096,-81.470123,Sams Club #10-4750,Moderna - Ages 6 months through 11 years,3309293789,https://www.samsclub.com/club/4750,https://www.samsclub.com/pharmacy/immunization?imzType=covid,1189 Buchholzer Blvd,Cuyahoga Falls,44221-5145,Summit County
40.011277,-80.746732,Kroger Pharmacy #01600558,Moderna - Ages 12 years and older,(740) 671-5169,www.krogerhealth.com,https://www.kroger.com/i/coronavirus-update/vaccine,400 28TH ST,BELLAIRE,43906,Belmont County
41.524619,-81.434906,"CVS Pharmacy, Inc. #16665",Novavax - Ages 12 years and older,(440) 995-9919,https://www.cvs.com/store-locator/details-directions/016665,https://www.cvs.com/immunizations/covid-19-vaccine,1285 SOM CENTER RD,MAYFIELD HEIGHTS,44124,Cuyahoga County
39.983946,-83.154515,Meijer #104,Moderna - Ages 12 years and older,614-771-9200,https://www.meijer.com/services/pharmacy.html,https://rx.meijer.com/appt/SV0001,1661 Hilliard-Rome Rd,Columbus,43228,Franklin County
41.374667,-82.085086,"CVS Pharmacy, Inc. #03997",Pfizer-BioNTech - Ages 12 years and older,(440) 365-7162,https://www.cvs.com/store-locator/details-directions/003997,https://www.cvs.com/immunizations/covid-19-vaccine,443 CLEVELAND ST,ELYRIA,44035,Lorain County
41.083528,-81.569904,"CVS Pharmacy, Inc. #11372",Pfizer-BioNTech - Ages 12 years and older,(330) 867-8780,https://www.cvs.com/store-locator/details-directions/011372,https://www.cvs.com/immunizations/covid-19-vaccine,1323 COPLEY RD.,AKRON,44320,Summit County
40.15058,-82.976701,Costco Wholesale Corporation #632,Moderna - Ages 6 months through 11 years,(614)-987-1909,https://www.costco.com/pharmacy/adult-immunization-program.html,https://www.costco.com/pharmacy/adult-immunization-program.html,1500 GEMINI PLACE,COLUMBUS,43240,Delaware County
41.313444,-81.834439,"CVS Pharmacy, Inc. #04300",Moderna - Ages 6 months through 11 years,(440) 238-8360,https://www.cvs.com/store-locator/details-directions/004300,https://www.cvs.com/immunizations/covid-19-vaccine,13777 PEARL RD.,STRONGSVILLE,44136,Cuyahoga County
40.984113,-81.496029,"CVS Pharmacy, Inc. #17411",Moderna - Ages 12 years and older,(330) 645-8253,https://www.cvs.com/store-locator/details-directions/017411,https://www.cvs.com/immunizations/covid-19-vaccine,762 ARLINGTON RDG,AKRON,44312,Summit County
41.245211,-81.842051,"CVS Pharmacy, Inc. #03377",Novavax - Ages 12 years and older,(330) 225-1555,https://www.cvs.com/store-locator/details-directions/003377,https://www.cvs.com/immunizations/covid-19-vaccine,1112 PEARL RD,BRUNSWICK,44212,Medina County
39.882796,-83.06852,Kroger Pharmacy #01600341,Moderna - Ages 12 years and older,(614) 875-0596,www.krogerhealth.com,https://www.kroger.com/i/coronavirus-update/vaccine,2474 STRINGTOWN RD,GROVE CITY,43123,Franklin County
39.72539,-84.054144,Kroger Pharmacy #01400811,Moderna - Ages 12 years and older,(937) 431-8230,www.krogerhealth.com,https://www.kroger.com/i/coronavirus-update/vaccine,3165 DAYTON XENIA ROAD,BEAVERCREEK,45434,Greene County
40.29246,-83.068981,"CVS Pharmacy, Inc. #06148",Novavax - Ages 12 years and older,(740) 363-1181,https://www.cvs.com/store-locator/details-directions/006148,https://www.cvs.com/immunizations/covid-19-vaccine,190 S. SANDUSKY ST.,DELAWARE,43015,Delaware County
39.501501,-84.355971,"CVS Pharmacy, Inc. #06954",Pfizer-BioNTech - Ages 12 years and older,(513) 424-4911,https://www.cvs.com/store-locator/details-directions/006954,https://www.cvs.com/immunizations/covid-19-vaccine,820 S BREIEL BLVD,MIDDLETOWN,45044,Butler County
41.486787,-81.534672,"CVS Pharmacy, Inc. #07687",Moderna - Ages 12 years and older,(216) 371-1234,https://www.cvs.com/store-locator/details-directions/007687,https://www.cvs.com/immunizations/covid-19-vaccine,20641 FAIRMOUNT BLVD.,SHAKER HEIGHTS,44118,Cuyahoga County
39.956773,-83.096797,Kroger Pharmacy #01600598,Pfizer-BioNTech - Ages 12 years and older,(614) 274-8108,www.krogerhealth.com,https://www.kroger.com/i/coronavirus-update/vaccine,3600 SOLDANO BLVD,COLUMBUS,43228,Franklin County
40.559976,-84.570573,"CVS Pharmacy, Inc. #06180",Pfizer-BioNTech - Ages 12 years and older,(419) 586-1340,https://www.cvs.com/store-locator/details-directions/006180,https://www.cvs.com/immunizations/covid-19-vaccine,1020 NORTH MAIN ST.,CELINA,45822,Mercer County
39.772274,-84.058369,Sams Club #10-6517,Pfizer-BioNTech - Ages 12 years and older,9374261511,https://www.samsclub.com/club/6517,https://www.samsclub.com/pharmacy/immunization?imzType=covid,3446 Pentagon Blvd,Beavercreek,45431-1704,Greene County
40.657133,-83.583702,Walmart Inc #10-5355,Moderna - Ages 12 years and older,4196751156,https://www.walmart.com/store/5355,https://www.walmart.com/pharmacy/clinical-services/immunization/scheduled?imzType=covid,1241 E Columbus St,Kenton,43326-1750,Hardin County
39.560791,-84.258252,Kroger Pharmacy #01400922,Moderna - Ages 6 months through 11 years,(937) 514-7130,www.krogerhealth.com,https://www.kroger.com/i/coronavirus-update/vaccine,725 W CENTRAL AVE,SPRINGBORO,45066,Warren County
40.873379,-81.333721,Rite Aid #RA103192,Pfizer-BioNTech - Ages 12 years and older,330-492-6203,https://www.riteaid.com,https://www.riteaid.com/pharmacy/scheduler,2574 EASTON STREET NE,CANTON,44721-2662,Stark County
38.964655,-84.087814,"CVS Pharmacy, Inc. #05431",Pfizer-BioNTech - Ages 12 years and older,(513) 734-6242,https://www.cvs.com/store-locator/details-directions/005431,https://www.cvs.com/immunizations/covid-19-vaccine,592 WEST PLANE STREET,BETHEL,45106,Clermont County
41.16589,-81.480013,Walmart Inc #10-2323,Moderna - Ages 6 months through 11 years,3309238232,https://www.walmart.com/store/2323,https://www.walmart.com/pharmacy/clinical-services/immunization/scheduled?imzType=covid,3520 Hudson Dr,Stow,44224-2907,Summit County
41.742831,-80.768984,Rite Aid #RA100712,Moderna - Ages 6 months through 11 years,440-576-3921,https://www.riteaid.com,https://www.riteaid.com/pharmacy/scheduler,5 EAST ASHTABULA STREET,JEFFERSON,44047-1162,Ashtabula County
40.681743,-82.022571,"CVS Pharmacy, Inc. #11396",Pfizer-BioNTech - Ages 12 years and older,(330) 567-2823,https://www.cvs.com/store-locator/details-directions/011396,https://www.cvs.com/immunizations/covid-19-vaccine,119 NORTH MARKET,SHREVE,44676,Wayne County
39.956011,-82.877311,"CVS Pharmacy, Inc. #06946",Pfizer-BioNTech - Ages 5 through 11 years,(614) 235-7076,https://www.cvs.com/store-locator/details-directions/006946,https://www.cvs.com/immunizations/covid-19-vaccine,4548 E. MAIN ST.,WHITEHALL,43213,Franklin County
41.595634,-83.665512,Rite Aid #RA101092,Moderna - Ages 6 months through 11 years,419-865-3130,https://www.riteaid.com,https://www.riteaid.com/pharmacy/scheduler,2450 SOUTH REYNOLDS ROAD,TOLEDO,43614-1419,Lucas County
41.433114,-81.791268,"CVS Pharmacy, Inc. #04320",Novavax - Ages 12 years and older,(216) 671-5670,https://www.cvs.com/store-locator/details-directions/004320,https://www.cvs.com/immunizations/covid-19-vaccine,14025 PURITAS AVE,CLEVELAND,44135,Cuyahoga County
39.501501,-84.355971,"CVS Pharmacy, Inc. #06954",Pfizer-BioNTech - Ages 5 through 11 years,(513) 424-4911,https://www.cvs.com/store-locator/details-directions/006954,https://www.cvs.com/immunizations/covid-19-vaccine,820 S BREIEL BLVD,MIDDLETOWN,45044,Butler County
41.319283,-80.730537,Rite Aid #RA102452,Pfizer-BioNTech - Ages 12 years and older,330-638-8747,https://www.riteaid.com,https://www.riteaid.com/pharmacy/scheduler,569 SOUTH HIGH STREET,CORTLAND,44410-1506,Trumbull County
40.720125,-82.547666,Kroger Pharmacy #01600836,Pfizer-BioNTech - Ages 5 through 11 years,(419) 756-7023,www.krogerhealth.com,https://www.kroger.com/i/coronavirus-update/vaccine,1500 LEXINGTON AVE,MANSFIELD,44907,Richland County
41.159057,-81.404852,Meijer #307,Moderna - Ages 6 months through 11 years,234-900-5710,https://www.meijer.com/services/pharmacy.html,https://rx.meijer.com/appt/SV0001,4303 Kent Rd,Stow,44224,Summit County
41.503744,-83.738854,Rite Aid #RA102353,Moderna - Ages 12 years and older,419-878-8384,https://www.riteaid.com,https://www.riteaid.com/pharmacy/scheduler,8239 WATERVILLE SWANTON ROAD,WATERVILLE,43566-9725,Lucas County
39.956974,-82.772245,Kroger Pharmacy #01600543,Moderna - Ages 12 years and older,(614) 552-0780,www.krogerhealth.com,https://www.kroger.com/i/coronavirus-update/vaccine,8460 E MAIN ST,REYNOLDSBURG,43068,Licking County
39.920234,-83.121221,Kroger Pharmacy #01600519,Pfizer-BioNTech - Ages 12 years and older,(614) 878-1664,www.krogerhealth.com,https://www.kroger.com/i/coronavirus-update/vaccine,1585 GEORGESVILLE SQUARE DR,COLUMBUS,43228,Franklin County
41.435884,-81.517549,"CVS Pharmacy, Inc. #07371",Novavax - Ages 12 years and older,(216) 518-3551,https://www.cvs.com/store-locator/details-directions/007371,https://www.cvs.com/immunizations/covid-19-vaccine,22909 EMERY ROAD,WARRENSVILLE HEIGHTS,44128,Cuyahoga County
39.412382,-81.428757,Kroger Pharmacy #02900776,Moderna - Ages 12 years and older,(740) 374-2523,www.krogerhealth.com,https://www.kroger.com/i/coronavirus-update/vaccine,40 ACME ST,MARIETTA,45750,Washington County
41.1571,-81.238717,"CVS Pharmacy, Inc. #03358",Novavax - Ages 12 years and older,(330) 296-3871,https://www.cvs.com/store-locator/details-directions/003358,https://www.cvs.com/immunizations/covid-19-vaccine,318 EAST MAIN STREET,RAVENNA,44266,Portage County
39.193195,-84.399625,"CVS Pharmacy, Inc. #02764",Novavax - Ages 12 years and older,(513) 686-7771,https://www.cvs.com/store-locator/details-directions/002764,https://www.cvs.com/immunizations/covid-19-vaccine,7314 MONTGOMERY RD.,CINCINNATI,45236,Hamilton County
41.580294,-81.213886,Rite Aid #RA102654,Moderna - Ages 6 months through 11 years,440-286-4167,https://www.riteaid.com,https://www.riteaid.com/pharmacy/scheduler,501 WATER STREET,CHARDON,44024-1146,Geauga County
41.629313,-81.429897,"CVS Pharmacy, Inc. #16484",Novavax - Ages 12 years and older,(440) 975-1983,https://www.cvs.com/store-locator/details-directions/016484,https://www.cvs.com/immunizations/covid-19-vaccine,36195 EUCLID AVE,WILLOUGHBY,44094,Lake County
40.579646,-83.072219,Meijer #111,Moderna - Ages 12 years and older,740-389-5402,https://www.meijer.com/services/pharmacy.html,https://rx.meijer.com/appt/SV0001,2153 Marion-Mt Gilead Rd,Marion,43302,Marion County
40.295236,-81.850781,Walmart Inc #10-1937,Moderna - Ages 6 months through 11 years,7406221278,https://www.walmart.com/store/1937,https://www.walmart.com/pharmacy/clinical-services/immunization/scheduled?imzType=covid,23605 Airport Rd,Coshocton,43812-9262,Coshocton County
41.110657,-83.206677,"CVS Pharmacy, Inc. #07997",Pfizer-BioNTech - Ages 12 years and older,(419) 455-9071,https://www.cvs.com/store-locator/details-directions/007997,https://www.cvs.com/immunizations/covid-19-vaccine,733 WEST MARKET STREET,TIFFIN,44883,Seneca County
41.616668,-83.699155,Walmart Inc #10-3445,Moderna - Ages 12 years and older,4198670155,https://www.walmart.com/store/3445,https://www.walmart.com/pharmacy/clinical-services/immunization/scheduled?imzType=covid,1355 S Mccord Rd,Holland,43528-9141,Lucas County
41.41754,-81.606996,"CVS Pharmacy, Inc. #04347",Moderna - Ages 6 months through 11 years,(216) 332-7801,https://www.cvs.com/store-locator/details-directions/004347,https://www.cvs.com/immunizations/covid-19-vaccine,11223 GRANGER RD.,GARFIELD HEIGHTS,44125,Cuyahoga County
39.288461,-84.45435,"CVS Pharmacy, Inc. #16422",Moderna - Ages 12 years and older,(513) 671-8603,https://www.cvs.com/store-locator/details-directions/016422,https://www.cvs.com/immunizations/covid-19-vaccine,900 E KEMPER RD,SPRINGDALE,45246,Hamilton County
41.357018,-81.386509,"CVS Pharmacy, Inc. #17242",Pfizer-BioNTech - Ages 12 years and older,(330) 562-0637,https://www.cvs.com/store-locator/details-directions/017242,https://www.cvs.com/immunizations/covid-19-vaccine,18855 N MARKET PLACE DR,AURORA,44202,Geauga County
40.064444,-83.094106,"CVS Pharmacy, Inc. #04483",Novavax - Ages 12 years and older,(614) 459-7641,https://www.cvs.com/store-locator/details-directions/004483,https://www.cvs.com/immunizations/covid-19-vaccine,"4777 SAWMILL RD, GALLERIA TOWN CENTRE",COLUMBUS,43220,Franklin County
39.451718,-82.22072,Kroger Pharmacy #01600529,Moderna - Ages 12 years and older,(740) 753-1984,www.krogerhealth.com,https://www.kroger.com/i/coronavirus-update/vaccine,965 POPLAR ST,NELSONVILLE,45764,Athens County
41.244923,-80.842233,Rite Aid #RA103109,Moderna - Ages 12 years and older,330-392-7555,https://www.riteaid.com,https://www.riteaid.com/pharmacy/scheduler,1560 PARKMAN ROAD NW,WARREN,44485-2159,Trumbull County
41.150309,-84.581581,Rite Aid #RA102372,Moderna - Ages 12 years and older,419-399-5348,https://www.riteaid.com,https://www.riteaid.com/pharmacy/scheduler,1000 NORTH WILLIAMS STREET,PAULDING,45879-1076,Paulding County
40.011202,-82.865745,Kroger Pharmacy #01600522,Moderna - Ages 12 years and older,(614) 416-6420,www.krogerhealth.com,https://www.kroger.com/i/coronavirus-update/vaccine,300 S HAMILTON RD,GAHANNA,43230,Franklin County
39.931371,-83.052206,Kroger Pharmacy #01600990,Moderna - Ages 12 years and older,(614) 274-7748,www.krogerhealth.com,https://www.kroger.com/i/coronavirus-update/vaccine,2161 EAKIN RD,COLUMBUS,43223,Franklin County
39.957317,-82.931274,"CVS Pharmacy, Inc. #06153",Novavax - Ages 12 years and older,(614) 235-3024,https://www.cvs.com/store-locator/details-directions/006153,https://www.cvs.com/immunizations/covid-19-vaccine,2532 E. MAIN ST.,COLUMBUS,43209,Franklin County
39.158672,-84.455498,Kroger Pharmacy #01400418,Moderna - Ages 6 months through 11 years,(513) 841-6620,www.krogerhealth.com,https://www.kroger.com/i/coronavirus-update/vaccine,4500 MONTGOMERY RD,NORWOOD,45212,Hamilton County
40.959498,-81.464503,"CVS Pharmacy, Inc. #10209",Moderna - Ages 12 years and older,(330) 899-9085,https://www.cvs.com/store-locator/details-directions/010209,https://www.cvs.com/immunizations/covid-19-vaccine,3761 MASSILON RD.,GREEN,44685,Summit County
41.470222,-81.706809,Rite Aid #RA103157,Pfizer-BioNTech - Ages 12 years and older,216-961-9414,https://www.riteaid.com,https://www.riteaid.com/pharmacy/scheduler,3402 CLARK AVENUE,CLEVELAND,44109-1136,Cuyahoga County
40.290173,-83.031606,Meijer #249,Moderna - Ages 6 months through 11 years,740-368-5910,https://www.meijer.com/services/pharmacy.html,https://rx.meijer.com/appt/SV0001,1380 Sunbury Rd,Delaware,43015,Delaware County
39.127391,-84.597373,Kroger Pharmacy #01400432,Moderna - Ages 12 years and older,(513) 922-8194,www.krogerhealth.com,https://www.kroger.com/i/coronavirus-update/vaccine,2310 FERGUSON RD,CINCINNATI,45238,Hamilton County
41.503207,-81.632887,"CVS Pharmacy, Inc. #04803",Pfizer-BioNTech - Ages 12 years and older,(216) 721-4000,https://www.cvs.com/store-locator/details-directions/004803,https://www.cvs.com/immunizations/covid-19-vaccine,8000 EUCLID AVE.,CLEVELAND,44103,Cuyahoga County
40.086808,-83.08984,Sams Club #10-6242,Moderna - Ages 12 years and older,6147607771,https://www.samsclub.com/club/6242,https://www.samsclub.com/pharmacy/immunization?imzType=covid,5870 Sawmill Rd,Dublin,43017-1589,Franklin County
39.961099,-82.476735,Kroger Pharmacy #01600621,Pfizer-BioNTech - Ages 5 through 11 years,(740) 928-2152,www.krogerhealth.com,https://www.kroger.com/i/coronavirus-update/vaccine,600 E MAIN ST,HEBRON,43025,Licking County
39.870823,-84.133454,"CVS Pharmacy, Inc. #16494",Novavax - Ages 12 years and older,(937) 233-4133,https://www.cvs.com/store-locator/details-directions/016494,https://www.cvs.com/immunizations/covid-19-vaccine,5700 EXECUTIVE BLVD,HUBER HEIGHTS,45424,Montgomery County
41.707048,-83.603494,Rite Aid #RA102340,Pfizer-BioNTech - Ages 12 years and older,419-473-1221,https://www.riteaid.com,https://www.riteaid.com/pharmacy/scheduler,2434 WEST LASKEY ROAD,TOLEDO,43613-3504,Lucas County
39.637937,-84.349439,"CVS Pharmacy, Inc. #05364",Novavax - Ages 12 years and older,(937) 855-7296,https://www.cvs.com/store-locator/details-directions/005364,https://www.cvs.com/immunizations/covid-19-vaccine,"2375 BEECHWOOD DR.,",GERMANTOWN,45327,Montgomery County
39.371975,-84.358922,Costco Wholesale Corporation #1632,Novavax - Ages 12 years and older,(513)-346-7942,https://www.costco.com/pharmacy/adult-immunization-program.html,https://www.costco.com/pharmacy/adult-immunization-program.html,7135 Veterans Blvd,Liberty Township,45044,Butler County
40.203199,-83.027599,Kroger Pharmacy #01600805,Pfizer-BioNTech - Ages 5 through 11 years,(740) 888-1290,www.krogerhealth.com,https://www.kroger.com/i/coronavirus-update/vaccine,6417 COLUMBUS PIKE,LEWIS CENTER,43035,Delaware County
40.075741,-80.87263,Kroger Pharmacy #01600812,Pfizer-BioNTech - Ages 5 through 11 years,(740) 695-7170,www.krogerhealth.com,https://www.kroger.com/i/coronavirus-update/vaccine,50789 VALLEY PLAZA DR,ST CLAIRSVILLE,43950,Belmont County
39.845918,-84.196431,Walmart Inc #10-3783,Moderna - Ages 6 months through 11 years,9374546240,https://www.walmart.com/store/3783,https://www.walmart.com/pharmacy/clinical-services/immunization/scheduled?imzType=covid,3465 York Commons Blvd,Dayton,45414-2675,Montgomery County
41.719616,-83.563474,Kroger Pharmacy #01600810,Pfizer-BioNTech - Ages 5 through 11 years,(419) 269-6909,www.krogerhealth.com,https://www.kroger.com/i/coronavirus-update/vaccine,833 W ALEXIS RD,TOLEDO,43612,Lucas County
39.430606,-81.464544,Kroger Pharmacy #02900800,Moderna - Ages 12 years and older,(740) 434-0140,www.krogerhealth.com,https://www.kroger.com/i/coronavirus-update/vaccine,401 MATTHEW STREET SUITE 100,MARIETTA,45750,Washington County
39.971854,-82.903255,Kroger Pharmacy #01600897,Moderna - Ages 12 years and older,(614) 239-0404,www.krogerhealth.com,https://www.kroger.com/i/coronavirus-update/vaccine,3675 E BROAD ST,WHITEHALL,43213,Franklin County
39.229898,-84.254016,Kroger Pharmacy #01400435,Pfizer-BioNTech - Ages 5 through 11 years,(513) 697-4820,www.krogerhealth.com,https://www.kroger.com/i/coronavirus-update/vaccine,6388 BRANCH HILL GUINEA PIKE,LOVELAND,45140,Clermont County
41.700962,-81.37913,"CVS Pharmacy, Inc. #07686",Pfizer-BioNTech - Ages 12 years and older,(440) 602-6071,https://www.cvs.com/store-locator/details-directions/007686,https://www.cvs.com/immunizations/covid-19-vaccine,7301 LAKESHORE BOULEVARD,MENTOR,44060,Lake County
41.029519,-80.630957,Walmart Inc #10-2211,Moderna - Ages 6 months through 11 years,3307580011,https://www.walmart.com/store/2211,https://www.walmart.com/pharmacy/clinical-services/immunization/scheduled?imzType=covid,1300 Doral Dr,Poland,44514-1900,Mahoning County
40.77109,-84.161412,Meijer #110,Moderna - Ages 6 months through 11 years,419-331-6410,https://www.meijer.com/services/pharmacy.html,https://rx.meijer.com/appt/SV0001,3298 Elida Rd,Lima,45805,Allen County
39.128468,-84.509274,Kroger Pharmacy #01400929,Moderna - Ages 12 years and older,(513) 872-1520,www.krogerhealth.com,https://www.kroger.com/i/coronavirus-update/vaccine,1 W CORRY STREET,CINCINNATI,45219,Hamilton County
41.543403,-83.579951,"CVS Pharmacy, Inc. #16660",Pfizer-BioNTech - Ages 12 years and older,(419) 872-9126,https://www.cvs.com/store-locator/details-directions/016660,https://www.cvs.com/immunizations/covid-19-vaccine,9666 OLDE US 20,ROSSFORD,43460,Wood County
41.374667,-82.085086,"CVS Pharmacy, Inc. #03997",Novavax - Ages 12 years and older,(440) 365-7162,https://www.cvs.com/store-locator/details-directions/003997,https://www.cvs.com/immunizations/covid-19-vaccine,443 CLEVELAND ST,ELYRIA,44035,Lorain County
40.881032,-82.655687,Rite Aid #RA101282,Moderna - Ages 6 months through 11 years,419-347-1506,https://www.riteaid.com,https://www.riteaid.com/pharmacy/scheduler,11 MANSFIELD AVENUE,SHELBY,44875-1367,Richland County
41.721058,-83.51091,Meijer #118,Moderna - Ages 12 years and older,419-727-2010,https://www.meijer.com/services/pharmacy.html,https://rx.meijer.com/appt/SV0001,1500 E Alexis Rd,Toledo,43612,Lucas County
41.099702,-81.645278,"CVS Pharmacy, Inc. #03092",Pfizer-BioNTech - Ages 5 through 11 years,(330) 666-4101,https://www.cvs.com/store-locator/details-directions/003092,https://www.cvs.com/immunizations/covid-19-vaccine,1410 CLEVELAND-MASSILLON RD,COPLEY,44321,Summit County
39.355943,-82.975399,"CVS Pharmacy, Inc. #06190",Moderna - Ages 12 years and older,(740) 702-1108,https://www.cvs.com/store-locator/details-directions/006190,https://www.cvs.com/immunizations/covid-19-vaccine,1021 NORTH BRIDGE ST.,CHILLICOTHE,45601,Ross County
39.261415,-84.27298,Kroger Pharmacy #01400413,Pfizer-BioNTech - Ages 5 through 11 years,(513) 677-3400,www.krogerhealth.com,https://www.kroger.com/i/coronavirus-update/vaccine,800 LOVELAND MADEIRA RD,LOVELAND,45140,Hamilton County
39.924452,-83.765392,Kroger Pharmacy #01400835,Pfizer-BioNTech - Ages 5 through 11 years,(937) 525-6770,www.krogerhealth.com,https://www.kroger.com/i/coronavirus-update/vaccine,2728 E MAIN ST,SPRINGFIELD,45503,Clark County
41.595634,-83.665512,Rite Aid #RA101092,Pfizer-BioNTech - Ages 12 years and older,419-865-3130,https://www.riteaid.com,https://www.riteaid.com/pharmacy/scheduler,2450 SOUTH REYNOLDS ROAD,TOLEDO,43614-1419,Lucas County
40.271788,-81.868491,"CVS Pharmacy, Inc. #03455",Novavax - Ages 12 years and older,(740) 622-5641,https://www.cvs.com/store-locator/details-directions/003455,https://www.cvs.com/immunizations/covid-19-vaccine,200 SOUTH SECOND STREET,COSHOCTON,43812,Coshocton County
41.310098000000004,-84.357491,Meijer #189,Moderna - Ages 6 months through 11 years,419-783-2810,https://www.meijer.com/services/pharmacy.html,https://rx.meijer.com/appt/SV0001,137 Elliott Rd,Defiance,43512,Defiance County
40.363021,-83.758224,"CVS Pharmacy, Inc. #06178",Moderna - Ages 12 years and older,(937) 593-1040,https://www.cvs.com/store-locator/details-directions/006178,https://www.cvs.com/immunizations/covid-19-vaccine,143 E. SANDUSKY AVE.,BELLEFONTAINE,43311,Logan County
41.616668,-83.699155,Walmart Inc #10-3445,Moderna - Ages 6 months through 11 years,4198670155,https://www.walmart.com/store/3445,https://www.walmart.com/pharmacy/clinical-services/immunization/scheduled?imzType=covid,1355 S Mccord Rd,Holland,43528-9141,Lucas County
39.189717,-84.598596,Kroger Pharmacy #01400370,Moderna - Ages 12 years and older,(513) 598-7520,www.krogerhealth.com,https://www.kroger.com/i/coronavirus-update/vaccine,3491 NORTHBEND RD,CINCINNATI,45239,Hamilton County
41.155979,-80.57188,Rite Aid #RA100193,Pfizer-BioNTech - Ages 12 years and older,330-534-1907,https://www.riteaid.com,https://www.riteaid.com/pharmacy/scheduler,147 WEST LIBERTY STREET,HUBBARD,44425-1709,Trumbull County
40.097777,-83.122271,Kroger Pharmacy #01600350,Moderna - Ages 12 years and older,(614) 889-0710,www.krogerhealth.com,https://www.kroger.com/i/coronavirus-update/vaccine,299 W BRIDGE ST,DUBLIN,43017,Franklin County
39.17193,-84.760115,Kroger Pharmacy #01400445,Pfizer-BioNTech - Ages 12 years and older,(513) 353-0860,www.krogerhealth.com,https://www.kroger.com/i/coronavirus-update/vaccine,4001 HAMILTON CLEVES RD,CLEVES,45002,Hamilton County
38.411643,-82.522815,Sams Club #10-8152,Moderna - Ages 12 years and older,7408943296,https://www.samsclub.com/club/8152,https://www.samsclub.com/pharmacy/immunization?imzType=covid,432 Private Drive 288,South Point,45680-7900,Lawrence County
39.412976,-81.449314,Rite Aid #RA101379,Pfizer-BioNTech - Ages 12 years and older,740-376-0769,https://www.riteaid.com,https://www.riteaid.com/pharmacy/scheduler,301 GREENE STREET,MARIETTA,45750-3134,Washington County
39.100307,-84.263263,"CVS Pharmacy, Inc. #07790",Moderna - Ages 6 months through 11 years,(513) 943-2801,https://www.cvs.com/store-locator/details-directions/007790,https://www.cvs.com/immunizations/covid-19-vaccine,947 CINCINNATI BATAVIA PIKE,CINCINNATI,45245,Clermont County
41.448561,-81.645889,"CVS Pharmacy, Inc. #04316",Novavax - Ages 12 years and older,(216) 271-0970,https://www.cvs.com/store-locator/details-directions/004316,https://www.cvs.com/immunizations/covid-19-vaccine,6301 HARVARD AVENUE,CLEVELAND,44105,Cuyahoga County
41.88282,-80.798759,Rite Aid #RA103032,Moderna - Ages 12 years and older,440-993-0906,https://www.riteaid.com,https://www.riteaid.com/pharmacy/scheduler,2148 LAKE AVENUE,ASHTABULA,44004-3436,Ashtabula County
40.801207,-81.497573,"CVS Pharmacy, Inc. #17136",Novavax - Ages 12 years and older,(330) 833-4151,https://www.cvs.com/store-locator/details-directions/017136,https://www.cvs.com/immunizations/covid-19-vaccine,1980 LINCOLN WAY E,MASSILLON,44646,Stark County
40.005078,-82.6594,"CVS Pharmacy, Inc. #05425",Moderna - Ages 6 months through 11 years,(740) 927-6705,https://www.cvs.com/store-locator/details-directions/005425,https://www.cvs.com/immunizations/covid-19-vaccine,8910 E. BROAD ST.,PATASKALA,43062,Licking County
41.717854,-81.294748,Sams Club #10-4846,Moderna - Ages 6 months through 11 years,4403527430,https://www.samsclub.com/club/4846,https://www.samsclub.com/pharmacy/immunization?imzType=covid,5600 Emerald Ct,Mentor,44060-1869,Lake County
39.229009,-84.353305,"CVS Pharmacy, Inc. #06094",Novavax - Ages 12 years and older,(513) 793-4451,https://www.cvs.com/store-locator/details-directions/006094,https://www.cvs.com/immunizations/covid-19-vaccine,9546 MONTGOMERY RD.,MONTGOMERY,45242,Hamilton County
39.856303,-84.334829,Walmart Inc #10-5409,Pfizer-BioNTech - Ages 12 years and older,9378369405,https://www.walmart.com/store/5409,https://www.walmart.com/pharmacy/clinical-services/immunization/scheduled?imzType=covid,7725 Hoke Rd,Clayton,45315-9725,Montgomery County
41.009938,-81.590573,"CVS Pharmacy, Inc. #03320",Pfizer-BioNTech - Ages 12 years and older,(330) 753-1013,https://www.cvs.com/store-locator/details-directions/003320,https://www.cvs.com/immunizations/covid-19-vaccine,426 ROBINSON AVE.,BARBERTON,44203,Summit County
41.055101,-83.606571,Kroger Pharmacy #01600327,Moderna - Ages 6 months through 11 years,(419) 427-3662,www.krogerhealth.com,https://www.kroger.com/i/coronavirus-update/vaccine,1996 TIFFIN AVE,FINDLAY,45840,Hancock County
39.6631,-84.105741,Costco Wholesale Corporation #1185,Novavax - Ages 12 years and older,(937)-640-6010,https://www.costco.com/pharmacy/adult-immunization-program.html,https://www.costco.com/pharmacy/adult-immunization-program.html,5300 CORNERSTONE NORTH BL,CENTERVILLE,45440,Greene County
39.983946,-83.154515,Meijer #104,Moderna - Ages 6 months through 11 years,614-771-9200,https://www.meijer.com/services/pharmacy.html,https://rx.meijer.com/appt/SV0001,1661 Hilliard-Rome Rd,Columbus,43228,Franklin County
41.01874,-84.050896,Rite Aid #RA102350,Moderna - Ages 12 years and older,419-523-6030,https://www.riteaid.com,https://www.riteaid.com/pharmacy/scheduler,305 WEST MAIN STREET,OTTAWA,45875-1725,Putnam County
39.292817,-84.564767,"CVS Pharmacy, Inc. #07699",Novavax - Ages 12 years and older,(513) 742-1155,https://www.cvs.com/store-locator/details-directions/007699,https://www.cvs.com/immunizations/covid-19-vaccine,11611 HAMILTON AVENUE,CINCINNATI,45231,Hamilton County
39.72031,-82.205814,"CVS Pharmacy, Inc. #03499",Pfizer-BioNTech - Ages 12 years and older,(740) 342-4137,https://www.cvs.com/store-locator/details-directions/003499,https://www.cvs.com/immunizations/covid-19-vaccine,251 E BROADWAY,NEW LEXINGTON,43764,Perry County
39.193195,-84.399625,"CVS Pharmacy, Inc. #02764",Moderna - Ages 12 years and older,(513) 686-7771,https://www.cvs.com/store-locator/details-directions/002764,https://www.cvs.com/immunizations/covid-19-vaccine,7314 MONTGOMERY RD.,CINCINNATI,45236,Hamilton County
41.474207,-84.55506,"CVS Pharmacy, Inc. #06181",Pfizer-BioNTech - Ages 12 years and older,(419) 636-5021,https://www.cvs.com/store-locator/details-directions/006181,https://www.cvs.com/immunizations/covid-19-vaccine,341 WEST HIGH ST,BRYAN,43506,Williams County
39.356075,-84.360941,"CVS Pharmacy, Inc. #16864",Pfizer-BioNTech - Ages 12 years and older,(513) 712-1002,https://www.cvs.com/store-locator/details-directions/016864,https://www.cvs.com/immunizations/covid-19-vaccine,7644 VOICE OF AMERICA CENTER DR,WEST CHESTER,45069,Butler County
39.976326,-83.012218,"CVS Pharmacy, Inc. #05949",Moderna - Ages 12 years and older,(614) 224-9275,https://www.cvs.com/store-locator/details-directions/005949,https://www.cvs.com/immunizations/covid-19-vaccine,759 NEIL AVE,COLUMBUS,43215,Franklin County
40.246233,-82.868605,Kroger Pharmacy #01600802,Moderna - Ages 6 months through 11 years,(740) 965-0520,www.krogerhealth.com,https://www.kroger.com/i/coronavirus-update/vaccine,131 STATE ROUTE 3,SUNBURY,43074,Delaware County
41.061199,-80.644528,Rite Aid #RA100408,Moderna - Ages 12 years and older,330-782-0807,https://www.riteaid.com,https://www.riteaid.com/pharmacy/scheduler,540 EAST MIDLOTHIAN BLVD.,YOUNGSTOWN,44502-2545,Mahoning County
41.258457,-80.867485,"CVS Pharmacy, Inc. #03304",Pfizer-BioNTech - Ages 12 years and older,(330) 898-4129,https://www.cvs.com/store-locator/details-directions/003304,https://www.cvs.com/immunizations/covid-19-vaccine,3933 PARKMAN ROAD NW,WARREN,44481,Trumbull County
41.686471,-83.526135,Rite Aid #RA102346,Pfizer-BioNTech - Ages 12 years and older,419-729-2907,https://www.riteaid.com,https://www.riteaid.com/pharmacy/scheduler,810 EAST MANHATTAN BLVD.,TOLEDO,43608-1471,Lucas County
41.161377,-80.702816,Rite Aid #RA102077,Pfizer-BioNTech - Ages 12 years and older,330-545-8414,https://www.riteaid.com,https://www.riteaid.com/pharmacy/scheduler,713 NORTH STATE STREET,GIRARD,44420-1750,Trumbull County
39.0286,-82.030454,Rite Aid #RA101635,Moderna - Ages 12 years and older,740-992-2586,https://www.riteaid.com,https://www.riteaid.com/pharmacy/scheduler,306 EAST MAIN STREET,POMEROY,45769-1023,Meigs County
39.764336,-81.1146,Rite Aid #RA102795,Moderna - Ages 12 years and older,740-472-5311,https://www.riteaid.com,https://www.riteaid.com/pharmacy/scheduler,148 NORTH MAIN STREET,WOODSFIELD,43793-1002,Monroe County
39.841199,-83.075145,Kroger Pharmacy #01600842,Pfizer-BioNTech - Ages 5 through 11 years,(614) 277-3405,www.krogerhealth.com,https://www.kroger.com/i/coronavirus-update/vaccine,5965 HOOVER RD,GROVE CITY,43123,Franklin County
39.42089,-84.589552,"CVS Pharmacy, Inc. #06083",Pfizer-BioNTech - Ages 12 years and older,(513) 863-8906,https://www.cvs.com/store-locator/details-directions/006083,https://www.cvs.com/immunizations/covid-19-vaccine,28 N. BROOKWOOD AVE.,HAMILTON,45013,Butler County
39.767904,-84.634024,Walmart Inc #10-5374,Moderna - Ages 6 months through 11 years,9374561777,https://www.walmart.com/store/5374,https://www.walmart.com/pharmacy/clinical-services/immunization/scheduled?imzType=covid,100A E Washington Jackson Rd,Eaton,45320-9729,Preble County
41.445733,-82.164607,Rite Aid #RA104683,Moderna - Ages 12 years and older,440-244-1950,https://www.riteaid.com,https://www.riteaid.com/pharmacy/scheduler,2709 BROADWAY AVENUE,LORAIN,44052-4835,Lorain County
41.48233,-81.730883,Rite Aid #RA101570,Moderna - Ages 12 years and older,216-281-6100,https://www.riteaid.com,https://www.riteaid.com/pharmacy/scheduler,6512 FRANKLIN BOULEVARD,CLEVELAND,44102-2912,Cuyahoga County
38.864244,-83.897074,"CVS Pharmacy, Inc. #05429",Pfizer-BioNTech - Ages 5 through 11 years,(937) 378-2218,https://www.cvs.com/store-locator/details-directions/005429,https://www.cvs.com/immunizations/covid-19-vaccine,521 EAST STATE STREET,GEORGETOWN,45121,Brown County
39.932518,-83.048639,"CVS Pharmacy, Inc. #06198",Novavax - Ages 12 years and older,(614) 276-8989,https://www.cvs.com/store-locator/details-directions/006198,https://www.cvs.com/immunizations/covid-19-vaccine,2020 EAKIN RD.,COLUMBUS,43223,Franklin County
39.144703,-84.429539,Kroger Pharmacy #01400355,Pfizer-BioNTech - Ages 12 years and older,(513) 871-0725,www.krogerhealth.com,https://www.kroger.com/i/coronavirus-update/vaccine,3760 PAXTON AVE,CINCINNATI,45209,Hamilton County
39.836803,-83.080596,Meijer #234,Moderna - Ages 6 months through 11 years,614-801-4310,https://www.meijer.com/services/pharmacy.html,https://rx.meijer.com/appt/SV0001,2811 London-Groveport Rd,Grove City,43123,Franklin County
39.371975,-84.358922,Costco Wholesale Corporation #1632,Moderna - Ages 6 months through 11 years,(513)-346-7942,https://www.costco.com/pharmacy/adult-immunization-program.html,https://www.costco.com/pharmacy/adult-immunization-program.html,7135 Veterans Blvd,Liberty Township,45044,Butler County
41.250923,-82.611241,"CVS Pharmacy, Inc. #06173",Novavax - Ages 12 years and older,(419) 668-8268,https://www.cvs.com/store-locator/details-directions/006173,https://www.cvs.com/immunizations/covid-19-vaccine,106 MILAN AVE.,NORWALK,44857,Huron County
39.797412,-84.250882,Rite Aid #RA104748,Moderna - Ages 12 years and older,937-277-1611,https://www.riteaid.com,https://www.riteaid.com/pharmacy/scheduler,3875 SALEM AVENUE,DAYTON,45406-1633,Montgomery County
41.520513,-81.466476,"CVS Pharmacy, Inc. #04607",Moderna - Ages 12 years and older,(440) 646-1555,https://www.cvs.com/store-locator/details-directions/004607,https://www.cvs.com/immunizations/covid-19-vaccine,5901 MAYFIELD RD.,MAYFIELD HEIGHTS,44124,Cuyahoga County
39.354624,-82.974266,Kroger Pharmacy #01600348,Moderna - Ages 12 years and older,(740) 775-8467,www.krogerhealth.com,https://www.kroger.com/i/coronavirus-update/vaccine,887 N BRIDGE ST,CHILLICOTHE,45601,Ross County
40.842618,-84.328772,Rite Aid #RA103185,Moderna - Ages 6 months through 11 years,419-695-8055,https://www.riteaid.com,https://www.riteaid.com/pharmacy/scheduler,940 ELIDA AVENUE,DELPHOS,45833-1778,Allen County
40.646356,-83.609648000000007,Rite Aid #RA102363,Moderna - Ages 12 years and older,419-673-5220,https://www.riteaid.com,https://www.riteaid.com/pharmacy/scheduler,130 SOUTH DETROIT STREET,KENTON,43326-1902,Hardin County
39.97089,-82.895351,"CVS Pharmacy, Inc. #17088",Moderna - Ages 12 years and older,(614) 236-1583,https://www.cvs.com/store-locator/details-directions/017088,https://www.cvs.com/immunizations/covid-19-vaccine,3955 E BROAD ST,WHITEHALL,43213,Franklin County
41.364408,-83.650886,Rite Aid #RA107728,Moderna - Ages 12 years and older,419-354-3911,https://www.riteaid.com,https://www.riteaid.com/pharmacy/scheduler,722-740 SOUTH MAIN STREET,BOWLING GREEN,43402-3830,Wood County
41.416413,-81.528044,Rite Aid #RA103163,Moderna - Ages 12 years and older,216-662-7470,https://www.riteaid.com,https://www.riteaid.com/pharmacy/scheduler,21800 LIBBY ROAD,MAPLE HEIGHTS,44137-2947,Cuyahoga County
39.039623,-83.923465,Kroger Pharmacy #01400920,Moderna - Ages 12 years and older,(937) 444-6911,www.krogerhealth.com,https://www.kroger.com/i/coronavirus-update/vaccine,210 STERLING RUN BLVD,MOUNT ORAB,45154,Brown County
41.265162,-81.506549,Costco Wholesale Corporation #1226,Moderna - Ages 12 years and older,(330)-341-7010,https://www.costco.com/pharmacy/adult-immunization-program.html,https://www.costco.com/pharmacy/adult-immunization-program.html,6720 BASS PRO DRIVE,BOSTON HEIGHTS,44236,Summit County
40.042598,-84.211913,"CVS Pharmacy, Inc. #07694",Pfizer-BioNTech - Ages 12 years and older,(937) 335-5688,https://www.cvs.com/store-locator/details-directions/007694,https://www.cvs.com/immunizations/covid-19-vaccine,804 W. MAIN ST.,TROY,45373,Miami County
41.514083,-82.902477,Kroger Pharmacy #01600641,Moderna - Ages 6 months through 11 years,(419) 732-6452,www.krogerhealth.com,https://www.kroger.com/i/coronavirus-update/vaccine,2028 EAST HARBOR RD,PORT CLINTON,43452,Ottawa County
39.117817,-84.59815,"CVS Pharmacy, Inc. #03246",Novavax - Ages 12 years and older,(513) 921-0831,https://www.cvs.com/store-locator/details-directions/003246,https://www.cvs.com/immunizations/covid-19-vaccine,4840 GLENWAY AVE,CINCINNATI,45238,Hamilton County
41.245211,-81.842051,"CVS Pharmacy, Inc. #03377",Pfizer-BioNTech - Ages 12 years and older,(330) 225-1555,https://www.cvs.com/store-locator/details-directions/003377,https://www.cvs.com/immunizations/covid-19-vaccine,1112 PEARL RD,BRUNSWICK,44212,Medina County
40.103597,-83.72008,Kroger Pharmacy #01600824,Moderna - Ages 12 years and older,(937) 653-7668,www.krogerhealth.com,https://www.kroger.com/i/coronavirus-update/vaccine,1637 E US HIGHWAY 36 STE 14,URBANA,43078,Champaign County
41.283648,-82.216228,"CVS Pharmacy, Inc. #04805",Novavax - Ages 12 years and older,(440) 774-3531,https://www.cvs.com/store-locator/details-directions/004805,https://www.cvs.com/immunizations/covid-19-vaccine,297 S MAIN ST,OBERLIN,44074,Lorain County
39.934349,-82.984931,Kroger Pharmacy #01600893,Moderna - Ages 12 years and older,(614) 445-5734,www.krogerhealth.com,https://www.kroger.com/i/coronavirus-update/vaccine,1441 PARSONS AVE,COLUMBUS,43207,Franklin County
41.384751,-81.438137,"CVS Pharmacy, Inc. #03359",Pfizer-BioNTech - Ages 5 through 11 years,(440) 248-5907,https://www.cvs.com/store-locator/details-directions/003359,https://www.cvs.com/immunizations/covid-19-vaccine,33840 AURORA RD.,SOLON,44139,Cuyahoga County
40.141983,-84.264694,Kroger Pharmacy #01400932,Pfizer-BioNTech - Ages 12 years and older,(937) 615-7020,www.krogerhealth.com,https://www.kroger.com/i/coronavirus-update/vaccine,1508 COVINGTON AVE,PIQUA,45356,Miami County
40.97711,-81.781872,Rite Aid #RA101347,Pfizer-BioNTech - Ages 12 years and older,330-925-6015,https://www.riteaid.com,https://www.riteaid.com/pharmacy/scheduler,155 NORTH MAIN STREET,RITTMAN,44270-1580,Wayne County
40.966178,-81.340328,"CVS Pharmacy, Inc. #04802",Pfizer-BioNTech - Ages 12 years and older,(330) 877-0311,https://www.cvs.com/store-locator/details-directions/004802,https://www.cvs.com/immunizations/covid-19-vaccine,600 WEST MAPLE ST.,HARTVILLE,44632,Stark County
39.72539,-84.054144,Kroger Pharmacy #01400811,Moderna - Ages 6 months through 11 years,(937) 431-8230,www.krogerhealth.com,https://www.kroger.com/i/coronavirus-update/vaccine,3165 DAYTON XENIA ROAD,BEAVERCREEK,45434,Greene County
41.110657,-83.206677,"CVS Pharmacy, Inc. #07997",Novavax - Ages 12 years and older,(419) 455-9071,https://www.cvs.com/store-locator/details-directions/007997,https://www.cvs.com/immunizations/covid-19-vaccine,733 WEST MARKET STREET,TIFFIN,44883,Seneca County
41.373584,-81.861065,"CVS Pharmacy, Inc. #03035",Novavax - Ages 12 years and older,(440) 243-6676,https://www.cvs.com/store-locator/details-directions/003035,https://www.cvs.com/immunizations/covid-19-vaccine,212 WEST BAGLEY ROAD,BEREA,44017,Cuyahoga County
40.011202,-82.865745,Kroger Pharmacy #01600522,Pfizer-BioNTech - Ages 12 years and older,(614) 416-6420,www.krogerhealth.com,https://www.kroger.com/i/coronavirus-update/vaccine,300 S HAMILTON RD,GAHANNA,43230,Franklin County
39.328161,-82.101092,"CVS Pharmacy, Inc. #06193",Novavax - Ages 12 years and older,(740) 592-6024,https://www.cvs.com/store-locator/details-directions/006193,https://www.cvs.com/immunizations/covid-19-vaccine,32 S. COURT ST.,ATHENS,45701,Athens County
40.559976,-84.570573,"CVS Pharmacy, Inc. #06180",Pfizer-BioNTech - Ages 5 through 11 years,(419) 586-1340,https://www.cvs.com/store-locator/details-directions/006180,https://www.cvs.com/immunizations/covid-19-vaccine,1020 NORTH MAIN ST.,CELINA,45822,Mercer County
41.103526,-80.70052,Rite Aid #RA103120,Moderna - Ages 12 years and older,330-799-7313,https://www.riteaid.com,https://www.riteaid.com/pharmacy/scheduler,2800 MAHONING AVENUE,YOUNGSTOWN,44509-2734,Mahoning County
40.042598,-84.211913,"CVS Pharmacy, Inc. #07694",Novavax - Ages 12 years and older,(937) 335-5688,https://www.cvs.com/store-locator/details-directions/007694,https://www.cvs.com/immunizations/covid-19-vaccine,804 W. MAIN ST.,TROY,45373,Miami County
40.837268,-81.265725,Rite Aid #RA102408,Pfizer-BioNTech - Ages 12 years and older,330-875-1429,https://www.riteaid.com,https://www.riteaid.com/pharmacy/scheduler,613 W. MAIN STREET,LOUISVILLE,44641-1335,Stark County
40.686895,-84.151799,"CVS Pharmacy, Inc. #04445",Pfizer-BioNTech - Ages 12 years and older,(419) 991-0010,https://www.cvs.com/store-locator/details-directions/004445,https://www.cvs.com/immunizations/covid-19-vaccine,2620 WEST BREESE ROAD,LIMA,45806,Allen County
40.060773,-82.860192,Meijer #114,Moderna - Ages 6 months through 11 years,614-855-4910,https://www.meijer.com/services/pharmacy.html,https://rx.meijer.com/appt/SV0001,5050 N Hamilton Rd,Columbus,43230,Franklin County
40.092602,-83.017423,"CVS Pharmacy, Inc. #03407",Pfizer-BioNTech - Ages 5 through 11 years,(614) 888-6366,https://www.cvs.com/store-locator/details-directions/003407,https://www.cvs.com/immunizations/covid-19-vaccine,918 N. HIGH ST.,WORTHINGTON,43085,Franklin County
41.609446,-81.52783,"CVS Pharmacy, Inc. #03338",Novavax - Ages 12 years and older,(216) 731-2155,https://www.cvs.com/store-locator/details-directions/003338,https://www.cvs.com/immunizations/covid-19-vaccine,22001 LAKESHORE BLVD,EUCLID,44123,Cuyahoga County
39.487632,-84.327024,Walmart Inc #10-3571,Moderna - Ages 6 months through 11 years,5134236785,https://www.walmart.com/store/3571,https://www.walmart.com/pharmacy/clinical-services/immunization/scheduled?imzType=covid,2900 Towne Blvd,Middletown,45044-6200,Warren County
40.564805,-84.179202,"CVS Pharmacy, Inc. #05666",Novavax - Ages 12 years and older,(419) 738-8926,https://www.cvs.com/store-locator/details-directions/005666,https://www.cvs.com/immunizations/covid-19-vaccine,1101 BELLEFONTAINE ST.,WAPAKONETA,45895,Auglaize County
39.560791,-84.258252,Kroger Pharmacy #01400922,Moderna - Ages 12 years and older,(937) 514-7130,www.krogerhealth.com,https://www.kroger.com/i/coronavirus-update/vaccine,725 W CENTRAL AVE,SPRINGBORO,45066,Warren County
39.499048,-84.331197,Meijer #61,Moderna - Ages 6 months through 11 years,513-424-2298,https://www.meijer.com/services/pharmacy.html,https://rx.meijer.com/appt/SV0001,3651 Towne Boulevard,Franklin,45005,Warren County
41.044655,-83.649597,Rite Aid #RA104736,Pfizer-BioNTech - Ages 12 years and older,419-420-9485,https://www.riteaid.com,https://www.riteaid.com/pharmacy/scheduler,301 NORTH MAIN STREET,FINDLAY,45840-3503,Hancock County
41.508716,-81.540101,Walmart Inc #10-2362,Moderna - Ages 6 months through 11 years,2163821657,https://www.walmart.com/store/2362,https://www.walmart.com/pharmacy/clinical-services/immunization/scheduled?imzType=covid,1868 Warrensville Center Road,South Euclid,44121-2686,Cuyahoga County
41.305122,-84.364391,Walmart Inc #10-5385,Moderna - Ages 6 months through 11 years,4197842390,https://www.walmart.com/store/5385,https://www.walmart.com/pharmacy/clinical-services/immunization/scheduled?imzType=covid,1804 N Clinton St,Defiance,43512-8556,Defiance County
41.266528,-82.224032,Walmart Inc #10-5309,Moderna - Ages 6 months through 11 years,4407746720,https://www.walmart.com/store/5309,https://www.walmart.com/pharmacy/clinical-services/immunization/scheduled?imzType=covid,46440 US Highway 20,Oberlin,44074-9475,Lorain County
41.421616,-82.082248,Sams Club #10-6314,Pfizer-BioNTech - Ages 12 years and older,4409347567,https://www.samsclub.com/club/6314,https://www.samsclub.com/pharmacy/immunization?imzType=covid,5225 Cobblestone Rd,Sheffield Village,44035-1489,Lorain County
41.676849,-83.624492,Rite Aid #RA102316,Pfizer-BioNTech - Ages 12 years and older,419-531-1172,https://www.riteaid.com,https://www.riteaid.com/pharmacy/scheduler,3325 WEST CENTRAL AVENUE,TOLEDO,43606-1406,Lucas County
41.432033,-82.694579,Kroger Pharmacy #01600858,Pfizer-BioNTech - Ages 12 years and older,(419) 239-2624,www.krogerhealth.com,https://www.kroger.com/i/coronavirus-update/vaccine,226 E PERKINS AVE,SANDUSKY,44870,Erie County
41.523955,-81.44661,Costco Wholesale Corporation #344,Moderna - Ages 12 years and older,(440)-544-1352,https://www.costco.com/pharmacy/adult-immunization-program.html,https://www.costco.com/pharmacy/adult-immunization-program.html,1409 GOLDEN GATE BLVD,CLEVELAND,44124,Cuyahoga County
41.408125,-81.942371,Rite Aid #RA103155,Moderna - Ages 12 years and older,440-777-4524,https://www.riteaid.com,https://www.riteaid.com/pharmacy/scheduler,29000 LORAIN ROAD,NORTH OLMSTED,44070-4016,Cuyahoga County
40.147133,-82.707567,Kroger Pharmacy #01600546,Pfizer-BioNTech - Ages 5 through 11 years,(740) 966-8310,www.krogerhealth.com,https://www.kroger.com/i/coronavirus-update/vaccine,800 W COSHOCTON ST,JOHNSTOWN,43031,Licking County
40.331496,-83.759605,Kroger Pharmacy #01600832,Moderna - Ages 12 years and older,(937) 592-3464,www.krogerhealth.com,https://www.kroger.com/i/coronavirus-update/vaccine,2129 S MAIN ST,BELLEFONTAINE,43311,Logan County
41.640637,-81.446915,Walmart Inc #10-1863,Moderna - Ages 6 months through 11 years,4402698827,https://www.walmart.com/store/1863,https://www.walmart.com/pharmacy/clinical-services/immunization/scheduled?imzType=covid,33752 Vine St,Eastlake,44095-5114,Lake County
39.890278,-84.199427,Rite Aid #RA103031,Moderna - Ages 6 months through 11 years,937-898-8829,https://www.riteaid.com,https://www.riteaid.com/pharmacy/scheduler,10 W. NATIONAL ROAD,VANDALIA,45377-1933,Montgomery County
41.285748,-81.098143,Rite Aid #RA101803,Moderna - Ages 12 years and older,330-527-2828,https://www.riteaid.com,https://www.riteaid.com/pharmacy/scheduler,10764 NORTH STREET,GARRETTSVILLE,44231-1016,Portage County
39.333688,-83.016331,Kroger Pharmacy #01600312,Moderna - Ages 6 months through 11 years,(740) 772-4062,www.krogerhealth.com,https://www.kroger.com/i/coronavirus-update/vaccine,1165 WESTERN AVE,CHILLICOTHE,45601,Ross County
41.310098000000004,-84.357491,Meijer #189,Moderna - Ages 12 years and older,419-783-2810,https://www.meijer.com/services/pharmacy.html,https://rx.meijer.com/appt/SV0001,137 Elliott Rd,Defiance,43512,Defiance County
39.6902,-83.969074,Walmart Inc #10-1463,Moderna - Ages 6 months through 11 years,9373769878,https://www.walmart.com/store/1463,https://www.walmart.com/pharmacy/clinical-services/immunization/scheduled?imzType=covid,70 Hospitality Dr,Xenia,45385-2779,Greene County
39.288461,-84.45435,"CVS Pharmacy, Inc. #16422",Novavax - Ages 12 years and older,(513) 671-8603,https://www.cvs.com/store-locator/details-directions/016422,https://www.cvs.com/immunizations/covid-19-vaccine,900 E KEMPER RD,SPRINGDALE,45246,Hamilton County
41.47396,-84.569632,Rite Aid #RA102347,Moderna - Ages 12 years and older,419-636-6142,https://www.riteaid.com,https://www.riteaid.com/pharmacy/scheduler,1221 WEST HIGH STREET,BRYAN,43506-1543,Williams County
41.061199,-80.644528,Rite Aid #RA100408,Pfizer-BioNTech - Ages 12 years and older,330-782-0807,https://www.riteaid.com,https://www.riteaid.com/pharmacy/scheduler,540 EAST MIDLOTHIAN BLVD.,YOUNGSTOWN,44502-2545,Mahoning County
41.313235,-81.735343,"CVS Pharmacy, Inc. #03332",Pfizer-BioNTech - Ages 12 years and older,(440) 237-3400,https://www.cvs.com/store-locator/details-directions/003332,https://www.cvs.com/immunizations/covid-19-vaccine,14000 RIDGE ROAD,NORTH ROYALTON,44133,Cuyahoga County
40.032155,-82.451313,"CVS Pharmacy, Inc. #16383",Pfizer-BioNTech - Ages 12 years and older,(740) 788-8588,https://www.cvs.com/store-locator/details-directions/016383,https://www.cvs.com/immunizations/covid-19-vaccine,270 AIRPORT PKWY,HEATH,43056,Licking County
40.058856,-82.385994,"CVS Pharmacy, Inc. #03094",Novavax - Ages 12 years and older,(740) 345-4201,https://www.cvs.com/store-locator/details-directions/003094,https://www.cvs.com/immunizations/covid-19-vaccine,379 E. MAIN ST,NEWARK,43055,Licking County
39.758909,-84.635282,"CVS Pharmacy, Inc. #06145",Pfizer-BioNTech - Ages 12 years and older,(937) 456-6255,https://www.cvs.com/store-locator/details-directions/006145,https://www.cvs.com/immunizations/covid-19-vaccine,1300 NORTH BARRON STREET,EATON,45320,Preble County
41.149709,-81.358965,"CVS Pharmacy, Inc. #03980",Pfizer-BioNTech - Ages 12 years and older,(330) 678-4009,https://www.cvs.com/store-locator/details-directions/003980,https://www.cvs.com/immunizations/covid-19-vaccine,500 S WATER ST,KENT,44240,Portage County
40.122045,-82.930408,"CVS Pharmacy, Inc. #06155",Pfizer-BioNTech - Ages 12 years and older,(614) 890-4660,https://www.cvs.com/store-locator/details-directions/006155,https://www.cvs.com/immunizations/covid-19-vaccine,145 S. STATE ST.,WESTERVILLE,43081,Franklin County
39.68959,-83.958385,Kroger Pharmacy #01400829,Moderna - Ages 12 years and older,(937) 376-5534,www.krogerhealth.com,https://www.kroger.com/i/coronavirus-update/vaccine,1700 W PARK SQUARE,XENIA,45385,Greene County
41.572944,-84.133578,Rite Aid #RA102348,Pfizer-BioNTech - Ages 12 years and older,419-337-5050,https://www.riteaid.com,https://www.riteaid.com/pharmacy/scheduler,1496 NORTH SHOOP AVENUE,WAUSEON,43567-1825,Fulton County
38.712783,-82.856259,Kroger Pharmacy #01600664,Moderna - Ages 12 years and older,(740) 574-6569,www.krogerhealth.com,https://www.kroger.com/i/coronavirus-update/vaccine,9101 OHIO RIVER RD,WHEELERSBURG,45694,Scioto County
39.876727,-83.036641,"CVS Pharmacy, Inc. #17158",Pfizer-BioNTech - Ages 12 years and older,(614) 305-3955,https://www.cvs.com/store-locator/details-directions/017158,https://www.cvs.com/immunizations/covid-19-vaccine,4144 BUCKEYE PKWY,GROVE CITY,43123,Franklin County
41.161377,-80.702816,Rite Aid #RA102077,Moderna - Ages 12 years and older,330-545-8414,https://www.riteaid.com,https://www.riteaid.com/pharmacy/scheduler,713 NORTH STATE STREET,GIRARD,44420-1750,Trumbull County
40.080096,-82.429909,Kroger Pharmacy #01600128,Pfizer-BioNTech - Ages 12 years and older,(740) 258-6678,www.krogerhealth.com,https://www.kroger.com/i/coronavirus-update/vaccine,1155 N 21ST ST,NEWARK,43055,Licking County
39.598379,-82.931669,Kroger Pharmacy #01600844,Moderna - Ages 12 years and older,(740) 477-5763,www.krogerhealth.com,https://www.kroger.com/i/coronavirus-update/vaccine,175 LANCASTER PIKE,CIRCLEVILLE,43113,Pickaway County
40.720125,-82.547666,Kroger Pharmacy #01600836,Moderna - Ages 12 years and older,(419) 756-7023,www.krogerhealth.com,https://www.kroger.com/i/coronavirus-update/vaccine,1500 LEXINGTON AVE,MANSFIELD,44907,Richland County
41.544235,-83.61863,Rite Aid #RA102326,Pfizer-BioNTech - Ages 12 years and older,419-874-3587,https://www.riteaid.com,https://www.riteaid.com/pharmacy/scheduler,1175 LOUISIANA AVE,PERRYSBURG,43551-2537,Wood County
41.13537,-81.632149,Sams Club #10-6404,Pfizer-BioNTech - Ages 12 years and older,3306655336,https://www.samsclub.com/club/6404,https://www.samsclub.com/pharmacy/immunization?imzType=covid,3750 W Market St Unit J,Fairlawn,44333-4802,Summit County
41.046694,-80.61513,"CVS Pharmacy, Inc. #04342",Pfizer-BioNTech - Ages 12 years and older,(330) 755-0666,https://www.cvs.com/store-locator/details-directions/004342,https://www.cvs.com/immunizations/covid-19-vaccine,900 YOUNGSTOWN-POLAND ROAD,STRUTHERS,44471,Mahoning County
39.716117,-82.579288,Kroger Pharmacy #01600931,Pfizer-BioNTech - Ages 12 years and older,(740) 653-2369,www.krogerhealth.com,https://www.kroger.com/i/coronavirus-update/vaccine,1141 E MAIN ST,LANCASTER,43130,Fairfield County
40.042598,-84.211913,"CVS Pharmacy, Inc. #07694",Pfizer-BioNTech - Ages 5 through 11 years,(937) 335-5688,https://www.cvs.com/store-locator/details-directions/007694,https://www.cvs.com/immunizations/covid-19-vaccine,804 W. MAIN ST.,TROY,45373,Miami County
40.900157,-80.829388,Rite Aid #RA102357,Pfizer-BioNTech - Ages 12 years and older,330-337-3494,https://www.riteaid.com,https://www.riteaid.com/pharmacy/scheduler,2229 EAST STATE STREET,SALEM,44460-2580,Columbiana County
41.452903,-82.701622,"CVS Pharmacy, Inc. #02345",Novavax - Ages 12 years and older,(419) 625-2284,https://www.cvs.com/store-locator/details-directions/002345,https://www.cvs.com/immunizations/covid-19-vaccine,513 EAST MONROE STREET,SANDUSKY,44870,Erie County
40.871426,-81.432706,Walmart Inc #10-2361,Moderna - Ages 6 months through 11 years,3303059527,https://www.walmart.com/store/2361,https://www.walmart.com/pharmacy/clinical-services/immunization/scheduled?imzType=covid,4572 Mega St NW,North Canton,44720-7098,Stark County
39.848106,-84.194609,Sams Club #10-6380,Moderna - Ages 6 months through 11 years,9374546200,https://www.samsclub.com/club/6380,https://www.samsclub.com/pharmacy/immunization?imzType=covid,6955 Miller Ln,Dayton,45414-2658,Montgomery County
41.319283,-80.730537,Rite Aid #RA102452,Moderna - Ages 12 years and older,330-638-8747,https://www.riteaid.com,https://www.riteaid.com/pharmacy/scheduler,569 SOUTH HIGH STREET,CORTLAND,44410-1506,Trumbull County
41.80594,-80.944489,"CVS Pharmacy, Inc. #03169",Novavax - Ages 12 years and older,(440) 466-4133,https://www.cvs.com/store-locator/details-directions/003169,https://www.cvs.com/immunizations/covid-19-vaccine,170 EAST MAIN ST,GENEVA,44041,Ashtabula County
41.024183,-80.741276,"CVS Pharmacy, Inc. #02543",Pfizer-BioNTech - Ages 12 years and older,(330) 702-8031,https://www.cvs.com/store-locator/details-directions/002543,https://www.cvs.com/immunizations/covid-19-vaccine,601 EAST MAIN STREET,CANFIELD,44406,Mahoning County
39.423737,-84.458177,Kroger Pharmacy #01400439,Pfizer-BioNTech - Ages 12 years and older,(513) 867-5420,www.krogerhealth.com,https://www.kroger.com/i/coronavirus-update/vaccine,5250 NEWTOWN DRIVE,LIBERTY TOWNSHIP,45011,Butler County
39.87517,-83.042682,Walmart Inc #10-5466,Moderna - Ages 6 months through 11 years,6145398560,https://www.walmart.com/store/5466,https://www.walmart.com/pharmacy/clinical-services/immunization/scheduled?imzType=covid,1693 Stringtown Rd,Grove City,43123-8265,Franklin County
40.054419,-83.069736,"CVS Pharmacy, Inc. #06149",Pfizer-BioNTech - Ages 5 through 11 years,(614) 451-6555,https://www.cvs.com/store-locator/details-directions/006149,https://www.cvs.com/immunizations/covid-19-vaccine,1885 WEST HENDERSON ROAD,UPPER ARLINGTON,43220,Franklin County
41.48233,-81.730883,Rite Aid #RA101570,Moderna - Ages 6 months through 11 years,216-281-6100,https://www.riteaid.com,https://www.riteaid.com/pharmacy/scheduler,6512 FRANKLIN BOULEVARD,CLEVELAND,44102-2912,Cuyahoga County
39.142839,-84.622894,Kroger Pharmacy #01400948,Moderna - Ages 12 years and older,(513) 719-2420,www.krogerhealth.com,https://www.kroger.com/i/coronavirus-update/vaccine,6165 GLENWAY AVE,CINCINNATI,45211,Hamilton County
41.283284,-84.331937,Rite Aid #RA102352,Pfizer-BioNTech - Ages 12 years and older,419-782-7832,https://www.riteaid.com,https://www.riteaid.com/pharmacy/scheduler,1816 EAST SECOND STREET,DEFIANCE,43512-2502,Defiance County
39.177142,-84.641253,Kroger Pharmacy #01400444,Moderna - Ages 12 years and older,(513) 574-5044,www.krogerhealth.com,https://www.kroger.com/i/coronavirus-update/vaccine,5910 HARRISON AVE.,CINCINNATI,45248,Hamilton County
39.797829,-84.245311,Kroger Pharmacy #01400836,Moderna - Ages 12 years and older,(937) 567-9587,www.krogerhealth.com,https://www.kroger.com/i/coronavirus-update/vaccine,3520 W SIEBENTHALER AVE,DAYTON,45406,Montgomery County
41.463364,-81.486165,"CVS Pharmacy, INC. #17878",Pfizer-BioNTech - Ages 12 years and older,(216) 755-3870,https://www.cvs.com/store-locator/details-directions/017878,https://www.cvs.com/immunizations/covid-19-vaccine,27249 Chagrin Blvd.,Woodmere,44122-4211,Cuyahoga County
41.089888,-80.589799,Rite Aid #RA103146,Pfizer-BioNTech - Ages 12 years and older,330-747-2426,https://www.riteaid.com,https://www.riteaid.com/pharmacy/scheduler,693 MCCARTNEY ROAD,YOUNGSTOWN,44505-5016,Mahoning County
41.032509,-82.012826,"CVS Pharmacy, Inc. #03183",Pfizer-BioNTech - Ages 12 years and older,(330) 948-4413,https://www.cvs.com/store-locator/details-directions/003183,https://www.cvs.com/immunizations/covid-19-vaccine,116 AINSWORTH ST,LODI,44254,Medina County
39.841199,-83.075145,Kroger Pharmacy #01600842,Pfizer-BioNTech - Ages 12 years and older,(614) 277-3405,www.krogerhealth.com,https://www.kroger.com/i/coronavirus-update/vaccine,5965 HOOVER RD,GROVE CITY,43123,Franklin County
41.942184,-80.559556,Rite Aid #RA102417,Pfizer-BioNTech - Ages 12 years and older,440-593-6258,https://www.riteaid.com,https://www.riteaid.com/pharmacy/scheduler,364 MAIN STREET,CONNEAUT,44030-2631,Ashtabula County
41.052606,-81.724968,Walmart Inc #10-2966,Moderna - Ages 6 months through 11 years,3303365170,https://www.walmart.com/store/2966,https://www.walmart.com/pharmacy/clinical-services/immunization/scheduled?imzType=covid,222 Smokerise Dr,Wadsworth,44281-8277,Medina County
39.360788,-84.278738,Kroger Pharmacy #01400426,Pfizer-BioNTech - Ages 5 through 11 years,(513) 398-8820,www.krogerhealth.com,https://www.kroger.com/i/coronavirus-update/vaccine,5210 ST RT 741,MASON,45040,Warren County
40.075035,-80.878768,Sams Club #10-6556,Pfizer-BioNTech - Ages 12 years and older,7406950198,https://www.samsclub.com/club/6556,https://www.samsclub.com/pharmacy/immunization?imzType=covid,50555 Valley Plaza Dr,Saint Clairsville,43950-1757,Belmont County
39.357153,-84.377178,Meijer #147,Moderna - Ages 12 years and older,513-755-4810,https://www.meijer.com/services/pharmacy.html,https://rx.meijer.com/appt/SV0001,7390 Tylersville Rd,West Chester,45069,Butler County
40.006409,-82.664041,Kroger Pharmacy #01600591,Pfizer-BioNTech - Ages 12 years and older,(740) 964-5105,www.krogerhealth.com,https://www.kroger.com/i/coronavirus-update/vaccine,350 E BROAD ST,PATASKALA,43062,Licking County
39.207135,-83.610851,Rite Aid #RA100142,Moderna - Ages 12 years and older,937-393-1734,https://www.riteaid.com,https://www.riteaid.com/pharmacy/scheduler,421 NORTH HIGH STREET,HILLSBORO,45133-1132,Highland County
41.274162,-80.771667,Walmart Inc #10-2197,Moderna - Ages 6 months through 11 years,3303721772,https://www.walmart.com/store/2197,https://www.walmart.com/pharmacy/clinical-services/immunization/scheduled?imzType=covid,2016 Millenium Blvd,Cortland,44410-9173,Trumbull County
41.518109,-81.652982,Rite Aid #RA102640,Pfizer-BioNTech - Ages 12 years and older,216-431-5643,https://www.riteaid.com,https://www.riteaid.com/pharmacy/scheduler,5411 SUPERIOR AVENUE,CLEVELAND,44103-1344,Cuyahoga County
40.777245,-82.47553,Rite Aid #RA102395,Moderna - Ages 12 years and older,419-589-8843,https://www.riteaid.com,https://www.riteaid.com/pharmacy/scheduler,1075 ASHLAND ROAD,MANSFIELD,44905-2156,Richland County
41.461751,-81.073957,"CVS Pharmacy, Inc. #04349",Novavax - Ages 12 years and older,(440) 632-5251,https://www.cvs.com/store-locator/details-directions/004349,https://www.cvs.com/immunizations/covid-19-vaccine,"15925 W. HIGH ST.,",MIDDLEFIELD,44062,Geauga County
40.073416,-83.019731,"CVS Pharmacy, Inc. #03613",Moderna - Ages 12 years and older,(614) 844-3699,https://www.cvs.com/store-locator/details-directions/003613,https://www.cvs.com/immunizations/covid-19-vaccine,5445 N. HIGH ST.,COLUMBUS,43214,Franklin County
40.837268,-81.265725,Rite Aid #RA102408,Moderna - Ages 12 years and older,330-875-1429,https://www.riteaid.com,https://www.riteaid.com/pharmacy/scheduler,613 W. MAIN STREET,LOUISVILLE,44641-1335,Stark County
40.331496,-83.759605,Kroger Pharmacy #01600832,Pfizer-BioNTech - Ages 12 years and older,(937) 592-3464,www.krogerhealth.com,https://www.kroger.com/i/coronavirus-update/vaccine,2129 S MAIN ST,BELLEFONTAINE,43311,Logan County
41.717624,-83.744898,Rite Aid #RA107946,Moderna - Ages 12 years and older,419-882-7241,https://www.riteaid.com,https://www.riteaid.com/pharmacy/scheduler,8310 SYLVANIA METAMORA ROAD,SYLVANIA,43560-9428,Lucas County
40.084088,-82.896127,Kroger Pharmacy #01600965,Moderna - Ages 6 months through 11 years,(614) 895-1575,www.krogerhealth.com,https://www.kroger.com/i/coronavirus-update/vaccine,5991 S SUNBURY RD # A,WESTERVILLE,43081,Franklin County
39.729615,-82.615083,Kroger Pharmacy #01600264,Moderna - Ages 12 years and older,(740) 654-2044,www.krogerhealth.com,https://www.kroger.com/i/coronavirus-update/vaccine,1621 N MEMORIAL DR,LANCASTER,43130,Fairfield County
39.377157,-84.376054,Kroger Pharmacy #01400383,Moderna - Ages 6 months through 11 years,(513) 342-3260,www.krogerhealth.com,https://www.kroger.com/i/coronavirus-update/vaccine,7300 YANKEE RD,MIDDLETOWN,45044,Butler County
41.055101,-83.606571,Kroger Pharmacy #01600327,Pfizer-BioNTech - Ages 5 through 11 years,(419) 427-3662,www.krogerhealth.com,https://www.kroger.com/i/coronavirus-update/vaccine,1996 TIFFIN AVE,FINDLAY,45840,Hancock County
41.245211,-81.842051,"CVS Pharmacy, Inc. #03377",Pfizer-BioNTech - Ages 5 through 11 years,(330) 225-1555,https://www.cvs.com/store-locator/details-directions/003377,https://www.cvs.com/immunizations/covid-19-vaccine,1112 PEARL RD,BRUNSWICK,44212,Medina County
41.029209,-81.515719,Rite Aid #RA103151,Pfizer-BioNTech - Ages 12 years and older,330-724-5219,https://www.riteaid.com,https://www.riteaid.com/pharmacy/scheduler,325 EAST WATERLOO ROAD,AKRON,44319-1252,Summit County
39.862913,-84.312738,Kroger Pharmacy #01400938,Pfizer-BioNTech - Ages 5 through 11 years,(937) 832-4080,www.krogerhealth.com,https://www.kroger.com/i/coronavirus-update/vaccine,885 UNION BLVD,ENGLEWOOD,45322,Montgomery County
41.310138,-81.519526,Walmart Inc #10-1927,Moderna - Ages 6 months through 11 years,3304680200,https://www.walmart.com/store/1927,https://www.walmart.com/pharmacy/clinical-services/immunization/scheduled?imzType=covid,8160 Macedonia Commons Blvd,Macedonia,44056-1843,Summit County
41.687201,-83.725891,Kroger Pharmacy #01600895,Moderna - Ages 12 years and older,(419) 841-6468,www.krogerhealth.com,https://www.kroger.com/i/coronavirus-update/vaccine,7545 SYLVANIA AVE,SYLVANIA,43560,Lucas County
39.54577,-82.433634,Kroger Pharmacy #01600542,Pfizer-BioNTech - Ages 5 through 11 years,(740) 380-2041,www.krogerhealth.com,https://www.kroger.com/i/coronavirus-update/vaccine,31550 CHIEFTAIN DR,LOGAN,43138,Hocking County
39.866632,-84.140521,Kroger Pharmacy #01400758,Pfizer-BioNTech - Ages 12 years and older,(937) 233-7680,www.krogerhealth.com,https://www.kroger.com/i/coronavirus-update/vaccine,7747 OLD TROY PIKE,HUBER HEIGHTS,45424,Montgomery County
41.711467,-83.500647,Rite Aid #RA102339,Pfizer-BioNTech - Ages 12 years and older,419-729-9934,https://www.riteaid.com,https://www.riteaid.com/pharmacy/scheduler,5033 SUDER AVENUE,TOLEDO,43611-1458,Lucas County
39.506957,-84.745033,"CVS Pharmacy, Inc. #06084",Novavax - Ages 12 years and older,(513) 523-6378,https://www.cvs.com/store-locator/details-directions/006084,https://www.cvs.com/immunizations/covid-19-vaccine,123 W. SPRING ST.,OXFORD,45056,Butler County
40.079214,-82.851715,"CVS Pharmacy, Inc. #17770",Pfizer-BioNTech - Ages 5 through 11 years,(614) 245-6033,https://www.cvs.com/store-locator/details-directions/017770,https://www.cvs.com/immunizations/covid-19-vaccine,6030 N HAMILTON RD.,COLUMBUS,43081,Franklin County
40.084088,-82.896127,Kroger Pharmacy #01600965,Moderna - Ages 12 years and older,(614) 895-1575,www.krogerhealth.com,https://www.kroger.com/i/coronavirus-update/vaccine,5991 S SUNBURY RD # A,WESTERVILLE,43081,Franklin County
39.446392,-83.807355,Kroger Pharmacy #01400817,Pfizer-BioNTech - Ages 5 through 11 years,(937) 655-5720,www.krogerhealth.com,https://www.kroger.com/i/coronavirus-update/vaccine,1230 ROMBACH AVE,WILMINGTON,45177,Clinton County
41.103433,-80.701776,"CVS Pharmacy, Inc. #03996",Novavax - Ages 12 years and older,(330) 792-8668,https://www.cvs.com/store-locator/details-directions/003996,https://www.cvs.com/immunizations/covid-19-vaccine,2846 MAHONING AVE,YOUNGSTOWN,44509,Mahoning County
39.381031,-84.547405,Kroger Pharmacy #01400934,Moderna - Ages 12 years and older,(513) 868-5440,www.krogerhealth.com,https://www.kroger.com/i/coronavirus-update/vaccine,1450 S ERIE HWY,HAMILTON,45011,Butler County
40.55411,-84.383938,Kroger Pharmacy #01400910,Moderna - Ages 6 months through 11 years,(419) 394-8930,www.krogerhealth.com,https://www.kroger.com/i/coronavirus-update/vaccine,475 FORTMAN DR,ST MARYS,45885,Auglaize County
41.689036,-83.723981,"CVS Pharmacy, Inc. #10457",Pfizer-BioNTech - Ages 12 years and older,(419) 841-1832,https://www.cvs.com/store-locator/details-directions/010457,https://www.cvs.com/immunizations/covid-19-vaccine,7510 SYLVANIA AVE.,SYLVANIA,43560,Lucas County
39.785739,-83.995711,Kroger Pharmacy #01400838,Moderna - Ages 6 months through 11 years,(937) 318-3920,www.krogerhealth.com,https://www.kroger.com/i/coronavirus-update/vaccine,1161 E DAYTON YELLOW SPRINGS RD,FAIRBORN,45324,Greene County
39.954526,-82.819669,"CVS Pharmacy, Inc. #06953",Pfizer-BioNTech - Ages 12 years and older,(614) 866-2280,https://www.cvs.com/store-locator/details-directions/006953,https://www.cvs.com/immunizations/covid-19-vaccine,6659 E. MAIN ST.,REYNOLDSBURG,43068,Franklin County
41.581821,-83.8854,Kroger Pharmacy #01600504,Pfizer-BioNTech - Ages 12 years and older,(419) 825-1475,www.krogerhealth.com,https://www.kroger.com/i/coronavirus-update/vaccine,113 E AIRPORT HWY,SWANTON,43558,Fulton County
41.346112,-81.819874,Walmart Inc #10-2266,Pfizer-BioNTech - Ages 12 years and older,4408260004,https://www.walmart.com/store/2266,https://www.walmart.com/pharmacy/clinical-services/immunization/scheduled?imzType=covid,8585 Pearl Rd,Strongsville,44136-1641,Cuyahoga County
41.44541,-82.119591,Rite Aid #RA104766,Pfizer-BioNTech - Ages 12 years and older,440-277-6181,https://www.riteaid.com,https://www.riteaid.com/pharmacy/scheduler,2853 GROVE AVENUE,LORAIN,44055-2063,Lorain County
41.505026,-81.617636,Rite Aid #RA103043,Pfizer-BioNTech - Ages 12 years and older,216-721-2020,https://www.riteaid.com,https://www.riteaid.com/pharmacy/scheduler,10090 CHESTER AVE,CLEVELAND,44106-2057,Cuyahoga County
41.11277,-83.199353,Rite Aid #RA103191,Pfizer-BioNTech - Ages 12 years and older,419-443-0189,https://www.riteaid.com,https://www.riteaid.com/pharmacy/scheduler,530 WEST MARKET STREET,TIFFIN,44883-2610,Seneca County
39.938176,-82.78207,Sams Club #10-6326,Moderna - Ages 12 years and older,6148665369,https://www.samsclub.com/club/6326,https://www.samsclub.com/pharmacy/immunization?imzType=covid,2675 Taylor Road Ext,Reynoldsburg,43068-9543,Fairfield County
40.774676,-82.475953,Kroger Pharmacy #01600557,Moderna - Ages 6 months through 11 years,(419) 589-3693,www.krogerhealth.com,https://www.kroger.com/i/coronavirus-update/vaccine,1060 ASHLAND RD,MANSFIELD,44905,Richland County
40.282171,-81.000834,Rite Aid #RA101793,Pfizer-BioNTech - Ages 12 years and older,740-942-3101,https://www.riteaid.com,https://www.riteaid.com/pharmacy/scheduler,651 LINCOLN STREET,CADIZ,43907-9498,Harrison County
40.14692,-84.248555,"CVS Pharmacy, Inc. #03402",Pfizer-BioNTech - Ages 12 years and older,(937) 773-3784,https://www.cvs.com/store-locator/details-directions/003402,https://www.cvs.com/immunizations/covid-19-vaccine,"115 NORTH COLLEGE ST.,",PIQUA,45356,Miami County
40.75256,-84.152252,Walmart Inc #10-1330,Moderna - Ages 6 months through 11 years,4192243168,https://www.walmart.com/store/1330,https://www.walmart.com/pharmacy/clinical-services/immunization/scheduled?imzType=covid,2450 Allentown Rd,Lima,45805-1712,Allen County
40.109277,-83.017842,Kroger Pharmacy #01600273,Pfizer-BioNTech - Ages 5 through 11 years,(614) 410-2007,www.krogerhealth.com,https://www.kroger.com/i/coronavirus-update/vaccine,60 WORTHINGTON MALL,COLUMBUS,43085,Franklin County
39.22411,-84.5481,Kroger Pharmacy #01400390,Moderna - Ages 12 years and older,(513) 728-2720,www.krogerhealth.com,https://www.kroger.com/i/coronavirus-update/vaccine,7132 HAMILTON AVE,CINCINNATI,45231,Hamilton County
40.846225,-81.440109,Meijer #325,Moderna - Ages 6 months through 11 years,234-804-0890,https://www.meijer.com/services/pharmacy.html,https://rx.meijer.com/appt/SV0001,4866 Fulton Drive,Canton,44718,Stark County
40.737445,-84.163874,Rite Aid #RA107928,Moderna - Ages 12 years and older,419-221-3679,https://www.riteaid.com,https://www.riteaid.com/pharmacy/scheduler,3230 W ELM STREET,LIMA,45805-2519,Allen County
40.517411,-81.468707,"CVS Pharmacy, Inc. #04353",Novavax - Ages 12 years and older,(330) 364-7508,https://www.cvs.com/store-locator/details-directions/004353,https://www.cvs.com/immunizations/covid-19-vaccine,"300 OXFORD ST.,",DOVER,44622,Tuscarawas County
39.333688,-83.016331,Kroger Pharmacy #01600312,Moderna - Ages 12 years and older,(740) 772-4062,www.krogerhealth.com,https://www.kroger.com/i/coronavirus-update/vaccine,1165 WESTERN AVE,CHILLICOTHE,45601,Ross County
41.022048,-83.648725,Kroger Pharmacy #01600510,Moderna - Ages 12 years and older,(419) 423-4721,www.krogerhealth.com,https://www.kroger.com/i/coronavirus-update/vaccine,101 6TH ST,FINDLAY,45840,Hancock County
41.545062,-83.597484,Kroger Pharmacy #01600548,Pfizer-BioNTech - Ages 12 years and older,(567) 336-4659,www.krogerhealth.com,https://www.kroger.com/i/coronavirus-update/vaccine,27322 CARRONADE DR,PERRYSBURG,43551,Wood County
41.65377,-83.665886,Rite Aid #RA102318,Pfizer-BioNTech - Ages 12 years and older,419-531-2115,https://www.riteaid.com,https://www.riteaid.com/pharmacy/scheduler,5224 DORR STREET,TOLEDO,43615-3602,Lucas County
41.486787,-81.534672,"CVS Pharmacy, Inc. #07687",Novavax - Ages 12 years and older,(216) 371-1234,https://www.cvs.com/store-locator/details-directions/007687,https://www.cvs.com/immunizations/covid-19-vaccine,20641 FAIRMOUNT BLVD.,SHAKER HEIGHTS,44118,Cuyahoga County
40.056926,-82.887026,"CVS Pharmacy, Inc. #02735",Novavax - Ages 12 years and older,(614) 473-1123,https://www.cvs.com/store-locator/details-directions/002735,https://www.cvs.com/immunizations/covid-19-vaccine,4280 MORSE RD,COLUMBUS,43230,Franklin County
40.06058,-82.911495,Sams Club #10-6307,Moderna - Ages 6 months through 11 years,6144764224,https://www.samsclub.com/club/6307,https://www.samsclub.com/pharmacy/immunization?imzType=covid,3950 Morse Rd,Columbus,43219-3016,Franklin County
39.906598,-82.734377,Kroger Pharmacy #01600532,Moderna - Ages 6 months through 11 years,(614) 417-0020,www.krogerhealth.com,https://www.kroger.com/i/coronavirus-update/vaccine,7833 REFUGEE RD,PICKERINGTON,43147,Fairfield County
39.899472,-84.184064,Kroger Pharmacy #01400747,Pfizer-BioNTech - Ages 5 through 11 years,(937) 264-2420,www.krogerhealth.com,https://www.kroger.com/i/coronavirus-update/vaccine,780 NORTHWOODS BLVD,VANDALIA,45377,Montgomery County
41.150309,-84.581581,Rite Aid #RA102372,Moderna - Ages 6 months through 11 years,419-399-5348,https://www.riteaid.com,https://www.riteaid.com/pharmacy/scheduler,1000 NORTH WILLIAMS STREET,PAULDING,45879-1076,Paulding County
40.278816,-84.178226,"CVS Pharmacy, Inc. #06179",Pfizer-BioNTech - Ages 5 through 11 years,(937) 492-0700,https://www.cvs.com/store-locator/details-directions/006179,https://www.cvs.com/immunizations/covid-19-vaccine,324 FOURTH ST.,SIDNEY,45365,Shelby County
41.419594,-82.211802,Meijer #318,Moderna - Ages 12 years and older,440-538-0110,https://www.meijer.com/services/pharmacy.html,https://rx.meijer.com/appt/SV0001,5350 Leavitt Rd,Lorain,44053,Lorain County
40.847623,-81.941547,Walmart Inc #10-1812,Moderna - Ages 6 months through 11 years,3303458955,https://www.walmart.com/store/1812,https://www.walmart.com/pharmacy/clinical-services/immunization/scheduled?imzType=covid,3883 Burbank Rd,Wooster,44691-7220,Wayne County
39.856303,-84.334829,Walmart Inc #10-5409,Moderna - Ages 6 months through 11 years,9378369405,https://www.walmart.com/store/5409,https://www.walmart.com/pharmacy/clinical-services/immunization/scheduled?imzType=covid,7725 Hoke Rd,Clayton,45315-9725,Montgomery County
41.051456,-81.392626,"CVS Pharmacy, Inc. #03090",Pfizer-BioNTech - Ages 12 years and older,(330) 628-1717,https://www.cvs.com/store-locator/details-directions/003090,https://www.cvs.com/immunizations/covid-19-vaccine,3 NORTH CLEVELAND AVE.,MOGADORE,44260,Portage County
41.317935,-81.349352,"CVS Pharmacy, Inc. #03393",Pfizer-BioNTech - Ages 5 through 11 years,(330) 562-7032,https://www.cvs.com/store-locator/details-directions/003393,https://www.cvs.com/immunizations/covid-19-vaccine,118 W. GARFIELD RD.,AURORA,44202,Portage County
41.057407,-83.594427,Walmart Inc #10-1718,Moderna - Ages 6 months through 11 years,4194251300,https://www.walmart.com/store/1718,https://www.walmart.com/pharmacy/clinical-services/immunization/scheduled?imzType=covid,2500 Tiffin Ave,Findlay,45840-9511,Hancock County
39.175356,-84.279941,"CVS Pharmacy, Inc. #06079",Novavax - Ages 12 years and older,(513) 831-2623,https://www.cvs.com/store-locator/details-directions/006079,https://www.cvs.com/immunizations/covid-19-vaccine,921 LILA AVE.,MILFORD,45150,Clermont County
39.976326,-83.012218,"CVS Pharmacy, Inc. #05949",Novavax - Ages 12 years and older,(614) 224-9275,https://www.cvs.com/store-locator/details-directions/005949,https://www.cvs.com/immunizations/covid-19-vaccine,759 NEIL AVE,COLUMBUS,43215,Franklin County
40.367562,-80.639807,Kroger Pharmacy #01600512,Moderna - Ages 12 years and older,(740) 266-2893,www.krogerhealth.com,https://www.kroger.com/i/coronavirus-update/vaccine,264 S HOLLYWOOD BLVD,STEUBENVILLE,43952,Jefferson County
41.721058,-83.51091,Meijer #118,Moderna - Ages 6 months through 11 years,419-727-2010,https://www.meijer.com/services/pharmacy.html,https://rx.meijer.com/appt/SV0001,1500 E Alexis Rd,Toledo,43612,Lucas County
41.500491,-81.565768,"CVS Pharmacy, Inc. #03634",Moderna - Ages 6 months through 11 years,(216) 932-4808,https://www.cvs.com/store-locator/details-directions/003634,https://www.cvs.com/immunizations/covid-19-vaccine,2160 LEE RD,CLEVELAND HEIGHTS,44118,Cuyahoga County
39.358193,-84.280923,"CVS Pharmacy, Inc. #02840",Pfizer-BioNTech - Ages 12 years and older,(513) 398-7609,https://www.cvs.com/store-locator/details-directions/002840,https://www.cvs.com/immunizations/covid-19-vaccine,5525 PARKSIDE DR.,MASON,45040,Warren County
38.7775,-83.569436,Walmart Inc #10-1368,Moderna - Ages 6 months through 11 years,9375447198,https://www.walmart.com/store/1368,https://www.walmart.com/pharmacy/clinical-services/immunization/scheduled?imzType=covid,11217 State Route 41,West Union,45693-9397,Adams County
41.460605,-81.960059,"CVS Pharmacy, Inc. #04304",Moderna - Ages 12 years and older,(440) 835-3271,https://www.cvs.com/store-locator/details-directions/004304,https://www.cvs.com/immunizations/covid-19-vaccine,30791 DETROIT RD,WESTLAKE,44145,Cuyahoga County
39.956974,-82.772245,Kroger Pharmacy #01600543,Moderna - Ages 6 months through 11 years,(614) 552-0780,www.krogerhealth.com,https://www.kroger.com/i/coronavirus-update/vaccine,8460 E MAIN ST,REYNOLDSBURG,43068,Licking County
39.357153,-84.377178,Meijer #147,Moderna - Ages 6 months through 11 years,513-755-4810,https://www.meijer.com/services/pharmacy.html,https://rx.meijer.com/appt/SV0001,7390 Tylersville Rd,West Chester,45069,Butler County
41.431581,-81.389644,"CVS Pharmacy, Inc. #04101",Novavax - Ages 12 years and older,(440) 247-8132,https://www.cvs.com/store-locator/details-directions/004101,https://www.cvs.com/immunizations/covid-19-vaccine,34 SHOPPING PLAZA DR,CHAGRIN FALLS,44022,Cuyahoga County
41.630258,-83.556399,Rite Aid #RA102314,Pfizer-BioNTech - Ages 12 years and older,419-244-5781,https://www.riteaid.com,https://www.riteaid.com/pharmacy/scheduler,1605 BROADWAY STREET,TOLEDO,43609-3239,Lucas County
40.765434,-82.552357,"CVS Pharmacy, Inc. #06176",Novavax - Ages 12 years and older,(419) 529-6001,https://www.cvs.com/store-locator/details-directions/006176,https://www.cvs.com/immunizations/covid-19-vaccine,1049 WEST FOURTH STREET,MANSFIELD,44906,Richland County
41.367571,-81.803688,"CVS Pharmacy, Inc. #03334",Novavax - Ages 12 years and older,(440) 243-3391,https://www.cvs.com/store-locator/details-directions/003334,https://www.cvs.com/immunizations/covid-19-vaccine,7259 PEARL RD.,MIDDLEBURG HEIGHTS,44130,Cuyahoga County
39.325026,-84.636917,"CVS Pharmacy, Inc. #05433",Pfizer-BioNTech - Ages 12 years and older,(513) 738-4666,https://www.cvs.com/store-locator/details-directions/005433,https://www.cvs.com/immunizations/covid-19-vaccine,3733 HAMILTON-CLEVES ROAD,HAMILTON,45013,Butler County
39.817452,-84.127334,Kroger Pharmacy #01400754,Moderna - Ages 12 years and older,(937) 233-8930,www.krogerhealth.com,https://www.kroger.com/i/coronavirus-update/vaccine,4506 BRANDT PIKE,DAYTON,45424,Montgomery County
39.724622,-84.151840000000007,Rite Aid #RA104825,Pfizer-BioNTech - Ages 12 years and older,937-252-9894,https://www.riteaid.com,https://www.riteaid.com/pharmacy/scheduler,1158 WILMINGTON AVENUE,DAYTON,45420-1662,Montgomery County
39.988362,-82.788134,Meijer #212,Moderna - Ages 12 years and older,614-322-7410,https://www.meijer.com/services/pharmacy.html,https://rx.meijer.com/appt/SV0001,8000 E Broad St,Reynoldsburg,43068,Franklin County
39.035963,-84.232984,Kroger Pharmacy #01400468,Moderna - Ages 12 years and older,(513) 718-2220,www.krogerhealth.com,https://www.kroger.com/i/coronavirus-update/vaccine,262 W MAIN ST,AMELIA,45102,Clermont County
41.354111,-83.652299,Walmart Inc #10-1913,Moderna - Ages 6 months through 11 years,4193523776,https://www.walmart.com/store/1913,https://www.walmart.com/pharmacy/clinical-services/immunization/scheduled?imzType=covid,131 W Gypsy Ln,Bowling Green,43402-4503,Wood County
40.404698,-82.441592,Walmart Inc #10-2149,Moderna - Ages 6 months through 11 years,7403923800,https://www.walmart.com/store/2149,https://www.walmart.com/pharmacy/clinical-services/immunization/scheduled?imzType=covid,1575 Coshocton Ave,Mount Vernon,43050-1476,Knox County
40.097777,-83.122271,Kroger Pharmacy #01600350,Pfizer-BioNTech - Ages 12 years and older,(614) 889-0710,www.krogerhealth.com,https://www.kroger.com/i/coronavirus-update/vaccine,299 W BRIDGE ST,DUBLIN,43017,Franklin County
40.805,-82.974937,"CVS Pharmacy, Inc. #03406",Pfizer-BioNTech - Ages 12 years and older,(419) 562-1354,https://www.cvs.com/store-locator/details-directions/003406,https://www.cvs.com/immunizations/covid-19-vaccine,101 EAST CHARLES STREET,BUCYRUS,44820,Crawford County
40.160944,-83.021703,Meijer #143,Moderna - Ages 6 months through 11 years,740-548-0010,https://www.meijer.com/services/pharmacy.html,https://rx.meijer.com/appt/SV0001,8870 Columbus Pike,Lewis Center,43035,Delaware County
41.687185,-83.621374,Kroger Pharmacy #01600957,Pfizer-BioNTech - Ages 5 through 11 years,(419) 471-9240,www.krogerhealth.com,https://www.kroger.com/i/coronavirus-update/vaccine,4533 MONROE ST,TOLEDO,43613,Lucas County
39.764682,-84.158037,Rite Aid #RA103030,Moderna - Ages 12 years and older,937-258-8101,https://www.riteaid.com,https://www.riteaid.com/pharmacy/scheduler,2532 EAST THIRD STREET,DAYTON,45403-2019,Montgomery County
41.084681,-81.442044,"CVS Pharmacy, Inc. #04333",Novavax - Ages 12 years and older,(330) 630-9066,https://www.cvs.com/store-locator/details-directions/004333,https://www.cvs.com/immunizations/covid-19-vaccine,2091 EASTWOOD AVENUE,AKRON,44305,Summit County
39.946432,-83.853477,"CVS Pharmacy, Inc. #03468",Pfizer-BioNTech - Ages 12 years and older,(937) 323-9129,https://www.cvs.com/store-locator/details-directions/003468,https://www.cvs.com/immunizations/covid-19-vaccine,1493 UPPER VALLEY PIKE,SPRINGFIELD,45504,Clark County
41.460591,-82.010992,Costco Wholesale Corporation #343,Novavax - Ages 12 years and older,(440)-930-0102,https://www.costco.com/pharmacy/adult-immunization-program.html,https://www.costco.com/pharmacy/adult-immunization-program.html,35804 DETROIT ROAD,AVON,44011,Lorain County
39.940448,-82.002137,Rite Aid #RA101459,Moderna - Ages 6 months through 11 years,740-452-5485,https://www.riteaid.com,https://www.riteaid.com/pharmacy/scheduler,825 MAIN STREET,ZANESVILLE,43701-3733,Muskingum County
40.676688,-81.261606,Rite Aid #RA102437,Pfizer-BioNTech - Ages 12 years and older,330-866-5020,https://www.riteaid.com,https://www.riteaid.com/pharmacy/scheduler,8619 WAYNESBURG DR SE,WAYNESBURG,44688-9549,Stark County
40.123941,-83.086969,Walmart Inc #10-2774,Pfizer-BioNTech - Ages 12 years and older,6149436503,https://www.walmart.com/store/2774,https://www.walmart.com/pharmacy/clinical-services/immunization/scheduled?imzType=covid,7730 Sawmill Rd,Dublin,43016-9297,Franklin County
41.544235,-83.61863,Rite Aid #RA102326,Moderna - Ages 12 years and older,419-874-3587,https://www.riteaid.com,https://www.riteaid.com/pharmacy/scheduler,1175 LOUISIANA AVE,PERRYSBURG,43551-2537,Wood County
40.681743,-82.022571,"CVS Pharmacy, Inc. #11396",Novavax - Ages 12 years and older,(330) 567-2823,https://www.cvs.com/store-locator/details-directions/011396,https://www.cvs.com/immunizations/covid-19-vaccine,119 NORTH MARKET,SHREVE,44676,Wayne County
41.394588,-82.005927,"CVS Pharmacy, Inc. #03376",Novavax - Ages 12 years and older,(440) 327-2194,https://www.cvs.com/store-locator/details-directions/003376,https://www.cvs.com/immunizations/covid-19-vaccine,35000 CENTER RIDGE ROAD,NORTH RIDGEVILLE,44039,Lorain County
40.038467,-83.123851,"CVS Pharmacy, Inc. #17085",Novavax - Ages 12 years and older,(614) 876-7089,https://www.cvs.com/store-locator/details-directions/017085,https://www.cvs.com/immunizations/covid-19-vaccine,4211 TRUEMAN BLVD,HILLIARD,43026,Franklin County
40.552893,-84.40947,Rite Aid #RA101198,Moderna - Ages 12 years and older,419-394-3542,https://www.riteaid.com,https://www.riteaid.com/pharmacy/scheduler,1502 EXECUTIVE DRIVE,ST MARYS,45885-3317,Auglaize County
38.436998,-82.386715,Kroger Pharmacy #02900781,Moderna - Ages 12 years and older,(740) 886-5579,www.krogerhealth.com,https://www.kroger.com/i/coronavirus-update/vaccine,6306 COUNTY ROAD 107,PROCTORVILLE,45669,Lawrence County
39.77739,-84.073723,Meijer #107,Moderna - Ages 6 months through 11 years,937-426-3600,https://www.meijer.com/services/pharmacy.html,https://rx.meijer.com/appt/SV0001,3822 Colonel Glenn Highway,Fairborn,45324,Greene County
38.753021,-82.925113,Walmart Inc #10-1564,Moderna - Ages 6 months through 11 years,7404568257,https://www.walmart.com/store/1564,https://www.walmart.com/pharmacy/clinical-services/immunization/scheduled?imzType=covid,4490 Gallia St,New Boston,45662-5566,Scioto County
41.461751,-81.073957,"CVS Pharmacy, Inc. #04349",Moderna - Ages 12 years and older,(440) 632-5251,https://www.cvs.com/store-locator/details-directions/004349,https://www.cvs.com/immunizations/covid-19-vaccine,"15925 W. HIGH ST.,",MIDDLEFIELD,44062,Geauga County
41.463314,-81.085555,Rite Aid #RA104279,Pfizer-BioNTech - Ages 12 years and older,440-632-5201,https://www.riteaid.com,https://www.riteaid.com/pharmacy/scheduler,15596 WEST HIGH STREET,MIDDLEFIELD,44062-9292,Geauga County
41.388178,-81.5254,"CVS Pharmacy, Inc. #04330",Pfizer-BioNTech - Ages 12 years and older,(440) 439-5766,https://www.cvs.com/store-locator/details-directions/004330,https://www.cvs.com/immunizations/covid-19-vaccine,140 SOLON ROAD,BEDFORD,44146,Cuyahoga County
41.388789,-82.109301,"CVS Pharmacy, Inc. #16570",Pfizer-BioNTech - Ages 12 years and older,(440) 324-2339,https://www.cvs.com/store-locator/details-directions/016570,https://www.cvs.com/immunizations/covid-19-vaccine,240 MARKET DR,ELYRIA,44035,Lorain County
39.566258,-84.277737,Walmart Inc #10-3784,Moderna - Ages 6 months through 11 years,9377040568,https://www.walmart.com/store/3784,https://www.walmart.com/pharmacy/clinical-services/immunization/scheduled?imzType=covid,1275 E 2nd St,Franklin,45005-1994,Warren County
41.141056,-81.864565,Rite Aid #RA101283,Moderna - Ages 12 years and older,330-725-4104,https://www.riteaid.com,https://www.riteaid.com/pharmacy/scheduler,207 NORTH COURT STREET,MEDINA,44256-2201,Medina County
39.413623,-81.451545,"CVS Pharmacy, Inc. #03422",Pfizer-BioNTech - Ages 12 years and older,(740) 373-2961,https://www.cvs.com/store-locator/details-directions/003422,https://www.cvs.com/immunizations/covid-19-vaccine,131 3RD ST.,MARIETTA,45750,Washington County
39.381031,-84.547405,Kroger Pharmacy #01400934,Moderna - Ages 6 months through 11 years,(513) 868-5440,www.krogerhealth.com,https://www.kroger.com/i/coronavirus-update/vaccine,1450 S ERIE HWY,HAMILTON,45011,Butler County
40.579646,-83.072219,Meijer #111,Moderna - Ages 6 months through 11 years,740-389-5402,https://www.meijer.com/services/pharmacy.html,https://rx.meijer.com/appt/SV0001,2153 Marion-Mt Gilead Rd,Marion,43302,Marion County
39.292817,-84.564767,"CVS Pharmacy, Inc. #07699",Pfizer-BioNTech - Ages 12 years and older,(513) 742-1155,https://www.cvs.com/store-locator/details-directions/007699,https://www.cvs.com/immunizations/covid-19-vaccine,11611 HAMILTON AVENUE,CINCINNATI,45231,Hamilton County
39.890278,-84.199427,Rite Aid #RA103031,Moderna - Ages 12 years and older,937-898-8829,https://www.riteaid.com,https://www.riteaid.com/pharmacy/scheduler,10 W. NATIONAL ROAD,VANDALIA,45377-1933,Montgomery County
41.594419,-81.549294,Rite Aid #RA104071,Moderna - Ages 6 months through 11 years,216-383-7600,https://www.riteaid.com,https://www.riteaid.com/pharmacy/scheduler,475 E 185TH STREET,EUCLID,44119-1355,Cuyahoga County
41.364428,-81.717841,"CVS Pharmacy, Inc. #03817",Novavax - Ages 12 years and older,(440) 887-8038,https://www.cvs.com/store-locator/details-directions/003817,https://www.cvs.com/immunizations/covid-19-vaccine,7412 STATE ROAD,PARMA,44134,Cuyahoga County
41.609684,-83.714143000000007,Rite Aid #RA102343,Moderna - Ages 12 years and older,419-866-8943,https://www.riteaid.com,https://www.riteaid.com/pharmacy/scheduler,7225 AIRPORT HIGHWAY,HOLLAND,43528-7829,Lucas County
41.035477,-81.728203,"CVS Pharmacy, Inc. #03088",Moderna - Ages 12 years and older,(330) 336-6444,https://www.cvs.com/store-locator/details-directions/003088,https://www.cvs.com/immunizations/covid-19-vaccine,473 HIGH STREET,WADSWORTH,44281,Medina County
38.531378,-82.681535,"CVS Pharmacy, Inc. #03474",Pfizer-BioNTech - Ages 5 through 11 years,(740) 532-4354,https://www.cvs.com/store-locator/details-directions/003474,https://www.cvs.com/immunizations/covid-19-vaccine,320 JEFFERSON ST.,IRONTON,45638,Lawrence County
39.312249,-84.319135,Walmart Inc #10-1441,Pfizer-BioNTech - Ages 12 years and older,5135839330,https://www.walmart.com/store/1441,https://www.walmart.com/pharmacy/clinical-services/immunization/scheduled?imzType=covid,5303 Bowen Dr,Mason,45040-6732,Warren County
40.106377,-83.736806,"CVS Pharmacy, Inc. #03452",Novavax - Ages 12 years and older,(937) 653-7139,https://www.cvs.com/store-locator/details-directions/003452,https://www.cvs.com/immunizations/covid-19-vaccine,719 SCIOTO ST,URBANA,43078,Champaign County
40.000954,-83.008042,"CVS Pharmacy, Inc. #17729",Moderna - Ages 12 years and older,(614) 298-8051,https://www.cvs.com/store-locator/details-directions/017729,https://www.cvs.com/immunizations/covid-19-vaccine,1892 NORTH HIGH ST,COLUMBUS,43201,Franklin County
40.400589,-82.45869,Kroger Pharmacy #01600820,Moderna - Ages 12 years and older,(740) 393-2487,www.krogerhealth.com,https://www.kroger.com/i/coronavirus-update/vaccine,855 COSHOCTON AVE,MOUNT VERNON,43050,Knox County
40.140081,-82.98997,Kroger Pharmacy #01600839,Moderna - Ages 6 months through 11 years,(614) 430-2445,www.krogerhealth.com,https://www.kroger.com/i/coronavirus-update/vaccine,1177 POLARIS PKWY,COLUMBUS,43240,Delaware County
41.022048,-83.648725,Kroger Pharmacy #01600510,Pfizer-BioNTech - Ages 5 through 11 years,(419) 423-4721,www.krogerhealth.com,https://www.kroger.com/i/coronavirus-update/vaccine,101 6TH ST,FINDLAY,45840,Hancock County
41.584432,-83.666988,Kroger Pharmacy #01600525,Pfizer-BioNTech - Ages 12 years and older,(567) 302-2689,www.krogerhealth.com,https://www.kroger.com/i/coronavirus-update/vaccine,1435 REYNOLDS RD,MAUMEE,43537,Lucas County
39.785739,-83.995711,Kroger Pharmacy #01400838,Moderna - Ages 12 years and older,(937) 318-3920,www.krogerhealth.com,https://www.kroger.com/i/coronavirus-update/vaccine,1161 E DAYTON YELLOW SPRINGS RD,FAIRBORN,45324,Greene County
40.111367,-82.948559,"CVS Pharmacy, Inc. #03992",Novavax - Ages 12 years and older,(614) 891-9771,https://www.cvs.com/store-locator/details-directions/003992,https://www.cvs.com/immunizations/covid-19-vaccine,620 S. CLEVELAND AVE.,WESTERVILLE,43081,Franklin County
41.062147,-80.71044,Rite Aid #RA100195,Pfizer-BioNTech - Ages 12 years and older,330-797-9485,https://www.riteaid.com,https://www.riteaid.com/pharmacy/scheduler,3527 CANFIELD ROAD,YOUNGSTOWN,44511-2816,Mahoning County
40.125752,-82.980816,"CVS Pharmacy, Inc. #06163",Novavax - Ages 12 years and older,(614) 841-0336,https://www.cvs.com/store-locator/details-directions/006163,https://www.cvs.com/immunizations/covid-19-vaccine,711 PARK RD.,WORTHINGTON,43085,Franklin County
40.764658,-83.82269,Rite Aid #RA107844,Moderna - Ages 12 years and older,419-634-0888,https://www.riteaid.com,https://www.riteaid.com/pharmacy/scheduler,610 S MAIN STREET,ADA,45810-1503,Hardin County
39.862913,-84.312738,Kroger Pharmacy #01400938,Moderna - Ages 6 months through 11 years,(937) 832-4080,www.krogerhealth.com,https://www.kroger.com/i/coronavirus-update/vaccine,885 UNION BLVD,ENGLEWOOD,45322,Montgomery County
40.141983,-84.264694,Kroger Pharmacy #01400932,Moderna - Ages 12 years and older,(937) 615-7020,www.krogerhealth.com,https://www.kroger.com/i/coronavirus-update/vaccine,1508 COVINGTON AVE,PIQUA,45356,Miami County
40.476984,-82.541665,Rite Aid #RA103266,Pfizer-BioNTech - Ages 12 years and older,740-694-5717,https://www.riteaid.com,https://www.riteaid.com/pharmacy/scheduler,117 SOUTH MAIN STREET,FREDERICKTOWN,43019-1225,Knox County
39.073174,-84.348923,"CVS Pharmacy, Inc. #06123",Moderna - Ages 6 months through 11 years,(513) 231-4591,https://www.cvs.com/store-locator/details-directions/006123,https://www.cvs.com/immunizations/covid-19-vaccine,7500 BEECHMONT AVE,CINCINNATI,45255,Hamilton County
40.032899,-82.911243,"CVS Pharmacy, Inc. #09898",Pfizer-BioNTech - Ages 5 through 11 years,(614) 337-6210,https://www.cvs.com/store-locator/details-directions/009898,https://www.cvs.com/immunizations/covid-19-vaccine,2929 STELZER RD.,COLUMBUS,43219,Franklin County
40.005078,-82.6594,"CVS Pharmacy, Inc. #05425",Novavax - Ages 12 years and older,(740) 927-6705,https://www.cvs.com/store-locator/details-directions/005425,https://www.cvs.com/immunizations/covid-19-vaccine,8910 E. BROAD ST.,PATASKALA,43062,Licking County
40.808799,-81.371277,Rite Aid #RA103700,Pfizer-BioNTech - Ages 12 years and older,330-456-4791,https://www.riteaid.com,https://www.riteaid.com/pharmacy/scheduler,114 12TH STREET NE,CANTON,44704-1024,Stark County
41.425553,-82.347817,Rite Aid #RA104580,Pfizer-BioNTech - Ages 12 years and older,440-967-2018,https://www.riteaid.com,https://www.riteaid.com/pharmacy/scheduler,4580 LIBERTY AVENUE,VERMILION,44089-3285,Lorain County
41.676421,-83.625864000000007,Costco Wholesale Corporation #1007,Pfizer-BioNTech - Ages 12 years and older,(419)-381-5009,https://www.costco.com/pharmacy/adult-immunization-program.html,https://www.costco.com/pharmacy/adult-immunization-program.html,3405 WEST CENTRAL AVE,TOLEDO,43606,Lucas County
39.442943,-84.377966,Kroger Pharmacy #01400336,Moderna - Ages 6 months through 11 years,(513) 727-7440,www.krogerhealth.com,https://www.kroger.com/i/coronavirus-update/vaccine,3033 HERITAGE GREEN DR,MONROE,45050,Butler County
39.606981,-84.162968,Kroger Pharmacy #01400923,Moderna - Ages 12 years and older,(937) 439-6420,www.krogerhealth.com,https://www.kroger.com/i/coronavirus-update/vaccine,1095 S MAIN ST,CENTERVILLE,45458,Montgomery County
39.937092,-83.835784,Kroger Pharmacy #01400832,Moderna - Ages 12 years and older,(937) 323-0282,www.krogerhealth.com,https://www.kroger.com/i/coronavirus-update/vaccine,965 N BECHTLE AVE,SPRINGFIELD,45504,Clark County
41.291922,-80.84859,Rite Aid #RA100713,Pfizer-BioNTech - Ages 12 years and older,330-847-0016,https://www.riteaid.com,https://www.riteaid.com/pharmacy/scheduler,5001 MAHONING AVENUE,WARREN,44483-1407,Trumbull County
40.058855,-82.952424,"CVS Pharmacy, Inc. #03413",Novavax - Ages 12 years and older,(614) 475-3611,https://www.cvs.com/store-locator/details-directions/003413,https://www.cvs.com/immunizations/covid-19-vaccine,4400 CLEVELAND AVE,COLUMBUS,43224,Franklin County
40.799197,-81.398233,"CVS Pharmacy, Inc. #10372",Pfizer-BioNTech - Ages 5 through 11 years,(330) 453-4845,https://www.cvs.com/store-locator/details-directions/010372,https://www.cvs.com/immunizations/covid-19-vaccine,2210 WEST TUSCARAWAS STREET,CANTON,44708,Stark County
41.584432,-83.666988,Kroger Pharmacy #01600525,Pfizer-BioNTech - Ages 5 through 11 years,(567) 302-2689,www.krogerhealth.com,https://www.kroger.com/i/coronavirus-update/vaccine,1435 REYNOLDS RD,MAUMEE,43537,Lucas County
39.132913,-82.977373,Kroger Pharmacy #01600363,Pfizer-BioNTech - Ages 5 through 11 years,(740) 947-0128,www.krogerhealth.com,https://www.kroger.com/i/coronavirus-update/vaccine,220 WAVERLY PLZ,WAVERLY,45690,Pike County
40.054208,-83.07221,Kroger Pharmacy #01600328,Moderna - Ages 12 years and older,(614) 457-1939,www.krogerhealth.com,https://www.kroger.com/i/coronavirus-update/vaccine,1955 HENDERSON RD,UPPER ARLINGTON,43220,Franklin County
41.432484,-82.704742,Rite Aid #RA104937,Moderna - Ages 12 years and older,419-624-8442,https://www.riteaid.com,https://www.riteaid.com/pharmacy/scheduler,334 WEST PERKINS AVENUE,SANDUSKY,44870-4804,Erie County
40.399557,-82.456235,"CVS Pharmacy, Inc. #06151",Novavax - Ages 12 years and older,(740) 397-5505,https://www.cvs.com/store-locator/details-directions/006151,https://www.cvs.com/immunizations/covid-19-vaccine,900 COSHOCTON AVE,MOUNT VERNON,43050,Knox County
40.552893,-84.40947,Rite Aid #RA101198,Pfizer-BioNTech - Ages 12 years and older,419-394-3542,https://www.riteaid.com,https://www.riteaid.com/pharmacy/scheduler,1502 EXECUTIVE DRIVE,ST MARYS,45885-3317,Auglaize County
39.359139,-84.45845,Kroger Pharmacy #01400959,Moderna - Ages 6 months through 11 years,(513) 682-8040,www.krogerhealth.com,https://www.kroger.com/i/coronavirus-update/vaccine,8000 PRINCETON GLENDALE RD,WEST CHESTER,45069,Butler County
39.275448,-81.580721,Kroger Pharmacy #02900799,Moderna - Ages 12 years and older,(740) 423-7271,www.krogerhealth.com,https://www.kroger.com/i/coronavirus-update/vaccine,1008 WASHINGTON BLVD,BELPRE,45714,Washington County
41.391346,-83.648642,Kroger Pharmacy #01600878,Pfizer-BioNTech - Ages 12 years and older,(419) 353-5116,www.krogerhealth.com,https://www.kroger.com/i/coronavirus-update/vaccine,1094 N MAIN ST,BOWLING GREEN,43402,Wood County
41.373099,-81.945042,"CVS Pharmacy, Inc. #04811",Novavax - Ages 12 years and older,(440) 235-1600,https://www.cvs.com/store-locator/details-directions/004811,https://www.cvs.com/immunizations/covid-19-vaccine,27120 BAGLEY RD.,OLMSTED TOWNSHIP,44138,Cuyahoga County
41.44541,-82.119591,Rite Aid #RA104766,Moderna - Ages 12 years and older,440-277-6181,https://www.riteaid.com,https://www.riteaid.com/pharmacy/scheduler,2853 GROVE AVENUE,LORAIN,44055-2063,Lorain County
39.17193,-84.760115,Kroger Pharmacy #01400445,Pfizer-BioNTech - Ages 5 through 11 years,(513) 353-0860,www.krogerhealth.com,https://www.kroger.com/i/coronavirus-update/vaccine,4001 HAMILTON CLEVES RD,CLEVES,45002,Hamilton County
39.888268,-84.046725,Rite Aid #RA101187,Pfizer-BioNTech - Ages 12 years and older,937-849-1366,https://www.riteaid.com,https://www.riteaid.com/pharmacy/scheduler,564 MCADAMS DRIVE,NEW CARLISLE,45344-2501,Clark County
40.054208,-83.07221,Kroger Pharmacy #01600328,Moderna - Ages 6 months through 11 years,(614) 457-1939,www.krogerhealth.com,https://www.kroger.com/i/coronavirus-update/vaccine,1955 HENDERSON RD,UPPER ARLINGTON,43220,Franklin County
40.132571,-82.886521,"CVS Pharmacy, Inc. #06162",Moderna - Ages 6 months through 11 years,(614) 891-8300,https://www.cvs.com/store-locator/details-directions/006162,https://www.cvs.com/immunizations/covid-19-vaccine,1202 COUNTY LINE ROAD,WESTERVILLE,43081,Delaware County
38.543367,-82.674925,"CVS Pharmacy, Inc. #06349",Novavax - Ages 12 years and older,(740) 533-0747,https://www.cvs.com/store-locator/details-directions/006349,https://www.cvs.com/immunizations/covid-19-vaccine,1109 IRONTON HILLS DR.,IRONTON,45638,Lawrence County
41.388789,-82.109301,"CVS Pharmacy, Inc. #16570",Novavax - Ages 12 years and older,(440) 324-2339,https://www.cvs.com/store-locator/details-directions/016570,https://www.cvs.com/immunizations/covid-19-vaccine,240 MARKET DR,ELYRIA,44035,Lorain County
40.148072,-82.919901,Kroger Pharmacy #01600847,Moderna - Ages 12 years and older,(614) 794-5550,www.krogerhealth.com,https://www.kroger.com/i/coronavirus-update/vaccine,7345 STATE ROUTE 3,WESTERVILLE,43082,Delaware County
39.296129,-84.304807,"CVS Pharmacy, Inc. #16469",Novavax - Ages 12 years and older,(513) 677-3879,https://www.cvs.com/store-locator/details-directions/016469,https://www.cvs.com/immunizations/covid-19-vaccine,9841 WATERSTONE BLVD,CINCINNATI,45249,Warren County
40.122045,-82.930408,"CVS Pharmacy, Inc. #06155",Novavax - Ages 12 years and older,(614) 890-4660,https://www.cvs.com/store-locator/details-directions/006155,https://www.cvs.com/immunizations/covid-19-vaccine,145 S. STATE ST.,WESTERVILLE,43081,Franklin County
39.110766,-82.999374,Walmart Inc #10-2572,Moderna - Ages 6 months through 11 years,7409471700,https://www.walmart.com/store/2572,https://www.walmart.com/pharmacy/clinical-services/immunization/scheduled?imzType=covid,990 W Emmitt Ave,Waverly,45690-1095,Pike County
41.132736,-81.466416,Rite Aid #RA104726,Pfizer-BioNTech - Ages 12 years and older,330-922-4466,https://www.riteaid.com,https://www.riteaid.com/pharmacy/scheduler,1914 BAILEY ROAD,CUYAHOGA FALLS,44221-4312,Summit County
41.221301,-80.78357,Rite Aid #RA103016,Moderna - Ages 12 years and older,330-369-8444,https://www.riteaid.com,https://www.riteaid.com/pharmacy/scheduler,2840 YOUNGSTOWN ROAD SE,WARREN,44484-5063,Trumbull County
39.760277,-84.193404,"CVS Pharmacy, Inc. #03453",Pfizer-BioNTech - Ages 12 years and older,(937) 228-9145,https://www.cvs.com/store-locator/details-directions/003453,https://www.cvs.com/immunizations/covid-19-vaccine,32 N. LUDLOW ST.,DAYTON,45402,Montgomery County
39.724622,-84.151840000000007,Rite Aid #RA104825,Moderna - Ages 6 months through 11 years,937-252-9894,https://www.riteaid.com,https://www.riteaid.com/pharmacy/scheduler,1158 WILMINGTON AVENUE,DAYTON,45420-1662,Montgomery County
40.084088,-82.896127,Kroger Pharmacy #01600965,Pfizer-BioNTech - Ages 5 through 11 years,(614) 895-1575,www.krogerhealth.com,https://www.kroger.com/i/coronavirus-update/vaccine,5991 S SUNBURY RD # A,WESTERVILLE,43081,Franklin County
39.128468,-84.509274,Kroger Pharmacy #01400929,Pfizer-BioNTech - Ages 12 years and older,(513) 872-1520,www.krogerhealth.com,https://www.kroger.com/i/coronavirus-update/vaccine,1 W CORRY STREET,CINCINNATI,45219,Hamilton County
41.484494,-81.589514,"CVS Pharmacy, Inc. #04350",Moderna - Ages 12 years and older,(216) 991-3904,https://www.cvs.com/store-locator/details-directions/004350,https://www.cvs.com/immunizations/covid-19-vaccine,13215 SHAKER SQUARE,CLEVELAND,44120,Cuyahoga County
41.313235,-81.735343,"CVS Pharmacy, Inc. #03332",Novavax - Ages 12 years and older,(440) 237-3400,https://www.cvs.com/store-locator/details-directions/003332,https://www.cvs.com/immunizations/covid-19-vaccine,14000 RIDGE ROAD,NORTH ROYALTON,44133,Cuyahoga County
41.583236,-81.479346,"CVS Pharmacy, Inc. #04348",Novavax - Ages 12 years and older,(440) 944-0038,https://www.cvs.com/store-locator/details-directions/004348,https://www.cvs.com/immunizations/covid-19-vaccine,28700 CHARDON RD,WILLOUGHBY HILLS,44092,Lake County
40.06532,-83.074055,Kroger Pharmacy #01600818,Moderna - Ages 12 years and older,(614) 326-5650,www.krogerhealth.com,https://www.kroger.com/i/coronavirus-update/vaccine,2090 CROWN PLAZA DR,COLUMBUS,43235,Franklin County
41.046694,-80.61513,"CVS Pharmacy, Inc. #04342",Pfizer-BioNTech - Ages 5 through 11 years,(330) 755-0666,https://www.cvs.com/store-locator/details-directions/004342,https://www.cvs.com/immunizations/covid-19-vaccine,900 YOUNGSTOWN-POLAND ROAD,STRUTHERS,44471,Mahoning County
40.169216,-83.089233,"CVS Pharmacy, Inc. #05457",Pfizer-BioNTech - Ages 5 through 11 years,(614) 718-1508,https://www.cvs.com/store-locator/details-directions/005457,https://www.cvs.com/immunizations/covid-19-vaccine,3488 SELDOM SEEN RD.,POWELL,43065,Delaware County
41.103433,-80.701776,"CVS Pharmacy, Inc. #03996",Pfizer-BioNTech - Ages 12 years and older,(330) 792-8668,https://www.cvs.com/store-locator/details-directions/003996,https://www.cvs.com/immunizations/covid-19-vaccine,2846 MAHONING AVE,YOUNGSTOWN,44509,Mahoning County
40.720237,-82.543905,"CVS Pharmacy, Inc. #06169",Novavax - Ages 12 years and older,(419) 756-1321,https://www.cvs.com/store-locator/details-directions/006169,https://www.cvs.com/immunizations/covid-19-vaccine,1411 LEXINGTON AVENUE,MANSFIELD,44907,Richland County
39.988125,-83.046458,"CVS Pharmacy, Inc. #06147",Moderna - Ages 6 months through 11 years,(614) 486-7159,https://www.cvs.com/store-locator/details-directions/006147,https://www.cvs.com/immunizations/covid-19-vaccine,1495 WEST 5TH AVE.,COLUMBUS,43212,Franklin County
41.374435,-83.648187,"CVS Pharmacy, Inc. #10248",Pfizer-BioNTech - Ages 12 years and older,(419) 352-3119,https://www.cvs.com/store-locator/details-directions/010248,https://www.cvs.com/immunizations/covid-19-vaccine,212 E. WOOSTER ST.,BOWLING GREEN,43402,Wood County
39.336238,-84.562355,Kroger Pharmacy #01400939,Pfizer-BioNTech - Ages 12 years and older,(513) 829-2005,www.krogerhealth.com,https://www.kroger.com/i/coronavirus-update/vaccine,560 WESSEL DR,FAIRFIELD,45014,Butler County
39.658209,-84.10472,"CVS Pharmacy, Inc. #17057",Novavax - Ages 12 years and older,(937) 439-9357,https://www.cvs.com/store-locator/details-directions/017057,https://www.cvs.com/immunizations/covid-19-vaccine,4341 FEEDWIRE RD,DAYTON,45440,Greene County
39.238188,-84.350754,Kroger Pharmacy #01400351,Moderna - Ages 12 years and older,(513) 793-1620,www.krogerhealth.com,https://www.kroger.com/i/coronavirus-update/vaccine,9939 MONTGOMERY RD.,CINCINNATI,45242,Hamilton County
39.959996,-84.185588,"CVS Pharmacy, Inc. #03476",Pfizer-BioNTech - Ages 12 years and older,(937) 667-8428,https://www.cvs.com/store-locator/details-directions/003476,https://www.cvs.com/immunizations/covid-19-vaccine,914 W. MAIN ST.,TIPP CITY,45371,Miami County
40.720125,-82.547666,Kroger Pharmacy #01600836,Pfizer-BioNTech - Ages 12 years and older,(419) 756-7023,www.krogerhealth.com,https://www.kroger.com/i/coronavirus-update/vaccine,1500 LEXINGTON AVE,MANSFIELD,44907,Richland County
39.371975,-84.358922,Costco Wholesale Corporation #1632,Pfizer-BioNTech - Ages 12 years and older,(513)-346-7942,https://www.costco.com/pharmacy/adult-immunization-program.html,https://www.costco.com/pharmacy/adult-immunization-program.html,7135 Veterans Blvd,Liberty Township,45044,Butler County
39.189717,-84.598596,Kroger Pharmacy #01400370,Pfizer-BioNTech - Ages 5 through 11 years,(513) 598-7520,www.krogerhealth.com,https://www.kroger.com/i/coronavirus-update/vaccine,3491 NORTHBEND RD,CINCINNATI,45239,Hamilton County
41.700829,-81.277047,"CVS Pharmacy, Inc. #04327",Pfizer-BioNTech - Ages 12 years and older,(440) 354-5609,https://www.cvs.com/store-locator/details-directions/004327,https://www.cvs.com/immunizations/covid-19-vaccine,1506 MENTOR AVE,PAINESVILLE,44077,Lake County
39.275448,-81.580721,Kroger Pharmacy #02900799,Pfizer-BioNTech - Ages 12 years and older,(740) 423-7271,www.krogerhealth.com,https://www.kroger.com/i/coronavirus-update/vaccine,1008 WASHINGTON BLVD,BELPRE,45714,Washington County
40.14979,-82.997149,"CVS Pharmacy, Inc. #02381",Novavax - Ages 12 years and older,(614) 846-8027,https://www.cvs.com/store-locator/details-directions/002381,https://www.cvs.com/immunizations/covid-19-vaccine,9151 SOUTH OLD STATE ROAD,COLUMBUS,43035,Delaware County
40.786938,-80.774741,Rite Aid #RA102418,Moderna - Ages 12 years and older,330-424-7743,https://www.riteaid.com,https://www.riteaid.com/pharmacy/scheduler,7844 STATE ROUTE 45,LISBON,44432-9396,Columbiana County
41.420861,-82.674651,"CVS Pharmacy, Inc. #17241",Pfizer-BioNTech - Ages 12 years and older,(419) 609-3341,https://www.cvs.com/store-locator/details-directions/017241,https://www.cvs.com/immunizations/covid-19-vaccine,4020 MILAN RD,SANDUSKY,44870,Erie County
39.227346,-84.439216,"CVS Pharmacy, Inc. #05426",Pfizer-BioNTech - Ages 12 years and older,(513) 733-8550,https://www.cvs.com/store-locator/details-directions/005426,https://www.cvs.com/immunizations/covid-19-vaccine,9197 READING RD.,CINCINNATI,45215,Hamilton County
41.411322,-82.664402,Meijer #142,Moderna - Ages 6 months through 11 years,419-627-7910,https://www.meijer.com/services/pharmacy.html,https://rx.meijer.com/appt/SV0001,4702 Milan Rd,Sandusky,44870,Erie County
41.421616,-82.082248,Sams Club #10-6314,Moderna - Ages 12 years and older,4409347567,https://www.samsclub.com/club/6314,https://www.samsclub.com/pharmacy/immunization?imzType=covid,5225 Cobblestone Rd,Sheffield Village,44035-1489,Lorain County
41.714902,-83.693674,Kroger Pharmacy #01600940,Moderna - Ages 6 months through 11 years,(419) 885-4738,www.krogerhealth.com,https://www.kroger.com/i/coronavirus-update/vaccine,6235 MONROE ST,SYLVANIA,43560,Lucas County
40.959498,-81.464503,"CVS Pharmacy, Inc. #10209",Novavax - Ages 12 years and older,(330) 899-9085,https://www.cvs.com/store-locator/details-directions/010209,https://www.cvs.com/immunizations/covid-19-vaccine,3761 MASSILON RD.,GREEN,44685,Summit County
40.282171,-81.000834,Rite Aid #RA101793,Moderna - Ages 12 years and older,740-942-3101,https://www.riteaid.com,https://www.riteaid.com/pharmacy/scheduler,651 LINCOLN STREET,CADIZ,43907-9498,Harrison County
39.30063,-83.960879,Kroger Pharmacy #01400395,Moderna - Ages 12 years and older,(937) 783-0270,www.krogerhealth.com,https://www.kroger.com/i/coronavirus-update/vaccine,1001 CHERRY ST STE A,BLANCHESTER,45107,Clinton County
41.690801,-83.703007,Rite Aid #RA102354,Pfizer-BioNTech - Ages 12 years and older,419-885-2989,https://www.riteaid.com,https://www.riteaid.com/pharmacy/scheduler,4018 NORTH MCCORD ROAD,SYLVANIA,43560-3264,Lucas County
39.855926,-82.831917,Kroger Pharmacy #01600851,Moderna - Ages 12 years and older,(614) 834-2805,www.krogerhealth.com,https://www.kroger.com/i/coronavirus-update/vaccine,6095 GENDER RD,CANAL WINCHESTER,43110,Franklin County
39.906665,-82.779293,Kroger Pharmacy #01600538,Moderna - Ages 12 years and older,(614) 759-2765,www.krogerhealth.com,https://www.kroger.com/i/coronavirus-update/vaccine,1045 HILL RD N,PICKERINGTON,43147,Fairfield County
41.099702,-81.645278,"CVS Pharmacy, Inc. #03092",Pfizer-BioNTech - Ages 12 years and older,(330) 666-4101,https://www.cvs.com/store-locator/details-directions/003092,https://www.cvs.com/immunizations/covid-19-vaccine,1410 CLEVELAND-MASSILLON RD,COPLEY,44321,Summit County
41.163266,-83.415488,Kroger Pharmacy #01600856,Moderna - Ages 12 years and older,(419) 435-4190,www.krogerhealth.com,https://www.kroger.com/i/coronavirus-update/vaccine,126 W HIGH ST,FOSTORIA,44830,Seneca County
41.461876,-81.479802,"CVS Pharmacy, Inc. #03301",Moderna - Ages 12 years and older,(216) 831-1466,https://www.cvs.com/store-locator/details-directions/003301,https://www.cvs.com/immunizations/covid-19-vaccine,28100 CHAGRIN BLVD.,WOODMERE,44122,Cuyahoga County
39.355943,-82.975399,"CVS Pharmacy, Inc. #06190",Novavax - Ages 12 years and older,(740) 702-1108,https://www.cvs.com/store-locator/details-directions/006190,https://www.cvs.com/immunizations/covid-19-vaccine,1021 NORTH BRIDGE ST.,CHILLICOTHE,45601,Ross County
39.356075,-84.360941,"CVS Pharmacy, Inc. #16864",Novavax - Ages 12 years and older,(513) 712-1002,https://www.cvs.com/store-locator/details-directions/016864,https://www.cvs.com/immunizations/covid-19-vaccine,7644 VOICE OF AMERICA CENTER DR,WEST CHESTER,45069,Butler County
40.823615,-81.933382,Rite Aid #RA103028,Pfizer-BioNTech - Ages 12 years and older,330-262-9045,https://www.riteaid.com,https://www.riteaid.com/pharmacy/scheduler,1955 CLEVELAND ROAD,WOOSTER,44691-2256,Wayne County
39.220322,-84.519106,Kroger Pharmacy #01400384,Moderna - Ages 6 months through 11 years,(513) 728-8650,www.krogerhealth.com,https://www.kroger.com/i/coronavirus-update/vaccine,8421 WINTON RD,CINCINNATI,45231,Hamilton County
39.210287,-84.475895,Kroger Pharmacy #01400405,Moderna - Ages 12 years and older,(513) 821-9660,www.krogerhealth.com,https://www.kroger.com/i/coronavirus-update/vaccine,8241 VINE ST,CINCINNATI,45216,Hamilton County
39.144703,-84.429539,Kroger Pharmacy #01400355,Moderna - Ages 12 years and older,(513) 871-0725,www.krogerhealth.com,https://www.kroger.com/i/coronavirus-update/vaccine,3760 PAXTON AVE,CINCINNATI,45209,Hamilton County
39.494878,-84.328122,Kroger Pharmacy #01400441,Pfizer-BioNTech - Ages 12 years and older,(513) 217-2150,www.krogerhealth.com,https://www.kroger.com/i/coronavirus-update/vaccine,3420 TOWNE BLVD,MIDDLETOWN,45005,Warren County
39.162597,-84.275119,"CVS Pharmacy, Inc. #16732",Novavax - Ages 12 years and older,(513) 831-5167,https://www.cvs.com/store-locator/details-directions/016732,https://www.cvs.com/immunizations/covid-19-vaccine,100 RIVERS EDGE,MILFORD,45150,Clermont County
41.032509,-82.012826,"CVS Pharmacy, Inc. #03183",Pfizer-BioNTech - Ages 5 through 11 years,(330) 948-4413,https://www.cvs.com/store-locator/details-directions/003183,https://www.cvs.com/immunizations/covid-19-vaccine,116 AINSWORTH ST,LODI,44254,Medina County
39.325026,-84.636917,"CVS Pharmacy, Inc. #05433",Novavax - Ages 12 years and older,(513) 738-4666,https://www.cvs.com/store-locator/details-directions/005433,https://www.cvs.com/immunizations/covid-19-vaccine,3733 HAMILTON-CLEVES ROAD,HAMILTON,45013,Butler County
41.291922,-80.84859,Rite Aid #RA100713,Moderna - Ages 12 years and older,330-847-0016,https://www.riteaid.com,https://www.riteaid.com/pharmacy/scheduler,5001 MAHONING AVENUE,WARREN,44483-1407,Trumbull County
41.261683,-81.344448,"CVS Pharmacy, Inc. #04807",Pfizer-BioNTech - Ages 5 through 11 years,(330) 626-1866,https://www.cvs.com/store-locator/details-directions/004807,https://www.cvs.com/immunizations/covid-19-vaccine,9940 STATE ROUTE 43,STREETSBORO,44241,Portage County
40.165036,-83.01566,Walmart Inc #10-2725,Moderna - Ages 6 months through 11 years,7406571341,https://www.walmart.com/store/2725,https://www.walmart.com/pharmacy/clinical-services/immunization/scheduled?imzType=covid,8659 Columbus Pike,Lewis Center,43035-9699,Delaware County
41.461898,-81.477325,Rite Aid #RA103041,Pfizer-BioNTech - Ages 12 years and older,216-831-1616,https://www.riteaid.com,https://www.riteaid.com/pharmacy/scheduler,28600 CHAGRIN BOULEVARD,BEACHWOOD,44122-4532,Cuyahoga County
41.083528,-81.569904,"CVS Pharmacy, Inc. #11372",Novavax - Ages 12 years and older,(330) 867-8780,https://www.cvs.com/store-locator/details-directions/011372,https://www.cvs.com/immunizations/covid-19-vaccine,1323 COPLEY RD.,AKRON,44320,Summit County
41.452903,-82.701622,"CVS Pharmacy, Inc. #02345",Moderna - Ages 12 years and older,(419) 625-2284,https://www.cvs.com/store-locator/details-directions/002345,https://www.cvs.com/immunizations/covid-19-vaccine,513 EAST MONROE STREET,SANDUSKY,44870,Erie County
39.430426,-84.597537,Meijer #135,Moderna - Ages 6 months through 11 years,513-896-2610,https://www.meijer.com/services/pharmacy.html,https://rx.meijer.com/appt/SV0001,1560 Main Street,Hamilton,45013,Butler County
39.861497,-84.310753,Rite Aid #RA100794,Moderna - Ages 12 years and older,937-836-5204,https://www.riteaid.com,https://www.riteaid.com/pharmacy/scheduler,900 UNION BLVD,ENGLEWOOD,45322-2221,Montgomery County
40.054131,-82.867512,Kroger Pharmacy #01600871,Moderna - Ages 12 years and older,(614) 418-1529,www.krogerhealth.com,https://www.kroger.com/i/coronavirus-update/vaccine,1365 STONERIDGE DR,GAHANNA,43230,Franklin County
41.36627,-81.512667,Sams Club #10-6302,Moderna - Ages 6 months through 11 years,4402322582,https://www.samsclub.com/club/6302,https://www.samsclub.com/pharmacy/immunization?imzType=covid,23300 Broadway Ave,Oakwood Villiage,44146-6016,Cuyahoga County
40.75059,-81.373882,Rite Aid #RA102409,Moderna - Ages 12 years and older,330-484-3947,https://www.riteaid.com,https://www.riteaid.com/pharmacy/scheduler,4042 CLEVELAND AVENUE SOUTH,CANTON,44707-1334,Stark County
41.110657,-83.206677,"CVS Pharmacy, Inc. #07997",Pfizer-BioNTech - Ages 5 through 11 years,(419) 455-9071,https://www.cvs.com/store-locator/details-directions/007997,https://www.cvs.com/immunizations/covid-19-vaccine,733 WEST MARKET STREET,TIFFIN,44883,Seneca County
41.384337,-83.322572,"CVS Pharmacy, Inc. #11049",Pfizer-BioNTech - Ages 12 years and older,(419) 637-7441,https://www.cvs.com/store-locator/details-directions/011049,https://www.cvs.com/immunizations/covid-19-vaccine,241 W. MADISON ST.,GIBSONBURG,43431,Sandusky County
41.367156,-82.10139,Rite Aid #RA104245,Pfizer-BioNTech - Ages 12 years and older,440-322-7780,https://www.riteaid.com,https://www.riteaid.com/pharmacy/scheduler,142 BROAD STREET,ELYRIA,44035-5591,Lorain County
39.17078,-84.44954,"CVS Pharmacy, Inc. #06111",Pfizer-BioNTech - Ages 12 years and older,(513) 731-2600,https://www.cvs.com/store-locator/details-directions/006111,https://www.cvs.com/immunizations/covid-19-vaccine,5229 MONTGOMERY RD.,NORWOOD,45212,Hamilton County
40.476984,-82.541665,Rite Aid #RA103266,Moderna - Ages 12 years and older,740-694-5717,https://www.riteaid.com,https://www.riteaid.com/pharmacy/scheduler,117 SOUTH MAIN STREET,FREDERICKTOWN,43019-1225,Knox County
39.221733,-83.607985,"CVS Pharmacy, Inc. #03446",Novavax - Ages 12 years and older,(937) 393-4218,https://www.cvs.com/store-locator/details-directions/003446,https://www.cvs.com/immunizations/covid-19-vaccine,1400 N. HIGH ST,HILLSBORO,45133,Highland County
40.097777,-83.122271,Kroger Pharmacy #01600350,Moderna - Ages 6 months through 11 years,(614) 889-0710,www.krogerhealth.com,https://www.kroger.com/i/coronavirus-update/vaccine,299 W BRIDGE ST,DUBLIN,43017,Franklin County
41.711467,-83.500647,Rite Aid #RA102339,Moderna - Ages 12 years and older,419-729-9934,https://www.riteaid.com,https://www.riteaid.com/pharmacy/scheduler,5033 SUDER AVENUE,TOLEDO,43611-1458,Lucas County
39.888268,-84.046725,Rite Aid #RA101187,Moderna - Ages 12 years and older,937-849-1366,https://www.riteaid.com,https://www.riteaid.com/pharmacy/scheduler,564 MCADAMS DRIVE,NEW CARLISLE,45344-2501,Clark County
41.462206,-82.009632,"CVS Pharmacy, Inc. #16666",Pfizer-BioNTech - Ages 12 years and older,(440) 937-4308,https://www.cvs.com/store-locator/details-directions/016666,https://www.cvs.com/immunizations/covid-19-vaccine,35830 DETROIT RD,AVON,44011,Lorain County
41.099702,-81.645278,"CVS Pharmacy, Inc. #03092",Novavax - Ages 12 years and older,(330) 666-4101,https://www.cvs.com/store-locator/details-directions/003092,https://www.cvs.com/immunizations/covid-19-vaccine,1410 CLEVELAND-MASSILLON RD,COPLEY,44321,Summit County
39.412382,-81.428757,Kroger Pharmacy #02900776,Moderna - Ages 6 months through 11 years,(740) 374-2523,www.krogerhealth.com,https://www.kroger.com/i/coronavirus-update/vaccine,40 ACME ST,MARIETTA,45750,Washington County
39.920234,-83.121221,Kroger Pharmacy #01600519,Pfizer-BioNTech - Ages 5 through 11 years,(614) 878-1664,www.krogerhealth.com,https://www.kroger.com/i/coronavirus-update/vaccine,1585 GEORGESVILLE SQUARE DR,COLUMBUS,43228,Franklin County
39.250951,-84.2955,"CVS Pharmacy, Inc. #06085",Novavax - Ages 12 years and older,(513) 683-0400,https://www.cvs.com/store-locator/details-directions/006085,https://www.cvs.com/immunizations/covid-19-vaccine,10554 LOVELAND-MADERIA ROAD,LOVELAND,45140,Hamilton County
39.128468,-84.509274,Kroger Pharmacy #01400929,Moderna - Ages 6 months through 11 years,(513) 872-1520,www.krogerhealth.com,https://www.kroger.com/i/coronavirus-update/vaccine,1 W CORRY STREET,CINCINNATI,45219,Hamilton County
41.112729,-83.208602,Kroger Pharmacy #01600594,Moderna - Ages 12 years and older,(419) 447-8304,www.krogerhealth.com,https://www.kroger.com/i/coronavirus-update/vaccine,790 W MARKET ST,TIFFIN,44883,Seneca County
40.889089,-84.578717,Walmart Inc #10-1333,Moderna - Ages 6 months through 11 years,4192385662,https://www.walmart.com/store/1333,https://www.walmart.com/pharmacy/clinical-services/immunization/scheduled?imzType=covid,301 Town Center Blvd,Van Wert,45891-9087,Van Wert County
41.675186,-81.315811,"CVS Pharmacy, Inc. #03326",Pfizer-BioNTech - Ages 5 through 11 years,(440) 255-9159,https://www.cvs.com/store-locator/details-directions/003326,https://www.cvs.com/immunizations/covid-19-vaccine,9040 MENTOR AVE,MENTOR,44060,Lake County
39.158416,-84.618936,"CVS Pharmacy, Inc. #06129",Moderna - Ages 6 months through 11 years,(513) 574-1770,https://www.cvs.com/store-locator/details-directions/006129,https://www.cvs.com/immunizations/covid-19-vaccine,4110 HARRISON AVE.,CHEVIOT,45211,Hamilton County
39.494878,-84.328122,Kroger Pharmacy #01400441,Moderna - Ages 12 years and older,(513) 217-2150,www.krogerhealth.com,https://www.kroger.com/i/coronavirus-update/vaccine,3420 TOWNE BLVD,MIDDLETOWN,45005,Warren County
39.942643,-83.830398,Meijer #66,Moderna - Ages 12 years and older,937-323-1298,https://www.meijer.com/services/pharmacy.html,https://rx.meijer.com/appt/SV0001,1500 Hillcrest Ave,Springfield,45504,Clark County
39.358193,-84.280923,"CVS Pharmacy, Inc. #02840",Pfizer-BioNTech - Ages 5 through 11 years,(513) 398-7609,https://www.cvs.com/store-locator/details-directions/002840,https://www.cvs.com/immunizations/covid-19-vaccine,5525 PARKSIDE DR.,MASON,45040,Warren County
39.128726,-84.430827,"CVS Pharmacy, Inc. #06110",Novavax - Ages 12 years and older,(513) 321-2470,https://www.cvs.com/store-locator/details-directions/006110,https://www.cvs.com/immunizations/covid-19-vaccine,3195 LINWOOD AVE.,CINCINNATI,45208,Hamilton County
38.531378,-82.681535,"CVS Pharmacy, Inc. #03474",Pfizer-BioNTech - Ages 12 years and older,(740) 532-4354,https://www.cvs.com/store-locator/details-directions/003474,https://www.cvs.com/immunizations/covid-19-vaccine,320 JEFFERSON ST.,IRONTON,45638,Lawrence County
41.188609,-80.980761,Rite Aid #RA104280,Pfizer-BioNTech - Ages 12 years and older,330-872-4442,https://www.riteaid.com,https://www.riteaid.com/pharmacy/scheduler,325 WEST BROAD STREET,NEWTON FALLS,44444-1712,Trumbull County
39.946432,-83.853477,"CVS Pharmacy, Inc. #03468",Novavax - Ages 12 years and older,(937) 323-9129,https://www.cvs.com/store-locator/details-directions/003468,https://www.cvs.com/immunizations/covid-19-vaccine,1493 UPPER VALLEY PIKE,SPRINGFIELD,45504,Clark County
41.273599,-82.842564,"CVS Pharmacy, Inc. #06177",Novavax - Ages 12 years and older,(419) 483-2455,https://www.cvs.com/store-locator/details-directions/006177,https://www.cvs.com/immunizations/covid-19-vaccine,201 WEST MAIN STREET,BELLEVUE,44811,Sandusky County
38.729508,-82.86031,Rite Aid #RA101897,Moderna - Ages 6 months through 11 years,740-574-5054,https://www.riteaid.com,https://www.riteaid.com/pharmacy/scheduler,8130 OHIO RIVER ROAD,WHEELERSBURG,45694-1625,Scioto County
41.434112,-81.879542,"CVS Pharmacy, Inc. #03339",Pfizer-BioNTech - Ages 12 years and older,(440) 686-1586,https://www.cvs.com/store-locator/details-directions/003339,https://www.cvs.com/immunizations/covid-19-vaccine,23351 LORAIN ROAD,NORTH OLMSTED,44070,Cuyahoga County
40.062775,-83.044235,"CVS Pharmacy, Inc. #05918",Novavax - Ages 12 years and older,(614) 459-9521,https://www.cvs.com/store-locator/details-directions/005918,https://www.cvs.com/immunizations/covid-19-vaccine,933 BETHEL ROAD,COLUMBUS,43214,Franklin County
41.171751,-82.218002,Rite Aid #RA102590,Moderna - Ages 12 years and older,440-647-2121,https://www.riteaid.com,https://www.riteaid.com/pharmacy/scheduler,267 NORTH MAIN STREET,WELLINGTON,44090-1045,Lorain County
40.032155,-82.451313,"CVS Pharmacy, Inc. #16383",Novavax - Ages 12 years and older,(740) 788-8588,https://www.cvs.com/store-locator/details-directions/016383,https://www.cvs.com/immunizations/covid-19-vaccine,270 AIRPORT PKWY,HEATH,43056,Licking County
41.430061,-82.207895,Walmart Inc #10-1839,Moderna - Ages 6 months through 11 years,4403244104,https://www.walmart.com/store/1839,https://www.walmart.com/pharmacy/clinical-services/immunization/scheduled?imzType=covid,4380 Leavitt Rd,Lorain,44053-2370,Lorain County
39.857593,-84.275941,Meijer #106,Moderna - Ages 12 years and older,937-836-7533,https://www.meijer.com/services/pharmacy.html,https://rx.meijer.com/appt/SV0001,9200 N Main Street,Englewood,45415,Montgomery County
41.36627,-81.512667,Sams Club #10-6302,Pfizer-BioNTech - Ages 12 years and older,4402322582,https://www.samsclub.com/club/6302,https://www.samsclub.com/pharmacy/immunization?imzType=covid,23300 Broadway Ave,Oakwood Villiage,44146-6016,Cuyahoga County
39.336238,-84.562355,Kroger Pharmacy #01400939,Moderna - Ages 12 years and older,(513) 829-2005,www.krogerhealth.com,https://www.kroger.com/i/coronavirus-update/vaccine,560 WESSEL DR,FAIRFIELD,45014,Butler County
40.823391,-81.501765,Rite Aid #RA102413,Moderna - Ages 12 years and older,330-833-3194,https://www.riteaid.com,https://www.riteaid.com/pharmacy/scheduler,2110 WALES AVENUE NORTHEAST,MASSILLON,44646-2302,Stark County
39.31753,-84.316165,Kroger Pharmacy #01400448,Pfizer-BioNTech - Ages 12 years and older,(513) 229-5920,www.krogerhealth.com,https://www.kroger.com/i/coronavirus-update/vaccine,5100 TERRA FIRMA DR,MASON,45040,Warren County
40.058422,-82.972838,Kroger Pharmacy #01600593,Moderna - Ages 6 months through 11 years,(614) 405-9401,www.krogerhealth.com,https://www.kroger.com/i/coronavirus-update/vaccine,1745 MORSE RD,COLUMBUS,43229,Franklin County
41.47396,-84.569632,Rite Aid #RA102347,Pfizer-BioNTech - Ages 12 years and older,419-636-6142,https://www.riteaid.com,https://www.riteaid.com/pharmacy/scheduler,1221 WEST HIGH STREET,BRYAN,43506-1543,Williams County
41.488126,-81.769363,"CVS Pharmacy, Inc. #03329",Novavax - Ages 12 years and older,(216) 228-9296,https://www.cvs.com/store-locator/details-directions/003329,https://www.cvs.com/immunizations/covid-19-vaccine,11706 CLIFTON BOULEVARD,LAKEWOOD,44107,Cuyahoga County
40.374434,-80.704334,Kroger Pharmacy #01600963,Pfizer-BioNTech - Ages 5 through 11 years,(740) 264-5030,www.krogerhealth.com,https://www.kroger.com/i/coronavirus-update/vaccine,858 MAIN ST,WINTERSVILLE,43953,Jefferson County
41.132736,-81.466416,Rite Aid #RA104726,Moderna - Ages 12 years and older,330-922-4466,https://www.riteaid.com,https://www.riteaid.com/pharmacy/scheduler,1914 BAILEY ROAD,CUYAHOGA FALLS,44221-4312,Summit County
39.630666,-84.212289,Walmart Inc #10-1504,Moderna - Ages 6 months through 11 years,9374352222,https://www.walmart.com/store/1504,https://www.walmart.com/pharmacy/clinical-services/immunization/scheduled?imzType=covid,8800 Kingsridge Dr,Dayton,45458-1616,Montgomery County
41.084681,-81.442044,"CVS Pharmacy, Inc. #04333",Pfizer-BioNTech - Ages 12 years and older,(330) 630-9066,https://www.cvs.com/store-locator/details-directions/004333,https://www.cvs.com/immunizations/covid-19-vaccine,2091 EASTWOOD AVENUE,AKRON,44305,Summit County
40.89398,-83.890935,"CVS Pharmacy, Inc. #11213",Pfizer-BioNTech - Ages 12 years and older,(419) 369-4019,https://www.cvs.com/store-locator/details-directions/011213,https://www.cvs.com/immunizations/covid-19-vaccine,126 N. MAIN STREET,BLUFFTON,45817,Allen County
40.900987,-80.695711,Rite Aid #RA103181,Moderna - Ages 12 years and older,330-482-3854,https://www.riteaid.com,https://www.riteaid.com/pharmacy/scheduler,14973 SOUTH AVENUE,COLUMBIANA,44408-9429,Mahoning County
39.877494,-83.937658,Rite Aid #RA102303,Moderna - Ages 6 months through 11 years,937-864-1603,https://www.riteaid.com,https://www.riteaid.com/pharmacy/scheduler,101 WEST MAIN STREET,ENON,45323-1233,Clark County
41.500882,-81.537701,"CVS Pharmacy, Inc. #03347",Novavax - Ages 12 years and older,(216) 371-0877,https://www.cvs.com/store-locator/details-directions/003347,https://www.cvs.com/immunizations/covid-19-vaccine,13956 CEDAR RD.,UNIVERSITY HEIGHTS,44118,Cuyahoga County
39.291143,-84.393709,"CVS Pharmacy, Inc. #06082",Novavax - Ages 12 years and older,(513) 563-0717,https://www.cvs.com/store-locator/details-directions/006082,https://www.cvs.com/immunizations/covid-19-vaccine,4000 HAUCK RD.,SHARONVILLE,45241,Hamilton County
39.506821,-84.750599,Kroger Pharmacy #01400412,Moderna - Ages 12 years and older,(513) 523-7323,www.krogerhealth.com,https://www.kroger.com/i/coronavirus-update/vaccine,300 S LOCUST ST,OXFORD,45056,Butler County
41.285748,-81.098143,Rite Aid #RA101803,Pfizer-BioNTech - Ages 12 years and older,330-527-2828,https://www.riteaid.com,https://www.riteaid.com/pharmacy/scheduler,10764 NORTH STREET,GARRETTSVILLE,44231-1016,Portage County
39.920892,-83.746806,Walmart Inc #10-3641,Moderna - Ages 6 months through 11 years,9373252111,https://www.walmart.com/store/3641,https://www.walmart.com/pharmacy/clinical-services/immunization/scheduled?imzType=covid,200 S Tuttle Rd,Springfield,45505-1556,Clark County
40.796791,-81.418058,Rite Aid #RA102389,Moderna - Ages 12 years and older,330-478-8129,https://www.riteaid.com,https://www.riteaid.com/pharmacy/scheduler,3720 WEST TUSCARAWAS STREET,CANTON,44708-5619,Stark County
40.075741,-80.87263,Kroger Pharmacy #01600812,Moderna - Ages 12 years and older,(740) 695-7170,www.krogerhealth.com,https://www.kroger.com/i/coronavirus-update/vaccine,50789 VALLEY PLAZA DR,ST CLAIRSVILLE,43950,Belmont County
41.150309,-84.581581,Rite Aid #RA102372,Pfizer-BioNTech - Ages 12 years and older,419-399-5348,https://www.riteaid.com,https://www.riteaid.com/pharmacy/scheduler,1000 NORTH WILLIAMS STREET,PAULDING,45879-1076,Paulding County
41.050583,-80.616324,Rite Aid #RA103147,Moderna - Ages 12 years and older,330-755-2421,https://www.riteaid.com,https://www.riteaid.com/pharmacy/scheduler,4914 YOUNGSTOWN-POLAND ROAD,YOUNGSTOWN,44514-1152,Mahoning County
39.378893,-84.219138,"CVS Pharmacy, Inc. #17533",Pfizer-BioNTech - Ages 12 years and older,(513) 494-0701,https://www.cvs.com/store-locator/details-directions/017533,https://www.cvs.com/immunizations/covid-19-vaccine,400 CORWIN NIXON BLVD,SOUTH LEBANON,45065,Warren County
41.155987,-80.585721,"CVS Pharmacy, Inc. #03044",Novavax - Ages 12 years and older,(330) 534-3141,https://www.cvs.com/store-locator/details-directions/003044,https://www.cvs.com/immunizations/covid-19-vaccine,134 YOUNGSTOWN HUBBARD RD.,HUBBARD,44425,Trumbull County
41.580162,-83.887801,Rite Aid #RA102355,Moderna - Ages 12 years and older,419-825-1161,https://www.riteaid.com,https://www.riteaid.com/pharmacy/scheduler,105 WEST AIRPORT HIGHWAY,SWANTON,43558-1410,Fulton County
41.565988,-83.654882,Rite Aid #RA106679,Moderna - Ages 6 months through 11 years,419-893-5533,https://www.riteaid.com,https://www.riteaid.com/pharmacy/scheduler,105 GOLDEN GATE PLAZA,MAUMEE,43537-2875,Lucas County
38.736547,-82.99484,Kroger Pharmacy #01600575,Pfizer-BioNTech - Ages 5 through 11 years,(740) 354-2262,www.krogerhealth.com,https://www.kroger.com/i/coronavirus-update/vaccine,811 GAY ST,PORTSMOUTH,45662,Scioto County
40.074244,-82.429316,"CVS Pharmacy, Inc. #02405",Moderna - Ages 6 months through 11 years,(740) 366-9082,https://www.cvs.com/store-locator/details-directions/002405,https://www.cvs.com/immunizations/covid-19-vaccine,955 N. 21ST STREET,NEWARK,43055,Licking County
39.910692,-82.778111,"CVS Pharmacy, Inc. #06185",Pfizer-BioNTech - Ages 12 years and older,(614) 866-7076,https://www.cvs.com/store-locator/details-directions/006185,https://www.cvs.com/immunizations/covid-19-vaccine,1100 HILL RD. N,PICKERINGTON,43147,Fairfield County
39.747622,-84.140597,Rite Aid #RA103246,Moderna - Ages 12 years and older,937-256-3111,https://www.riteaid.com,https://www.riteaid.com/pharmacy/scheduler,2916 LINDEN AVENUE,DAYTON,45410-3027,Montgomery County
40.579769,-83.127287,"CVS Pharmacy, Inc. #03432",Moderna - Ages 12 years and older,(740) 383-6244,https://www.cvs.com/store-locator/details-directions/003432,https://www.cvs.com/immunizations/covid-19-vaccine,535 DELAWARE AVE,MARION,43302,Marion County
39.215059,-84.473411,"CVS Pharmacy, Inc. #06093",Novavax - Ages 12 years and older,(513) 821-7206,https://www.cvs.com/store-locator/details-directions/006093,https://www.cvs.com/immunizations/covid-19-vaccine,8372 VINE ST.,CINCINNATI,45216,Hamilton County
40.056564,-82.921414,"CVS Pharmacy, Inc. #16453",Novavax - Ages 12 years and older,(614) 471-3264,https://www.cvs.com/store-locator/details-directions/016453,https://www.cvs.com/immunizations/covid-19-vaccine,4199 MORSE XING,COLUMBUS,43219,Franklin County
39.965576,-83.783806,"CVS Pharmacy, Inc. #06183",Novavax - Ages 12 years and older,(937) 390-2500,https://www.cvs.com/store-locator/details-directions/006183,https://www.cvs.com/immunizations/covid-19-vaccine,2987 DERR RD.,SPRINGFIELD,45503,Clark County
40.796791,-81.418058,Rite Aid #RA102389,Pfizer-BioNTech - Ages 12 years and older,330-478-8129,https://www.riteaid.com,https://www.riteaid.com/pharmacy/scheduler,3720 WEST TUSCARAWAS STREET,CANTON,44708-5619,Stark County
40.676688,-81.261606,Rite Aid #RA102437,Moderna - Ages 12 years and older,330-866-5020,https://www.riteaid.com,https://www.riteaid.com/pharmacy/scheduler,8619 WAYNESBURG DR SE,WAYNESBURG,44688-9549,Stark County
39.662357,-84.103761,Kroger Pharmacy #01400960,Pfizer-BioNTech - Ages 12 years and older,(937) 528-7060,www.krogerhealth.com,https://www.kroger.com/i/coronavirus-update/vaccine,5400 CORNERSTONE NORTH BLVD,KETTERING,45440,Greene County
41.265162,-81.506549,Costco Wholesale Corporation #1226,Novavax - Ages 12 years and older,(330)-341-7010,https://www.costco.com/pharmacy/adult-immunization-program.html,https://www.costco.com/pharmacy/adult-immunization-program.html,6720 BASS PRO DRIVE,BOSTON HEIGHTS,44236,Summit County
41.309151,-82.974266,Rite Aid #RA103230,Moderna - Ages 12 years and older,419-547-7991,https://www.riteaid.com,https://www.riteaid.com/pharmacy/scheduler,710 NORTH MAIN STREET,CLYDE,43410-1647,Sandusky County
41.494853,-81.986085,"CVS Pharmacy, Inc. #04078",Novavax - Ages 12 years and older,(440) 933-2525,https://www.cvs.com/store-locator/details-directions/004078,https://www.cvs.com/immunizations/covid-19-vaccine,375 LEAR STREET,AVON LAKE,44012,Lorain County
40.153784,-84.208563,Walmart Inc #10-3765,Moderna - Ages 6 months through 11 years,9376159924,https://www.walmart.com/store/3765,https://www.walmart.com/pharmacy/clinical-services/immunization/scheduled?imzType=covid,1300 E Ash St,Piqua,45356-4100,Miami County
40.108248,-82.927466,Kroger Pharmacy #01600920,Pfizer-BioNTech - Ages 5 through 11 years,(614) 890-8869,www.krogerhealth.com,https://www.kroger.com/i/coronavirus-update/vaccine,55 W SCHROCK RD,WESTERVILLE,43081,Franklin County
41.698934,-83.654293,"CVS Pharmacy, Inc. #16165",Novavax - Ages 12 years and older,(419) 843-1622,https://www.cvs.com/store-locator/details-directions/016165,https://www.cvs.com/immunizations/covid-19-vaccine,5225 MONROE ST,TOLEDO,43623,Lucas County
40.396033,-81.346903,Rite Aid #RA102414,Moderna - Ages 12 years and older,740-922-7587,https://www.riteaid.com,https://www.riteaid.com/pharmacy/scheduler,735 NORTH WATER STREET,UHRICHSVILLE,44683-1455,Tuscarawas County
40.75256,-84.152252,Walmart Inc #10-1330,Pfizer-BioNTech - Ages 12 years and older,4192243168,https://www.walmart.com/store/1330,https://www.walmart.com/pharmacy/clinical-services/immunization/scheduled?imzType=covid,2450 Allentown Rd,Lima,45805-1712,Allen County
41.283783,-84.328218,Kroger Pharmacy #02100936,Moderna - Ages 12 years and older,(419) 782-8079,www.krogerhealth.com,https://www.kroger.com/i/coronavirus-update/vaccine,1890 E SECOND ST,DEFIANCE,43512,Defiance County
39.966375,-83.786792,Kroger Pharmacy #01400741,Moderna - Ages 12 years and older,(937) 390-0767,www.krogerhealth.com,https://www.kroger.com/i/coronavirus-update/vaccine,2989 DERR RD,SPRINGFIELD,45503,Clark County
41.044655,-83.649597,Rite Aid #RA104736,Moderna - Ages 12 years and older,419-420-9485,https://www.riteaid.com,https://www.riteaid.com/pharmacy/scheduler,301 NORTH MAIN STREET,FINDLAY,45840-3503,Hancock County
41.689036,-83.723981,"CVS Pharmacy, Inc. #10457",Novavax - Ages 12 years and older,(419) 841-1832,https://www.cvs.com/store-locator/details-directions/010457,https://www.cvs.com/immunizations/covid-19-vaccine,7510 SYLVANIA AVE.,SYLVANIA,43560,Lucas County
39.430606,-81.464544,Kroger Pharmacy #02900800,Pfizer-BioNTech - Ages 12 years and older,(740) 434-0140,www.krogerhealth.com,https://www.kroger.com/i/coronavirus-update/vaccine,401 MATTHEW STREET SUITE 100,MARIETTA,45750,Washington County
39.841199,-83.075145,Kroger Pharmacy #01600842,Moderna - Ages 6 months through 11 years,(614) 277-3405,www.krogerhealth.com,https://www.kroger.com/i/coronavirus-update/vaccine,5965 HOOVER RD,GROVE CITY,43123,Franklin County
41.523955,-81.44661,Costco Wholesale Corporation #344,Novavax - Ages 12 years and older,(440)-544-1352,https://www.costco.com/pharmacy/adult-immunization-program.html,https://www.costco.com/pharmacy/adult-immunization-program.html,1409 GOLDEN GATE BLVD,CLEVELAND,44124,Cuyahoga County
39.332488,-83.016677,"CVS Pharmacy, Inc. #06189",Pfizer-BioNTech - Ages 12 years and older,(740) 702-1100,https://www.cvs.com/store-locator/details-directions/006189,https://www.cvs.com/immunizations/covid-19-vaccine,11 CENTENNIAL BLVD.,CHILLICOTHE,45601,Ross County
41.057075,-83.599751,Meijer #51,Moderna - Ages 6 months through 11 years,419-423-7141,https://www.meijer.com/services/pharmacy.html,https://rx.meijer.com/appt/SV0001,2200 Tiffin Ave,Findlay,45840,Hancock County
41.285354,-81.439783,"CVS Pharmacy, Inc. #08932",Pfizer-BioNTech - Ages 5 through 11 years,(330) 425-1344,https://www.cvs.com/store-locator/details-directions/008932,https://www.cvs.com/immunizations/covid-19-vaccine,8059 DARROW RD.,TWINSBURG,44087,Summit County
41.675596,-83.717921,Meijer #117,Moderna - Ages 6 months through 11 years,419-843-8310,https://www.meijer.com/services/pharmacy.html,https://rx.meijer.com/appt/SV0001,7240 W Central Ave,Toledo,43617,Lucas County
41.46002,-84.54679,Walmart Inc #10-2191,Pfizer-BioNTech - Ages 12 years and older,4196361535,https://www.walmart.com/store/2191,https://www.walmart.com/pharmacy/clinical-services/immunization/scheduled?imzType=covid,1215 S Main St,Bryan,43506-2442,Williams County
41.039966,-81.690301,"CVS Pharmacy, Inc. #17202",Novavax - Ages 12 years and older,(330) 335-2627,https://www.cvs.com/store-locator/details-directions/017202,https://www.cvs.com/immunizations/covid-19-vaccine,1183 WILLIAMS RESERVE BLVD,WADSWORTH,44281,Medina County
39.356075,-84.360941,"CVS Pharmacy, Inc. #16864",Pfizer-BioNTech - Ages 5 through 11 years,(513) 712-1002,https://www.cvs.com/store-locator/details-directions/016864,https://www.cvs.com/immunizations/covid-19-vaccine,7644 VOICE OF AMERICA CENTER DR,WEST CHESTER,45069,Butler County
41.519929,-82.863221,Walmart Inc #10-1445,Moderna - Ages 6 months through 11 years,4197323369,https://www.walmart.com/store/1445,https://www.walmart.com/pharmacy/clinical-services/immunization/scheduled?imzType=covid,2826 E Harbor Rd,Port Clinton,43452-2611,Ottawa County
40.657133,-83.583702,Walmart Inc #10-5355,Moderna - Ages 6 months through 11 years,4196751156,https://www.walmart.com/store/5355,https://www.walmart.com/pharmacy/clinical-services/immunization/scheduled?imzType=covid,1241 E Columbus St,Kenton,43326-1750,Hardin County
41.044446,-81.729724,Rite Aid #RA104811,Pfizer-BioNTech - Ages 12 years and older,330-336-2550,https://www.riteaid.com,https://www.riteaid.com/pharmacy/scheduler,780 HIGH STREET,WADSWORTH,44281-1610,Medina County
41.675596,-83.717921,Meijer #117,Moderna - Ages 12 years and older,419-843-8310,https://www.meijer.com/services/pharmacy.html,https://rx.meijer.com/appt/SV0001,7240 W Central Ave,Toledo,43617,Lucas County
41.374667,-82.085086,"CVS Pharmacy, Inc. #03997",Pfizer-BioNTech - Ages 5 through 11 years,(440) 365-7162,https://www.cvs.com/store-locator/details-directions/003997,https://www.cvs.com/immunizations/covid-19-vaccine,443 CLEVELAND ST,ELYRIA,44035,Lorain County
41.412454,-81.928885,"CVS Pharmacy, Inc. #02587",Moderna - Ages 6 months through 11 years,(440) 716-5166,https://www.cvs.com/store-locator/details-directions/002587,https://www.cvs.com/immunizations/covid-19-vaccine,27713 LORAIN RD.,NORTH OLMSTED,44070,Cuyahoga County
40.002318,-83.155718,Kroger Pharmacy #01600867,Pfizer-BioNTech - Ages 5 through 11 years,(614) 771-4172,www.krogerhealth.com,https://www.kroger.com/i/coronavirus-update/vaccine,2525 HILLIARD ROME RD,HILLIARD,43026,Franklin County
39.847694,-82.779206,Meijer #246,Moderna - Ages 12 years and older,614-920-7210,https://www.meijer.com/services/pharmacy.html,https://rx.meijer.com/appt/SV0001,8300 Meijer Drive,Canal Winchester,43110,Fairfield County
41.135209,-81.8664,"CVS Pharmacy, Inc. #04360",Pfizer-BioNTech - Ages 12 years and older,(330) 725-1888,https://www.cvs.com/store-locator/details-directions/004360,https://www.cvs.com/immunizations/covid-19-vaccine,401 S ELMWOOD AVE,MEDINA,44256,Medina County
39.506821,-84.750599,Kroger Pharmacy #01400412,Pfizer-BioNTech - Ages 5 through 11 years,(513) 523-7323,www.krogerhealth.com,https://www.kroger.com/i/coronavirus-update/vaccine,300 S LOCUST ST,OXFORD,45056,Butler County
40.847623,-81.941547,Walmart Inc #10-1812,Moderna - Ages 12 years and older,3303458955,https://www.walmart.com/store/1812,https://www.walmart.com/pharmacy/clinical-services/immunization/scheduled?imzType=covid,3883 Burbank Rd,Wooster,44691-7220,Wayne County
40.400589,-82.45869,Kroger Pharmacy #01600820,Moderna - Ages 6 months through 11 years,(740) 393-2487,www.krogerhealth.com,https://www.kroger.com/i/coronavirus-update/vaccine,855 COSHOCTON AVE,MOUNT VERNON,43050,Knox County
41.462474,-81.769559,Rite Aid #RA103486,Moderna - Ages 6 months through 11 years,216-671-1411,https://www.riteaid.com,https://www.riteaid.com/pharmacy/scheduler,11702 LORAIN AVENUE,CLEVELAND,44111-5442,Cuyahoga County
41.636439,-83.467939,Rite Aid #RA107945,Pfizer-BioNTech - Ages 12 years and older,419-690-8269,https://www.riteaid.com,https://www.riteaid.com/pharmacy/scheduler,3362 NAVARRE AVENUE,OREGON,43616-3314,Lucas County
41.804614,-81.072076,Walmart Inc #10-3608,Moderna - Ages 6 months through 11 years,4404170010,https://www.walmart.com/store/3608,https://www.walmart.com/pharmacy/clinical-services/immunization/scheduled?imzType=covid,6067 N Ridge Rd,Madison,44057-2441,Lake County
40.032899,-82.911243,"CVS Pharmacy, Inc. #09898",Novavax - Ages 12 years and older,(614) 337-6210,https://www.cvs.com/store-locator/details-directions/009898,https://www.cvs.com/immunizations/covid-19-vaccine,2929 STELZER RD.,COLUMBUS,43219,Franklin County
40.065076,-83.02555,Kroger Pharmacy #01600819,Moderna - Ages 6 months through 11 years,(614) 410-1108,www.krogerhealth.com,https://www.kroger.com/i/coronavirus-update/vaccine,199 GRACELAND BLVD,COLUMBUS,43214,Franklin County
39.70322,-84.141124,"CVS Pharmacy, Inc. #03420",Pfizer-BioNTech - Ages 12 years and older,(937) 294-0535,https://www.cvs.com/store-locator/details-directions/003420,https://www.cvs.com/immunizations/covid-19-vaccine,1410 E DOROTHY LN,KETTERING,45429,Montgomery County
40.308373,-83.108682,"CVS Pharmacy, Inc. #06164",Moderna - Ages 12 years and older,(740) 363-8171,https://www.cvs.com/store-locator/details-directions/006164,https://www.cvs.com/immunizations/covid-19-vaccine,1725 WEST CENTRAL AVE.,DELAWARE,43015,Delaware County
39.145143,-84.620113,"CVS Pharmacy, Inc. #17534",Novavax - Ages 12 years and older,(513) 719-1077,https://www.cvs.com/store-locator/details-directions/017534,https://www.cvs.com/immunizations/covid-19-vaccine,6150 GLENWAY AVE,CINCINNATI,45211,Hamilton County
41.477669,-81.920444,"CVS Pharmacy, Inc. #02469",Pfizer-BioNTech - Ages 5 through 11 years,(440) 808-3921,https://www.cvs.com/store-locator/details-directions/002469,https://www.cvs.com/immunizations/covid-19-vaccine,625 DOVER CENTER ROAD,BAY VILLAGE,44140,Cuyahoga County
41.305122,-84.364391,Walmart Inc #10-5385,Pfizer-BioNTech - Ages 12 years and older,4197842390,https://www.walmart.com/store/5385,https://www.walmart.com/pharmacy/clinical-services/immunization/scheduled?imzType=covid,1804 N Clinton St,Defiance,43512-8556,Defiance County
39.983391,-83.145133,Walmart Inc #10-2426,Moderna - Ages 6 months through 11 years,6148767850,https://www.walmart.com/store/2426,https://www.walmart.com/pharmacy/clinical-services/immunization/scheduled?imzType=covid,5200 Westpointe Plaza Dr,Columbus,43228-9126,Franklin County
39.772274,-84.058369,Sams Club #10-6517,Moderna - Ages 12 years and older,9374261511,https://www.samsclub.com/club/6517,https://www.samsclub.com/pharmacy/immunization?imzType=covid,3446 Pentagon Blvd,Beavercreek,45431-1704,Greene County
39.935067,-82.96385,"CVS Pharmacy, Inc. #03238",Novavax - Ages 12 years and older,(614) 449-9771,https://www.cvs.com/store-locator/details-directions/003238,https://www.cvs.com/immunizations/covid-19-vaccine,1500 LOCKBOURNE RD,COLUMBUS,43206,Franklin County
41.503207,-81.632887,"CVS Pharmacy, Inc. #04803",Novavax - Ages 12 years and older,(216) 721-4000,https://www.cvs.com/store-locator/details-directions/004803,https://www.cvs.com/immunizations/covid-19-vaccine,8000 EUCLID AVE.,CLEVELAND,44103,Cuyahoga County
41.594419,-81.549294,Rite Aid #RA104071,Pfizer-BioNTech - Ages 12 years and older,216-383-7600,https://www.riteaid.com,https://www.riteaid.com/pharmacy/scheduler,475 E 185TH STREET,EUCLID,44119-1355,Cuyahoga County
40.053507,-82.908279,Costco Wholesale Corporation #1160,Pfizer-BioNTech - Ages 12 years and older,(614)-934-6221,https://www.costco.com/pharmacy/adult-immunization-program.html,https://www.costco.com/pharmacy/adult-immunization-program.html,3888 STELZER ROAD,COLUMBUS,43219,Franklin County
40.108248,-82.927466,Kroger Pharmacy #01600920,Moderna - Ages 12 years and older,(614) 890-8869,www.krogerhealth.com,https://www.kroger.com/i/coronavirus-update/vaccine,55 W SCHROCK RD,WESTERVILLE,43081,Franklin County
41.113941,-81.577875,"CVS Pharmacy, Inc. #03306",Novavax - Ages 12 years and older,(330) 867-5410,https://www.cvs.com/store-locator/details-directions/003306,https://www.cvs.com/immunizations/covid-19-vaccine,1949 WEST MARKET STREET,AKRON,44313,Summit County
40.966178,-81.340328,"CVS Pharmacy, Inc. #04802",Novavax - Ages 12 years and older,(330) 877-0311,https://www.cvs.com/store-locator/details-directions/004802,https://www.cvs.com/immunizations/covid-19-vaccine,600 WEST MAPLE ST.,HARTVILLE,44632,Stark County
41.364439,-83.132985,Kroger Pharmacy #01600536,Moderna - Ages 12 years and older,(419) 332-9187,www.krogerhealth.com,https://www.kroger.com/i/coronavirus-update/vaccine,1700 CEDAR ST,FREMONT,43420,Sandusky County
39.035963,-84.232984,Kroger Pharmacy #01400468,Pfizer-BioNTech - Ages 12 years and older,(513) 718-2220,www.krogerhealth.com,https://www.kroger.com/i/coronavirus-update/vaccine,262 W MAIN ST,AMELIA,45102,Clermont County
39.861497,-84.310753,Rite Aid #RA100794,Pfizer-BioNTech - Ages 12 years and older,937-836-5204,https://www.riteaid.com,https://www.riteaid.com/pharmacy/scheduler,900 UNION BLVD,ENGLEWOOD,45322-2221,Montgomery County
40.312673,-83.110559,Kroger Pharmacy #01600804,Moderna - Ages 6 months through 11 years,(740) 362-8426,www.krogerhealth.com,https://www.kroger.com/i/coronavirus-update/vaccine,801 N HOUK RD,DELAWARE,43015,Delaware County
39.480565,-84.420641,"CVS Pharmacy, Inc. #06133",Pfizer-BioNTech - Ages 12 years and older,(513) 423-9243,https://www.cvs.com/store-locator/details-directions/006133,https://www.cvs.com/immunizations/covid-19-vaccine,440 OXFORD STATE RD.,MIDDLETOWN,45044,Butler County
39.501501,-84.355971,"CVS Pharmacy, Inc. #06954",Novavax - Ages 12 years and older,(513) 424-4911,https://www.cvs.com/store-locator/details-directions/006954,https://www.cvs.com/immunizations/covid-19-vaccine,820 S BREIEL BLVD,MIDDLETOWN,45044,Butler County
41.534215,-83.632848,Costco Wholesale Corporation #1194,Moderna - Ages 12 years and older,(567)-368-6010,https://www.costco.com/pharmacy/adult-immunization-program.html,https://www.costco.com/pharmacy/adult-immunization-program.html,26400 N.DIXIE HWY,PERRYSBURG,43551,Wood County
39.955217,-82.772382,"CVS Pharmacy, Inc. #01756",Pfizer-BioNTech - Ages 12 years and older,(614) 863-2000,https://www.cvs.com/store-locator/details-directions/001756,https://www.cvs.com/immunizations/covid-19-vaccine,8467 E. MAIN ST.,REYNOLDSBURG,43068,Licking County
41.374643,-83.119829,Walmart Inc #10-1429,Moderna - Ages 6 months through 11 years,4193343190,https://www.walmart.com/store/1429,https://www.walmart.com/pharmacy/clinical-services/immunization/scheduled?imzType=covid,2052 State Route 53,Fremont,43420-8628,Sandusky County
39.252138,-84.792048,"CVS Pharmacy, Inc. #06089",Pfizer-BioNTech - Ages 12 years and older,(513) 367-4871,https://www.cvs.com/store-locator/details-directions/006089,https://www.cvs.com/immunizations/covid-19-vaccine,10534 HARRISON AVE.,HARRISON,45030,Hamilton County
39.12761,-84.510872,"CVS Pharmacy, Inc. #02715",Pfizer-BioNTech - Ages 12 years and older,(513) 569-4301,https://www.cvs.com/store-locator/details-directions/002715,https://www.cvs.com/immunizations/covid-19-vaccine,17 WILLIAM H. TAFT RD.,CINCINNATI,45219,Hamilton County
39.161572,-84.427934,Meijer #224,Moderna - Ages 12 years and older,513-458-2464,https://www.meijer.com/services/pharmacy.html,https://rx.meijer.com/appt/SV0001,3195 Geier Drive,Cincinnati,45209,Hamilton County
40.834628,-83.232031,Walmart Inc #10-3809,Moderna - Ages 6 months through 11 years,4192943404,https://www.walmart.com/store/3809,https://www.walmart.com/pharmacy/clinical-services/immunization/scheduled?imzType=covid,1855 E Wyandot Ave,Upper Sandusky,75703-9639,Wyandot County
41.543403,-83.579951,"CVS Pharmacy, Inc. #16660",Novavax - Ages 12 years and older,(419) 872-9126,https://www.cvs.com/store-locator/details-directions/016660,https://www.cvs.com/immunizations/covid-19-vaccine,9666 OLDE US 20,ROSSFORD,43460,Wood County
39.70403,-84.124053,Kroger Pharmacy #01400825,Moderna - Ages 12 years and older,(937) 299-8437,www.krogerhealth.com,https://www.kroger.com/i/coronavirus-update/vaccine,2115 E DOROTHY LN,KETTERING,45420,Montgomery County
40.610674,-80.642273,Rite Aid #RA103603,Moderna - Ages 6 months through 11 years,330-532-5889,https://www.riteaid.com,https://www.riteaid.com/pharmacy/scheduler,220 THIRD STREET,WELLSVILLE,43968-1660,Columbiana County
41.346112,-81.819874,Walmart Inc #10-2266,Moderna - Ages 6 months through 11 years,4408260004,https://www.walmart.com/store/2266,https://www.walmart.com/pharmacy/clinical-services/immunization/scheduled?imzType=covid,8585 Pearl Rd,Strongsville,44136-1641,Cuyahoga County
39.717606,-82.577581,Kroger Pharmacy #01600801,Moderna - Ages 12 years and older,(740) 654-1019,www.krogerhealth.com,https://www.kroger.com/i/coronavirus-update/vaccine,401 N EWING ST,LANCASTER,43130,Fairfield County
40.123397,-82.980061,Kroger Pharmacy #01600879,Moderna - Ages 6 months through 11 years,(614) 841-7412,www.krogerhealth.com,https://www.kroger.com/i/coronavirus-update/vaccine,1425 WORTHINGTON CENTRE DR,WORTHINGTON,43085,Franklin County
39.639664,-84.109536,Kroger Pharmacy #01400935,Moderna - Ages 12 years and older,(937) 848-5985,www.krogerhealth.com,https://www.kroger.com/i/coronavirus-update/vaccine,6480 WILMINGTON PIKE,CENTERVILLE,45459,Greene County
41.646696,-83.522304,Rite Aid #RA102310,Moderna - Ages 12 years and older,419-691-5851,https://www.riteaid.com,https://www.riteaid.com/pharmacy/scheduler,210 MAIN STREET,TOLEDO,43605-2036,Lucas County
41.519518,-81.518883,"CVS Pharmacy, Inc. #07370",Moderna - Ages 12 years and older,(216) 382-6780,https://www.cvs.com/store-locator/details-directions/007370,https://www.cvs.com/immunizations/covid-19-vaccine,4460 MAYFIELD RD.,SOUTH EUCLID,44121,Cuyahoga County
41.188609,-80.980761,Rite Aid #RA104280,Moderna - Ages 12 years and older,330-872-4442,https://www.riteaid.com,https://www.riteaid.com/pharmacy/scheduler,325 WEST BROAD STREET,NEWTON FALLS,44444-1712,Trumbull County
41.158873,-81.440891,"CVS Pharmacy, Inc. #03360",Pfizer-BioNTech - Ages 12 years and older,(330) 688-6031,https://www.cvs.com/store-locator/details-directions/003360,https://www.cvs.com/immunizations/covid-19-vaccine,3352 KENT ROAD,STOW,44224,Summit County
39.938176,-82.78207,Sams Club #10-6326,Pfizer-BioNTech - Ages 12 years and older,6148665369,https://www.samsclub.com/club/6326,https://www.samsclub.com/pharmacy/immunization?imzType=covid,2675 Taylor Road Ext,Reynoldsburg,43068-9543,Fairfield County
39.70403,-84.124053,Kroger Pharmacy #01400825,Moderna - Ages 6 months through 11 years,(937) 299-8437,www.krogerhealth.com,https://www.kroger.com/i/coronavirus-update/vaccine,2115 E DOROTHY LN,KETTERING,45420,Montgomery County
40.092602,-83.017423,"CVS Pharmacy, Inc. #03407",Pfizer-BioNTech - Ages 12 years and older,(614) 888-6366,https://www.cvs.com/store-locator/details-directions/003407,https://www.cvs.com/immunizations/covid-19-vaccine,918 N. HIGH ST.,WORTHINGTON,43085,Franklin County
41.285354,-81.439783,"CVS Pharmacy, Inc. #08932",Novavax - Ages 12 years and older,(330) 425-1344,https://www.cvs.com/store-locator/details-directions/008932,https://www.cvs.com/immunizations/covid-19-vaccine,8059 DARROW RD.,TWINSBURG,44087,Summit County
41.154738,-81.865291,"CVS Pharmacy, Inc. #16379",Moderna - Ages 12 years and older,(330) 725-2706,https://www.cvs.com/store-locator/details-directions/016379,https://www.cvs.com/immunizations/covid-19-vaccine,1015 N COURT ST,MEDINA,44256,Medina County
39.117817,-84.59815,"CVS Pharmacy, Inc. #03246",Pfizer-BioNTech - Ages 5 through 11 years,(513) 921-0831,https://www.cvs.com/store-locator/details-directions/003246,https://www.cvs.com/immunizations/covid-19-vaccine,4840 GLENWAY AVE,CINCINNATI,45238,Hamilton County
40.238422,-83.383029,"CVS Pharmacy, Inc. #03481",Novavax - Ages 12 years and older,(937) 644-3615,https://www.cvs.com/store-locator/details-directions/003481,https://www.cvs.com/immunizations/covid-19-vaccine,969 WEST 5TH ST,MARYSVILLE,43040,Union County
39.073886,-84.347961,Kroger Pharmacy #01400915,Moderna - Ages 12 years and older,(513) 233-4420,www.krogerhealth.com,https://www.kroger.com/i/coronavirus-update/vaccine,7580 BEECHMONT AVE,CINCINNATI,45255,Hamilton County
41.351013,-82.067101,Walmart Inc #10-4255,Moderna - Ages 12 years and older,4403650135,https://www.walmart.com/store/4255,https://www.walmart.com/pharmacy/clinical-services/immunization/scheduled?imzType=covid,1000 Chestnut Commons Dr,Elyria,44035-9602,Lorain County
41.367156,-82.10139,Rite Aid #RA104245,Moderna - Ages 6 months through 11 years,440-322-7780,https://www.riteaid.com,https://www.riteaid.com/pharmacy/scheduler,142 BROAD STREET,ELYRIA,44035-5591,Lorain County
39.716117,-82.579288,Kroger Pharmacy #01600931,Moderna - Ages 6 months through 11 years,(740) 653-2369,www.krogerhealth.com,https://www.kroger.com/i/coronavirus-update/vaccine,1141 E MAIN ST,LANCASTER,43130,Fairfield County
41.636559,-83.469942,Kroger Pharmacy #01600938,Moderna - Ages 12 years and older,(419) 691-7034,www.krogerhealth.com,https://www.kroger.com/i/coronavirus-update/vaccine,3300 NAVARRE AVE,OREGON,43616,Lucas County
40.062775,-83.044235,"CVS Pharmacy, Inc. #05918",Pfizer-BioNTech - Ages 12 years and older,(614) 459-9521,https://www.cvs.com/store-locator/details-directions/005918,https://www.cvs.com/immunizations/covid-19-vaccine,933 BETHEL ROAD,COLUMBUS,43214,Franklin County
41.499572,-81.533929,"CVS Pharmacy, Inc. #16927",Novavax - Ages 12 years and older,(216) 416-0026,https://www.cvs.com/store-locator/details-directions/016927,https://www.cvs.com/immunizations/covid-19-vaccine,14070 CEDAR RD,UNIVERSITY HEIGHTS,44118,Cuyahoga County
40.156841,-83.095327,Kroger Pharmacy #01600898,Pfizer-BioNTech - Ages 5 through 11 years,(614) 889-5257,www.krogerhealth.com,https://www.kroger.com/i/coronavirus-update/vaccine,3975 W POWELL RD,POWELL,43065,Delaware County
41.350315,-81.784469,"CVS Pharmacy, Inc. #04054",Novavax - Ages 12 years and older,(440) 845-6444,https://www.cvs.com/store-locator/details-directions/004054,https://www.cvs.com/immunizations/covid-19-vaccine,8001 WEST 130TH STREET,NORTH ROYALTON,44133,Cuyahoga County
39.338349,-84.560647,"CVS Pharmacy, Inc. #06080",Pfizer-BioNTech - Ages 12 years and older,(513) 829-8050,https://www.cvs.com/store-locator/details-directions/006080,https://www.cvs.com/immunizations/covid-19-vaccine,590 NILLES RD.,FAIRFIELD,45014,Butler County
41.404141,-84.133768,Walmart Inc #10-1416,Moderna - Ages 6 months through 11 years,4195991973,https://www.walmart.com/store/1416,https://www.walmart.com/pharmacy/clinical-services/immunization/scheduled?imzType=covid,1815 Scott St,Napoleon,43545-1086,Henry County
39.64134,-84.269499,"CVS Pharmacy, Inc. #06138",Pfizer-BioNTech - Ages 5 through 11 years,(937) 866-6651,https://www.cvs.com/store-locator/details-directions/006138,https://www.cvs.com/immunizations/covid-19-vaccine,1205 EAST CENTRAL AVENUE,MIAMISBURG,45342,Montgomery County
40.271788,-81.868491,"CVS Pharmacy, Inc. #03455",Moderna - Ages 12 years and older,(740) 622-5641,https://www.cvs.com/store-locator/details-directions/003455,https://www.cvs.com/immunizations/covid-19-vaccine,200 SOUTH SECOND STREET,COSHOCTON,43812,Coshocton County
39.456303,-84.173611,Walmart Inc #10-1407,Moderna - Ages 6 months through 11 years,5139324236,https://www.walmart.com/store/1407,https://www.walmart.com/pharmacy/clinical-services/immunization/scheduled?imzType=covid,1530 Walmart Dr,Lebanon,45036-7342,Warren County
41.273599,-82.842564,"CVS Pharmacy, Inc. #06177",Pfizer-BioNTech - Ages 12 years and older,(419) 483-2455,https://www.cvs.com/store-locator/details-directions/006177,https://www.cvs.com/immunizations/covid-19-vaccine,201 WEST MAIN STREET,BELLEVUE,44811,Sandusky County
41.461876,-81.479802,"CVS Pharmacy, Inc. #03301",Moderna - Ages 6 months through 11 years,(216) 831-1466,https://www.cvs.com/store-locator/details-directions/003301,https://www.cvs.com/immunizations/covid-19-vaccine,28100 CHAGRIN BLVD.,WOODMERE,44122,Cuyahoga County
41.796666,-80.946605,Rite Aid #RA101167,Pfizer-BioNTech - Ages 12 years and older,440-466-3323,https://www.riteaid.com,https://www.riteaid.com/pharmacy/scheduler,633 SOUTH BROADWAY,GENEVA,44041-1914,Ashtabula County
39.238188,-84.350754,Kroger Pharmacy #01400351,Moderna - Ages 6 months through 11 years,(513) 793-1620,www.krogerhealth.com,https://www.kroger.com/i/coronavirus-update/vaccine,9939 MONTGOMERY RD.,CINCINNATI,45242,Hamilton County
41.432033,-82.694579,Kroger Pharmacy #01600858,Pfizer-BioNTech - Ages 5 through 11 years,(419) 239-2624,www.krogerhealth.com,https://www.kroger.com/i/coronavirus-update/vaccine,226 E PERKINS AVE,SANDUSKY,44870,Erie County
41.222533,-81.439701,"CVS Pharmacy, Inc. #04359",Novavax - Ages 12 years and older,(330) 650-0605,https://www.cvs.com/store-locator/details-directions/004359,https://www.cvs.com/immunizations/covid-19-vaccine,5783 DARROW RD.,HUDSON,44236,Summit County
41.474207,-84.55506,"CVS Pharmacy, Inc. #06181",Pfizer-BioNTech - Ages 5 through 11 years,(419) 636-5021,https://www.cvs.com/store-locator/details-directions/006181,https://www.cvs.com/immunizations/covid-19-vaccine,341 WEST HIGH ST,BRYAN,43506,Williams County
39.23572,-84.588675,"CVS Pharmacy, Inc. #16873",Pfizer-BioNTech - Ages 5 through 11 years,(513) 719-0038,https://www.cvs.com/store-locator/details-directions/016873,https://www.cvs.com/immunizations/covid-19-vaccine,9040 COLERAIN AVE,CINCINNATI,45251,Hamilton County
41.408125,-81.942371,Rite Aid #RA103155,Pfizer-BioNTech - Ages 12 years and older,440-777-4524,https://www.riteaid.com,https://www.riteaid.com/pharmacy/scheduler,29000 LORAIN ROAD,NORTH OLMSTED,44070-4016,Cuyahoga County
39.22411,-84.5481,Kroger Pharmacy #01400390,Moderna - Ages 6 months through 11 years,(513) 728-2720,www.krogerhealth.com,https://www.kroger.com/i/coronavirus-update/vaccine,7132 HAMILTON AVE,CINCINNATI,45231,Hamilton County
41.495387,-84.30757,Rite Aid #RA102583,Pfizer-BioNTech - Ages 12 years and older,419-446-2335,https://www.riteaid.com,https://www.riteaid.com/pharmacy/scheduler,1921 S. DEFIANCE ROAD,ARCHBOLD,43502-9491,Fulton County
41.258457,-80.867485,"CVS Pharmacy, Inc. #03304",Pfizer-BioNTech - Ages 5 through 11 years,(330) 898-4129,https://www.cvs.com/store-locator/details-directions/003304,https://www.cvs.com/immunizations/covid-19-vaccine,3933 PARKMAN ROAD NW,WARREN,44481,Trumbull County
39.097907,-84.263785,Meijer #148,Moderna - Ages 12 years and older,513-943-5710,https://www.meijer.com/services/pharmacy.html,https://rx.meijer.com/appt/SV0001,888 Eastgate North Rd,Cincinnati,45245,Clermont County
41.13537,-81.632149,Sams Club #10-6404,Moderna - Ages 12 years and older,3306655336,https://www.samsclub.com/club/6404,https://www.samsclub.com/pharmacy/immunization?imzType=covid,3750 W Market St Unit J,Fairlawn,44333-4802,Summit County
38.896848,-82.566625,Kroger Pharmacy #01600590,Pfizer-BioNTech - Ages 12 years and older,(740) 286-6400,www.krogerhealth.com,https://www.kroger.com/i/coronavirus-update/vaccine,530 E MAIN ST,JACKSON,45640,Jackson County
41.051456,-81.392626,"CVS Pharmacy, Inc. #03090",Pfizer-BioNTech - Ages 5 through 11 years,(330) 628-1717,https://www.cvs.com/store-locator/details-directions/003090,https://www.cvs.com/immunizations/covid-19-vaccine,3 NORTH CLEVELAND AVE.,MOGADORE,44260,Portage County
40.796042,-81.526475,Rite Aid #RA103095,Moderna - Ages 12 years and older,330-832-4774,https://www.riteaid.com,https://www.riteaid.com/pharmacy/scheduler,242 LINCOLN WAY WEST,MASSILLON,44647-6566,Stark County
40.058422,-82.972838,Kroger Pharmacy #01600593,Pfizer-BioNTech - Ages 5 through 11 years,(614) 405-9401,www.krogerhealth.com,https://www.kroger.com/i/coronavirus-update/vaccine,1745 MORSE RD,COLUMBUS,43229,Franklin County
39.716117,-82.579288,Kroger Pharmacy #01600931,Pfizer-BioNTech - Ages 5 through 11 years,(740) 653-2369,www.krogerhealth.com,https://www.kroger.com/i/coronavirus-update/vaccine,1141 E MAIN ST,LANCASTER,43130,Fairfield County
39.361023,-82.976743,Sams Club #10-4963,Moderna - Ages 6 months through 11 years,7407796700,https://www.samsclub.com/club/4963,https://www.samsclub.com/pharmacy/immunization?imzType=covid,1270 N Bridge St,Chillicothe,45601-1852,Ross County
39.910692,-82.778111,"CVS Pharmacy, Inc. #06185",Novavax - Ages 12 years and older,(614) 866-7076,https://www.cvs.com/store-locator/details-directions/006185,https://www.cvs.com/immunizations/covid-19-vaccine,1100 HILL RD. N,PICKERINGTON,43147,Fairfield County
40.053507,-82.908279,Costco Wholesale Corporation #1160,Novavax - Ages 12 years and older,(614)-934-6221,https://www.costco.com/pharmacy/adult-immunization-program.html,https://www.costco.com/pharmacy/adult-immunization-program.html,3888 STELZER ROAD,COLUMBUS,43219,Franklin County
39.955217,-82.772382,"CVS Pharmacy, Inc. #01756",Pfizer-BioNTech - Ages 5 through 11 years,(614) 863-2000,https://www.cvs.com/store-locator/details-directions/001756,https://www.cvs.com/immunizations/covid-19-vaccine,8467 E. MAIN ST.,REYNOLDSBURG,43068,Licking County
39.750002,-84.257742,"CVS Pharmacy, Inc. #03462",Pfizer-BioNTech - Ages 12 years and older,(937) 268-6816,https://www.cvs.com/store-locator/details-directions/003462,https://www.cvs.com/immunizations/covid-19-vaccine,4329 WEST 3RD ST,DAYTON,45417,Montgomery County
39.848106,-84.194609,Sams Club #10-6380,Pfizer-BioNTech - Ages 12 years and older,9374546200,https://www.samsclub.com/club/6380,https://www.samsclub.com/pharmacy/immunization?imzType=covid,6955 Miller Ln,Dayton,45414-2658,Montgomery County
39.935067,-82.96385,"CVS Pharmacy, Inc. #03238",Pfizer-BioNTech - Ages 12 years and older,(614) 449-9771,https://www.cvs.com/store-locator/details-directions/003238,https://www.cvs.com/immunizations/covid-19-vaccine,1500 LOCKBOURNE RD,COLUMBUS,43206,Franklin County
39.387819,-84.504685,"CVS Pharmacy, Inc. #17063",Novavax - Ages 12 years and older,(513) 714-0006,https://www.cvs.com/store-locator/details-directions/017063,https://www.cvs.com/immunizations/covid-19-vaccine,3369 PRINCETON RD,HAMILTON,45011,Butler County
41.503744,-83.738854,Rite Aid #RA102353,Moderna - Ages 6 months through 11 years,419-878-8384,https://www.riteaid.com,https://www.riteaid.com/pharmacy/scheduler,8239 WATERVILLE SWANTON ROAD,WATERVILLE,43566-9725,Lucas County
41.276016,-81.784399,"CVS Pharmacy, Inc. #04057",Moderna - Ages 12 years and older,(330) 225-8458,https://www.cvs.com/store-locator/details-directions/004057,https://www.cvs.com/immunizations/covid-19-vaccine,9 WEST 130TH STREET,HINCKLEY,44233,Medina County
39.806257,-84.221849,Rite Aid #RA103088,Moderna - Ages 12 years and older,937-274-1530,https://www.riteaid.com,https://www.riteaid.com/pharmacy/scheduler,4328 NORTH MAIN STREET,DAYTON,45405-5013,Montgomery County
41.508108,-83.15041,Rite Aid #RA102566,Pfizer-BioNTech - Ages 12 years and older,419-898-3911,https://www.riteaid.com,https://www.riteaid.com/pharmacy/scheduler,306 WEST WATER STREET,OAK HARBOR,43449-1336,Ottawa County
40.725014,-84.073228,Sams Club #10-6375,Moderna - Ages 6 months through 11 years,4192224050,https://www.samsclub.com/club/6375,https://www.samsclub.com/pharmacy/immunization?imzType=covid,1150 Greely Chapel Rd,Lima,45804-4162,Allen County
40.032033,-83.017708,Kroger Pharmacy #01600971,Pfizer-BioNTech - Ages 5 through 11 years,(614) 263-1796,www.krogerhealth.com,https://www.kroger.com/i/coronavirus-update/vaccine,3417 N HIGH ST,COLUMBUS,43214,Franklin County
41.113941,-81.577875,"CVS Pharmacy, Inc. #03306",Pfizer-BioNTech - Ages 12 years and older,(330) 867-5410,https://www.cvs.com/store-locator/details-directions/003306,https://www.cvs.com/immunizations/covid-19-vaccine,1949 WEST MARKET STREET,AKRON,44313,Summit County
41.875166,-80.773009,"CVS Pharmacy, Inc. #03362",Moderna - Ages 12 years and older,(440) 998-2216,https://www.cvs.com/store-locator/details-directions/003362,https://www.cvs.com/immunizations/covid-19-vaccine,1819 EAST PROSPECT ROAD,ASHTABULA,44004,Ashtabula County
41.420861,-82.674651,"CVS Pharmacy, Inc. #17241",Novavax - Ages 12 years and older,(419) 609-3341,https://www.cvs.com/store-locator/details-directions/017241,https://www.cvs.com/immunizations/covid-19-vaccine,4020 MILAN RD,SANDUSKY,44870,Erie County
40.123941,-83.086969,Walmart Inc #10-2774,Moderna - Ages 6 months through 11 years,6149436503,https://www.walmart.com/store/2774,https://www.walmart.com/pharmacy/clinical-services/immunization/scheduled?imzType=covid,7730 Sawmill Rd,Dublin,43016-9297,Franklin County
41.345375,-83.103652,"CVS Pharmacy, Inc. #03471",Pfizer-BioNTech - Ages 12 years and older,(419) 332-1505,https://www.cvs.com/store-locator/details-directions/003471,https://www.cvs.com/immunizations/covid-19-vaccine,600 E. STATE ST.,FREMONT,43420,Sandusky County
39.817452,-84.127334,Kroger Pharmacy #01400754,Pfizer-BioNTech - Ages 5 through 11 years,(937) 233-8930,www.krogerhealth.com,https://www.kroger.com/i/coronavirus-update/vaccine,4506 BRANDT PIKE,DAYTON,45424,Montgomery County
39.910196,-82.823457,"CVS Pharmacy, Inc. #05717",Pfizer-BioNTech - Ages 12 years and older,(614) 837-5588,https://www.cvs.com/store-locator/details-directions/005717,https://www.cvs.com/immunizations/covid-19-vaccine,3506 GENDER RD.,CANAL WINCHESTER,43110,Franklin County
39.892362,-82.995618,"CVS Pharmacy, Inc. #05060",Novavax - Ages 12 years and older,(614) 491-8137,https://www.cvs.com/store-locator/details-directions/005060,https://www.cvs.com/immunizations/covid-19-vaccine,3424 SOUTH HIGH ST.,COLUMBUS,43207,Franklin County
39.600437,-82.942383,"CVS Pharmacy, Inc. #06195",Novavax - Ages 12 years and older,(740) 474-7596,https://www.cvs.com/store-locator/details-directions/006195,https://www.cvs.com/immunizations/covid-19-vaccine,205 EAST MAIN ST,CIRCLEVILLE,43113,Pickaway County
39.753719,-84.138402,Kroger Pharmacy #01400751,Moderna - Ages 12 years and older,(937) 535-5820,www.krogerhealth.com,https://www.kroger.com/i/coronavirus-update/vaccine,1024 S SMITHVILLE RD,DAYTON,45403,Montgomery County
41.283648,-82.216228,"CVS Pharmacy, Inc. #04805",Pfizer-BioNTech - Ages 12 years and older,(440) 774-3531,https://www.cvs.com/store-locator/details-directions/004805,https://www.cvs.com/immunizations/covid-19-vaccine,297 S MAIN ST,OBERLIN,44074,Lorain County
41.520543,-81.437255,"CVS Pharmacy, Inc. #03343",Pfizer-BioNTech - Ages 12 years and older,(440) 442-1484,https://www.cvs.com/store-locator/details-directions/003343,https://www.cvs.com/immunizations/covid-19-vaccine,1491 SOM CENTER RD,MAYFIELD HEIGHTS,44124,Cuyahoga County
40.147133,-82.707567,Kroger Pharmacy #01600546,Moderna - Ages 6 months through 11 years,(740) 966-8310,www.krogerhealth.com,https://www.kroger.com/i/coronavirus-update/vaccine,800 W COSHOCTON ST,JOHNSTOWN,43031,Licking County
39.70322,-84.141124,"CVS Pharmacy, Inc. #03420",Novavax - Ages 12 years and older,(937) 294-0535,https://www.cvs.com/store-locator/details-directions/003420,https://www.cvs.com/immunizations/covid-19-vaccine,1410 E DOROTHY LN,KETTERING,45429,Montgomery County
39.806257,-84.221849,Rite Aid #RA103088,Moderna - Ages 6 months through 11 years,937-274-1530,https://www.riteaid.com,https://www.riteaid.com/pharmacy/scheduler,4328 NORTH MAIN STREET,DAYTON,45405-5013,Montgomery County
40.023698,-83.05749,"CVS Pharmacy, Inc. #06411",Novavax - Ages 12 years and older,(614) 326-1288,https://www.cvs.com/store-locator/details-directions/006411,https://www.cvs.com/immunizations/covid-19-vaccine,3282 TREMONT RD,UPPER ARLINGTON,43221,Franklin County
39.876206,-84.300875,"CVS Pharmacy, Inc. #07767",Novavax - Ages 12 years and older,(937) 836-3784,https://www.cvs.com/store-locator/details-directions/007767,https://www.cvs.com/immunizations/covid-19-vaccine,124 SOUTH MAIN STREET,UNION,45322,Montgomery County
41.391346,-83.648642,Kroger Pharmacy #01600878,Moderna - Ages 12 years and older,(419) 353-5116,www.krogerhealth.com,https://www.kroger.com/i/coronavirus-update/vaccine,1094 N MAIN ST,BOWLING GREEN,43402,Wood County
40.68147,-82.57023,Rite Aid #RA104010,Moderna - Ages 12 years and older,419-884-6107,https://www.riteaid.com,https://www.riteaid.com/pharmacy/scheduler,355 EAST MAIN STREET,LEXINGTON,44904-1336,Richland County
41.032509,-82.012826,"CVS Pharmacy, Inc. #03183",Novavax - Ages 12 years and older,(330) 948-4413,https://www.cvs.com/store-locator/details-directions/003183,https://www.cvs.com/immunizations/covid-19-vaccine,116 AINSWORTH ST,LODI,44254,Medina County
39.100307,-84.263263,"CVS Pharmacy, Inc. #07790",Moderna - Ages 12 years and older,(513) 943-2801,https://www.cvs.com/store-locator/details-directions/007790,https://www.cvs.com/immunizations/covid-19-vaccine,947 CINCINNATI BATAVIA PIKE,CINCINNATI,45245,Clermont County
39.174617,-84.236952,"CVS Pharmacy, Inc. #03978",Pfizer-BioNTech - Ages 12 years and older,(513) 831-8225,https://www.cvs.com/store-locator/details-directions/003978,https://www.cvs.com/immunizations/covid-19-vaccine,1137 STATE ROUTE 131,MILFORD,45150,Clermont County
39.186009,-84.26582,Meijer #157,Moderna - Ages 6 months through 11 years,513-576-5510,https://www.meijer.com/services/pharmacy.html,https://rx.meijer.com/appt/SV0001,1082 SR 28,Milford,45150,Clermont County
41.404371,-81.735199,"CVS Pharmacy, Inc. #10893",Moderna - Ages 6 months through 11 years,(440) 842-6081,https://www.cvs.com/store-locator/details-directions/010893,https://www.cvs.com/immunizations/covid-19-vaccine,5812 RIDGE RD.,PARMA,44129,Cuyahoga County
41.545062,-83.597484,Kroger Pharmacy #01600548,Moderna - Ages 12 years and older,(567) 336-4659,www.krogerhealth.com,https://www.kroger.com/i/coronavirus-update/vaccine,27322 CARRONADE DR,PERRYSBURG,43551,Wood County
41.469676,-81.608088,"CVS Pharmacy, Inc. #05366",Novavax - Ages 12 years and older,(216) 752-8656,https://www.cvs.com/store-locator/details-directions/005366,https://www.cvs.com/immunizations/covid-19-vaccine,10825 KINSMAN RD.,CLEVELAND,44104,Cuyahoga County
39.847694,-82.779206,Meijer #246,Moderna - Ages 6 months through 11 years,614-920-7210,https://www.meijer.com/services/pharmacy.html,https://rx.meijer.com/appt/SV0001,8300 Meijer Drive,Canal Winchester,43110,Fairfield County
39.499048,-84.331197,Meijer #61,Moderna - Ages 12 years and older,513-424-2298,https://www.meijer.com/services/pharmacy.html,https://rx.meijer.com/appt/SV0001,3651 Towne Boulevard,Franklin,45005,Warren County
39.453117,-83.779328,Walmart Inc #10-1289,Moderna - Ages 6 months through 11 years,9373824919,https://www.walmart.com/store/1289,https://www.walmart.com/pharmacy/clinical-services/immunization/scheduled?imzType=covid,2825 Progress Way,Wilmington,45177-7710,Clinton County
41.357683,-83.137341,Rite Aid #RA103058,Pfizer-BioNTech - Ages 12 years and older,419-332-2186,https://www.riteaid.com,https://www.riteaid.com/pharmacy/scheduler,2020 WEST STATE STREET,FREMONT,43420-1554,Sandusky County
41.687201,-83.725891,Kroger Pharmacy #01600895,Moderna - Ages 6 months through 11 years,(419) 841-6468,www.krogerhealth.com,https://www.kroger.com/i/coronavirus-update/vaccine,7545 SYLVANIA AVE,SYLVANIA,43560,Lucas County
39.093141,-84.266665,Sams Club #10-6528,Moderna - Ages 12 years and older,5137534865,https://www.samsclub.com/club/6528,https://www.samsclub.com/pharmacy/immunization?imzType=covid,815 Clepper Ln,Cincinnati,45245-1535,Clermont County
40.733123,-82.533676,Rite Aid #RA102403,Moderna - Ages 12 years and older,419-756-1224,https://www.riteaid.com,https://www.riteaid.com/pharmacy/scheduler,875 LEXINGTON AVENUE,MANSFIELD,44907-1945,Richland County
41.704153,-83.58981,Kroger Pharmacy #01600511,Pfizer-BioNTech - Ages 12 years and older,(419) 475-9103,www.krogerhealth.com,https://www.kroger.com/i/coronavirus-update/vaccine,4925 JACKMAN RD,TOLEDO,43613,Lucas County
41.238714,-81.825278,Rite Aid #RA104953,Moderna - Ages 6 months through 11 years,330-220-7767,https://www.riteaid.com,https://www.riteaid.com/pharmacy/scheduler,3871 CENTER ROAD,BRUNSWICK,44212-3058,Medina County
41.098492,-81.384386,Walmart Inc #10-3722,Moderna - Ages 6 months through 11 years,3306733142,https://www.walmart.com/store/3722,https://www.walmart.com/pharmacy/clinical-services/immunization/scheduled?imzType=covid,250 Tallmadge Rd,Kent,44240-7204,Portage County
39.176404,-84.280795,Kroger Pharmacy #01400921,Moderna - Ages 12 years and older,(513) 583-3810,www.krogerhealth.com,https://www.kroger.com/i/coronavirus-update/vaccine,1093 STATE ROUTE 28,MILFORD,45150,Clermont County
40.559976,-84.570573,"CVS Pharmacy, Inc. #06180",Novavax - Ages 12 years and older,(419) 586-1340,https://www.cvs.com/store-locator/details-directions/006180,https://www.cvs.com/immunizations/covid-19-vaccine,1020 NORTH MAIN ST.,CELINA,45822,Mercer County
39.296129,-84.304807,"CVS Pharmacy, Inc. #16469",Pfizer-BioNTech - Ages 5 through 11 years,(513) 677-3879,https://www.cvs.com/store-locator/details-directions/016469,https://www.cvs.com/immunizations/covid-19-vaccine,9841 WATERSTONE BLVD,CINCINNATI,45249,Warren County
41.404371,-81.735199,"CVS Pharmacy, Inc. #10893",Novavax - Ages 12 years and older,(440) 842-6081,https://www.cvs.com/store-locator/details-directions/010893,https://www.cvs.com/immunizations/covid-19-vaccine,5812 RIDGE RD.,PARMA,44129,Cuyahoga County
41.521715,-81.337302,"CVS Pharmacy, Inc. #04366",Novavax - Ages 12 years and older,(440) 729-9070,https://www.cvs.com/store-locator/details-directions/004366,https://www.cvs.com/immunizations/covid-19-vaccine,8519 MAYFIELD RD.,CHESTERLAND,44026,Geauga County
41.396199,-84.132217,Rite Aid #RA102313,Moderna - Ages 12 years and older,419-592-9086,https://www.riteaid.com,https://www.riteaid.com/pharmacy/scheduler,1111 SCOTT STREET,NAPOLEON,43545-1080,Henry County
39.361023,-82.976743,Sams Club #10-4963,Pfizer-BioNTech - Ages 12 years and older,7407796700,https://www.samsclub.com/club/4963,https://www.samsclub.com/pharmacy/immunization?imzType=covid,1270 N Bridge St,Chillicothe,45601-1852,Ross County
39.538271,-82.437222,Walmart Inc #10-3282,Moderna - Ages 6 months through 11 years,7403801472,https://www.walmart.com/store/3282,https://www.walmart.com/pharmacy/clinical-services/immunization/scheduled?imzType=covid,12910 State Route 664 S,Logan,43138-8564,Hocking County
40.620312,-80.576349,Rite Aid #RA103060,Moderna - Ages 12 years and older,330-386-6210,https://www.riteaid.com,https://www.riteaid.com/pharmacy/scheduler,614 BRADSHAW AVENUE,EAST LIVERPOOL,43920-3240,Columbiana County
41.686471,-83.526135,Rite Aid #RA102346,Moderna - Ages 6 months through 11 years,419-729-2907,https://www.riteaid.com,https://www.riteaid.com/pharmacy/scheduler,810 EAST MANHATTAN BLVD.,TOLEDO,43608-1471,Lucas County
39.949762,-83.002061,Kroger Pharmacy #01600569,Moderna - Ages 6 months through 11 years,(614) 340-7980,www.krogerhealth.com,https://www.kroger.com/i/coronavirus-update/vaccine,150 W SYCAMORE ST,COLUMBUS,43215,Franklin County
41.714902,-83.693674,Kroger Pharmacy #01600940,Pfizer-BioNTech - Ages 5 through 11 years,(419) 885-4738,www.krogerhealth.com,https://www.kroger.com/i/coronavirus-update/vaccine,6235 MONROE ST,SYLVANIA,43560,Lucas County
40.089835,-83.089484,"CVS Pharmacy, Inc. #16193",Novavax - Ages 12 years and older,(614) 798-8172,https://www.cvs.com/store-locator/details-directions/016193,https://www.cvs.com/immunizations/covid-19-vaccine,6000 SAWMILL RD,DUBLIN,43017,Franklin County
40.83221,-80.540459,Rite Aid #RA102449,Moderna - Ages 12 years and older,330-426-9291,https://www.riteaid.com,https://www.riteaid.com/pharmacy/scheduler,25 WEST MAIN STREET,EAST PALESTINE,44413-1841,Columbiana County
40.393502,-81.33689,"CVS Pharmacy, Inc. #10961",Moderna - Ages 12 years and older,(740) 922-2591,https://www.cvs.com/store-locator/details-directions/010961,https://www.cvs.com/immunizations/covid-19-vaccine,21 GRANT ST.,DENNISON,44621,Tuscarawas County
39.992638,-83.043186,Kroger Pharmacy #01600942,Moderna - Ages 12 years and older,(614) 488-4062,www.krogerhealth.com,https://www.kroger.com/i/coronavirus-update/vaccine,1375 CHAMBERS RD,COLUMBUS,43212,Franklin County
39.378893,-84.219138,"CVS Pharmacy, Inc. #17533",Novavax - Ages 12 years and older,(513) 494-0701,https://www.cvs.com/store-locator/details-directions/017533,https://www.cvs.com/immunizations/covid-19-vaccine,400 CORWIN NIXON BLVD,SOUTH LEBANON,45065,Warren County
41.141056,-81.864565,Rite Aid #RA101283,Pfizer-BioNTech - Ages 12 years and older,330-725-4104,https://www.riteaid.com,https://www.riteaid.com/pharmacy/scheduler,207 NORTH COURT STREET,MEDINA,44256-2201,Medina County
39.758909,-84.635282,"CVS Pharmacy, Inc. #06145",Novavax - Ages 12 years and older,(937) 456-6255,https://www.cvs.com/store-locator/details-directions/006145,https://www.cvs.com/immunizations/covid-19-vaccine,1300 NORTH BARRON STREET,EATON,45320,Preble County
39.132913,-82.977373,Kroger Pharmacy #01600363,Moderna - Ages 12 years and older,(740) 947-0128,www.krogerhealth.com,https://www.kroger.com/i/coronavirus-update/vaccine,220 WAVERLY PLZ,WAVERLY,45690,Pike County
41.367571,-81.803688,"CVS Pharmacy, Inc. #03334",Moderna - Ages 12 years and older,(440) 243-3391,https://www.cvs.com/store-locator/details-directions/003334,https://www.cvs.com/immunizations/covid-19-vaccine,7259 PEARL RD.,MIDDLEBURG HEIGHTS,44130,Cuyahoga County
41.47396,-84.569632,Rite Aid #RA102347,Moderna - Ages 6 months through 11 years,419-636-6142,https://www.riteaid.com,https://www.riteaid.com/pharmacy/scheduler,1221 WEST HIGH STREET,BRYAN,43506-1543,Williams County
39.487632,-84.327024,Walmart Inc #10-3571,Pfizer-BioNTech - Ages 12 years and older,5134236785,https://www.walmart.com/store/3571,https://www.walmart.com/pharmacy/clinical-services/immunization/scheduled?imzType=covid,2900 Towne Blvd,Middletown,45044-6200,Warren County
40.156841,-83.095327,Kroger Pharmacy #01600898,Moderna - Ages 12 years and older,(614) 889-5257,www.krogerhealth.com,https://www.kroger.com/i/coronavirus-update/vaccine,3975 W POWELL RD,POWELL,43065,Delaware County
38.531378,-82.681535,"CVS Pharmacy, Inc. #03474",Novavax - Ages 12 years and older,(740) 532-4354,https://www.cvs.com/store-locator/details-directions/003474,https://www.cvs.com/immunizations/covid-19-vaccine,320 JEFFERSON ST.,IRONTON,45638,Lawrence County
41.719616,-83.563474,Kroger Pharmacy #01600810,Moderna - Ages 12 years and older,(419) 269-6909,www.krogerhealth.com,https://www.kroger.com/i/coronavirus-update/vaccine,833 W ALEXIS RD,TOLEDO,43612,Lucas County
39.483517,-82.079951,Kroger Pharmacy #01600831,Moderna - Ages 6 months through 11 years,(740) 767-3851,www.krogerhealth.com,https://www.kroger.com/i/coronavirus-update/vaccine,19471 LAKE DR,TRIMBLE,45782,Athens County
40.058422,-82.972838,Kroger Pharmacy #01600593,Moderna - Ages 12 years and older,(614) 405-9401,www.krogerhealth.com,https://www.kroger.com/i/coronavirus-update/vaccine,1745 MORSE RD,COLUMBUS,43229,Franklin County
40.796042,-81.526475,Rite Aid #RA103095,Pfizer-BioNTech - Ages 12 years and older,330-832-4774,https://www.riteaid.com,https://www.riteaid.com/pharmacy/scheduler,242 LINCOLN WAY WEST,MASSILLON,44647-6566,Stark County
39.938176,-82.78207,Sams Club #10-6326,Moderna - Ages 6 months through 11 years,6148665369,https://www.samsclub.com/club/6326,https://www.samsclub.com/pharmacy/immunization?imzType=covid,2675 Taylor Road Ext,Reynoldsburg,43068-9543,Fairfield County
39.606981,-84.162968,Kroger Pharmacy #01400923,Pfizer-BioNTech - Ages 5 through 11 years,(937) 439-6420,www.krogerhealth.com,https://www.kroger.com/i/coronavirus-update/vaccine,1095 S MAIN ST,CENTERVILLE,45458,Montgomery County
41.461898,-81.477325,Rite Aid #RA103041,Moderna - Ages 6 months through 11 years,216-831-1616,https://www.riteaid.com,https://www.riteaid.com/pharmacy/scheduler,28600 CHAGRIN BOULEVARD,BEACHWOOD,44122-4532,Cuyahoga County
39.841199,-83.075145,Kroger Pharmacy #01600842,Moderna - Ages 12 years and older,(614) 277-3405,www.krogerhealth.com,https://www.kroger.com/i/coronavirus-update/vaccine,5965 HOOVER RD,GROVE CITY,43123,Franklin County
39.291143,-84.393709,"CVS Pharmacy, Inc. #06082",Pfizer-BioNTech - Ages 12 years and older,(513) 563-0717,https://www.cvs.com/store-locator/details-directions/006082,https://www.cvs.com/immunizations/covid-19-vaccine,4000 HAUCK RD.,SHARONVILLE,45241,Hamilton County
40.06532,-83.074055,Kroger Pharmacy #01600818,Pfizer-BioNTech - Ages 5 through 11 years,(614) 326-5650,www.krogerhealth.com,https://www.kroger.com/i/coronavirus-update/vaccine,2090 CROWN PLAZA DR,COLUMBUS,43235,Franklin County
41.356748,-81.682089,Meijer #321,Moderna - Ages 12 years and older,216-238-3720,https://www.meijer.com/services/pharmacy.html,https://rx.meijer.com/appt/SV0001,7701 Broadview Rd,Seven Hills,44131,Cuyahoga County
40.369835,-80.642373,"CVS Pharmacy, Inc. #06268",Novavax - Ages 12 years and older,(740) 264-5561,https://www.cvs.com/store-locator/details-directions/006268,https://www.cvs.com/immunizations/covid-19-vaccine,2217 SUNSET BLVD.,STEUBENVILLE,43952,Jefferson County
41.149709,-81.358965,"CVS Pharmacy, Inc. #03980",Novavax - Ages 12 years and older,(330) 678-4009,https://www.cvs.com/store-locator/details-directions/003980,https://www.cvs.com/immunizations/covid-19-vaccine,500 S WATER ST,KENT,44240,Portage County
41.580294,-81.213886,Rite Aid #RA102654,Pfizer-BioNTech - Ages 12 years and older,440-286-4167,https://www.riteaid.com,https://www.riteaid.com/pharmacy/scheduler,501 WATER STREET,CHARDON,44024-1146,Geauga County
39.029733,-84.221087,"CVS Pharmacy, Inc. #07776",Moderna - Ages 6 months through 11 years,(513) 943-6201,https://www.cvs.com/store-locator/details-directions/007776,https://www.cvs.com/immunizations/covid-19-vaccine,52 W. MAIN ST.,AMELIA,45102,Clermont County
40.829116,-81.907791,"CVS Pharmacy, Inc. #03321",Novavax - Ages 12 years and older,(330) 264-7788,https://www.cvs.com/store-locator/details-directions/003321,https://www.cvs.com/immunizations/covid-19-vaccine,2284 BACK ORRVILLE RD.,WOOSTER,44691,Wayne County
40.765434,-82.552357,"CVS Pharmacy, Inc. #06176",Pfizer-BioNTech - Ages 12 years and older,(419) 529-6001,https://www.cvs.com/store-locator/details-directions/006176,https://www.cvs.com/immunizations/covid-19-vaccine,1049 WEST FOURTH STREET,MANSFIELD,44906,Richland County
39.956011,-82.877311,"CVS Pharmacy, Inc. #06946",Pfizer-BioNTech - Ages 12 years and older,(614) 235-7076,https://www.cvs.com/store-locator/details-directions/006946,https://www.cvs.com/immunizations/covid-19-vaccine,4548 E. MAIN ST.,WHITEHALL,43213,Franklin County
41.499872,-81.687141,"CVS Pharmacy, Inc. #04305",Novavax - Ages 12 years and older,(216) 621-6019,https://www.cvs.com/store-locator/details-directions/004305,https://www.cvs.com/immunizations/covid-19-vaccine,840 EUCLID AVE,CLEVELAND,44114,Cuyahoga County
39.855926,-82.831917,Kroger Pharmacy #01600851,Moderna - Ages 6 months through 11 years,(614) 834-2805,www.krogerhealth.com,https://www.kroger.com/i/coronavirus-update/vaccine,6095 GENDER RD,CANAL WINCHESTER,43110,Franklin County
41.584432,-83.666988,Kroger Pharmacy #01600525,Moderna - Ages 6 months through 11 years,(567) 302-2689,www.krogerhealth.com,https://www.kroger.com/i/coronavirus-update/vaccine,1435 REYNOLDS RD,MAUMEE,43537,Lucas County
40.97711,-81.781872,Rite Aid #RA101347,Moderna - Ages 12 years and older,330-925-6015,https://www.riteaid.com,https://www.riteaid.com/pharmacy/scheduler,155 NORTH MAIN STREET,RITTMAN,44270-1580,Wayne County
39.683395,-83.942753,"CVS Pharmacy, Inc. #03404",Pfizer-BioNTech - Ages 5 through 11 years,(937) 372-8047,https://www.cvs.com/store-locator/details-directions/003404,https://www.cvs.com/immunizations/covid-19-vaccine,35 S. ALLISON AVE.,XENIA,45385,Greene County
41.155979,-80.57188,Rite Aid #RA100193,Moderna - Ages 12 years and older,330-534-1907,https://www.riteaid.com,https://www.riteaid.com/pharmacy/scheduler,147 WEST LIBERTY STREET,HUBBARD,44425-1709,Trumbull County
39.446392,-83.807355,Kroger Pharmacy #01400817,Pfizer-BioNTech - Ages 12 years and older,(937) 655-5720,www.krogerhealth.com,https://www.kroger.com/i/coronavirus-update/vaccine,1230 ROMBACH AVE,WILMINGTON,45177,Clinton County
39.862913,-84.312738,Kroger Pharmacy #01400938,Pfizer-BioNTech - Ages 12 years and older,(937) 832-4080,www.krogerhealth.com,https://www.kroger.com/i/coronavirus-update/vaccine,885 UNION BLVD,ENGLEWOOD,45322,Montgomery County
39.442943,-84.377966,Kroger Pharmacy #01400336,Moderna - Ages 12 years and older,(513) 727-7440,www.krogerhealth.com,https://www.kroger.com/i/coronavirus-update/vaccine,3033 HERITAGE GREEN DR,MONROE,45050,Butler County
39.971854,-82.903255,Kroger Pharmacy #01600897,Moderna - Ages 6 months through 11 years,(614) 239-0404,www.krogerhealth.com,https://www.kroger.com/i/coronavirus-update/vaccine,3675 E BROAD ST,WHITEHALL,43213,Franklin County
41.691137,-83.624118,Rite Aid #RA106683,Moderna - Ages 6 months through 11 years,419-472-8027,https://www.riteaid.com,https://www.riteaid.com/pharmacy/scheduler,3911 SECOR ROAD,TOLEDO,43623-4404,Lucas County
40.002615,-83.13952,"CVS Pharmacy, Inc. #02540",Pfizer-BioNTech - Ages 12 years and older,(614) 850-2407,https://www.cvs.com/store-locator/details-directions/002540,https://www.cvs.com/immunizations/covid-19-vaccine,4961 ROBERTS ROAD,HILLIARD,43026,Franklin County
41.101783,-81.438619,Rite Aid #RA101351,Moderna - Ages 12 years and older,330-633-1150,https://www.riteaid.com,https://www.riteaid.com/pharmacy/scheduler,45 EAST AVENUE,TALLMADGE,44278-2339,Summit County
40.275656,-81.868235,Rite Aid #RA104247,Moderna - Ages 12 years and older,740-622-7284,https://www.riteaid.com,https://www.riteaid.com/pharmacy/scheduler,218 CHESTNUT STREET,COSHOCTON,43812-1131,Coshocton County
39.876206,-84.300875,"CVS Pharmacy, Inc. #07767",Pfizer-BioNTech - Ages 12 years and older,(937) 836-3784,https://www.cvs.com/store-locator/details-directions/007767,https://www.cvs.com/immunizations/covid-19-vaccine,124 SOUTH MAIN STREET,UNION,45322,Montgomery County
39.441537,-84.195517,"CVS Pharmacy, Inc. #06086",Novavax - Ages 12 years and older,(513) 932-7040,https://www.cvs.com/store-locator/details-directions/006086,https://www.cvs.com/immunizations/covid-19-vaccine,605 COLUMBUS AVE.,LEBANON,45036,Warren County
39.544168,-82.428173,"CVS Pharmacy, Inc. #03454",Novavax - Ages 12 years and older,(740) 385-8581,https://www.cvs.com/store-locator/details-directions/003454,https://www.cvs.com/immunizations/covid-19-vaccine,1390 W. HUNTER ST.,LOGAN,43138,Hocking County
39.888055,-83.001725,Kroger Pharmacy #01600815,Moderna - Ages 12 years and older,(614) 492-1081,www.krogerhealth.com,https://www.kroger.com/i/coronavirus-update/vaccine,3637 S HIGH ST,COLUMBUS,43207,Franklin County
40.054592,-84.242512,Meijer #112,Moderna - Ages 12 years and older,937-335-1811,https://www.meijer.com/services/pharmacy.html,https://rx.meijer.com/appt/SV0001,1900 W Main St,Troy,45373,Miami County
41.674991,-81.309373,Meijer #309,Moderna - Ages 12 years and older,440-266-4410,https://www.meijer.com/services/pharmacy.html,https://rx.meijer.com/appt/SV0001,9200 Mentor Ave,Mentor,44060,Lake County
40.610674,-80.642273,Rite Aid #RA103603,Pfizer-BioNTech - Ages 12 years and older,330-532-5889,https://www.riteaid.com,https://www.riteaid.com/pharmacy/scheduler,220 THIRD STREET,WELLSVILLE,43968-1660,Columbiana County
41.521715,-81.337302,"CVS Pharmacy, Inc. #04366",Pfizer-BioNTech - Ages 12 years and older,(440) 729-9070,https://www.cvs.com/store-locator/details-directions/004366,https://www.cvs.com/immunizations/covid-19-vaccine,8519 MAYFIELD RD.,CHESTERLAND,44026,Geauga County
41.606357,-81.438973,"CVS Pharmacy, Inc. #04351",Pfizer-BioNTech - Ages 12 years and older,(440) 946-7252,https://www.cvs.com/store-locator/details-directions/004351,https://www.cvs.com/immunizations/covid-19-vaccine,6005 SOM CENTER RD.,WILLOUGHBY,44094,Lake County
39.27205,-81.570525,Rite Aid #RA101430,Moderna - Ages 12 years and older,740-423-4894,https://www.riteaid.com,https://www.riteaid.com/pharmacy/scheduler,201 WASHINGTON BOULEVARD,BELPRE,45714-2432,Washington County
39.977517,-82.011251,Walmart Inc #10-2209,Moderna - Ages 6 months through 11 years,7404559001,https://www.walmart.com/store/2209,https://www.walmart.com/pharmacy/clinical-services/immunization/scheduled?imzType=covid,2850 Maple Ave,Zanesville,43701-1723,Muskingum County
41.238714,-81.825278,Rite Aid #RA104953,Moderna - Ages 12 years and older,330-220-7767,https://www.riteaid.com,https://www.riteaid.com/pharmacy/scheduler,3871 CENTER ROAD,BRUNSWICK,44212-3058,Medina County
39.388297,-84.507963,Walmart Inc #10-3502,Moderna - Ages 6 months through 11 years,5138698400,https://www.walmart.com/store/3502,https://www.walmart.com/pharmacy/clinical-services/immunization/scheduled?imzType=covid,3201 Princeton Rd,Hamilton,45011-5332,Butler County
41.319146,-81.623587,"CVS Pharmacy, Inc. #03645",Novavax - Ages 12 years and older,(440) 546-1655,https://www.cvs.com/store-locator/details-directions/003645,https://www.cvs.com/immunizations/covid-19-vaccine,7710 CHIPPEWA RD,BRECKSVILLE,44141,Cuyahoga County
41.687185,-83.621374,Kroger Pharmacy #01600957,Moderna - Ages 6 months through 11 years,(419) 471-9240,www.krogerhealth.com,https://www.kroger.com/i/coronavirus-update/vaccine,4533 MONROE ST,TOLEDO,43613,Lucas County
41.364408,-83.650886,Rite Aid #RA107728,Pfizer-BioNTech - Ages 12 years and older,419-354-3911,https://www.riteaid.com,https://www.riteaid.com/pharmacy/scheduler,722-740 SOUTH MAIN STREET,BOWLING GREEN,43402-3830,Wood County
41.463314,-81.085555,Rite Aid #RA104279,Moderna - Ages 12 years and older,440-632-5201,https://www.riteaid.com,https://www.riteaid.com/pharmacy/scheduler,15596 WEST HIGH STREET,MIDDLEFIELD,44062-9292,Geauga County
39.12761,-84.510872,"CVS Pharmacy, Inc. #02715",Novavax - Ages 12 years and older,(513) 569-4301,https://www.cvs.com/store-locator/details-directions/002715,https://www.cvs.com/immunizations/covid-19-vaccine,17 WILLIAM H. TAFT RD.,CINCINNATI,45219,Hamilton County
39.966375,-83.786792,Kroger Pharmacy #01400741,Moderna - Ages 6 months through 11 years,(937) 390-0767,www.krogerhealth.com,https://www.kroger.com/i/coronavirus-update/vaccine,2989 DERR RD,SPRINGFIELD,45503,Clark County
41.499872,-81.687141,"CVS Pharmacy, Inc. #04305",Moderna - Ages 12 years and older,(216) 621-6019,https://www.cvs.com/store-locator/details-directions/004305,https://www.cvs.com/immunizations/covid-19-vaccine,840 EUCLID AVE,CLEVELAND,44114,Cuyahoga County
40.583842,-83.08831,Walmart Inc #10-1750,Moderna - Ages 6 months through 11 years,7403893404,https://www.walmart.com/store/1750,https://www.walmart.com/pharmacy/clinical-services/immunization/scheduled?imzType=covid,1546 Marion Mount Gilead Rd,Marion,43302-5820,Marion County
39.250121,-84.791274,Kroger Pharmacy #01400907,Moderna - Ages 12 years and older,(513) 367-2382,www.krogerhealth.com,https://www.kroger.com/i/coronavirus-update/vaccine,10477 HARRISON AVE,HARRISON,45030,Hamilton County
41.546837,-83.589448,Meijer #211,Moderna - Ages 6 months through 11 years,419-873-4110,https://www.meijer.com/services/pharmacy.html,https://rx.meijer.com/appt/SV0001,10055 Olde US 20,Rossford,43460,Wood County
40.399557,-82.456235,"CVS Pharmacy, Inc. #06151",Pfizer-BioNTech - Ages 12 years and older,(740) 397-5505,https://www.cvs.com/store-locator/details-directions/006151,https://www.cvs.com/immunizations/covid-19-vaccine,900 COSHOCTON AVE,MOUNT VERNON,43050,Knox County
41.717624,-83.744898,Rite Aid #RA107946,Moderna - Ages 6 months through 11 years,419-882-7241,https://www.riteaid.com,https://www.riteaid.com/pharmacy/scheduler,8310 SYLVANIA METAMORA ROAD,SYLVANIA,43560-9428,Lucas County
41.1571,-81.238717,"CVS Pharmacy, Inc. #03358",Pfizer-BioNTech - Ages 12 years and older,(330) 296-3871,https://www.cvs.com/store-locator/details-directions/003358,https://www.cvs.com/immunizations/covid-19-vaccine,318 EAST MAIN STREET,RAVENNA,44266,Portage County
40.785786,-82.593969,"CVS Pharmacy, Inc. #16720",Novavax - Ages 12 years and older,(419) 747-1450,https://www.cvs.com/store-locator/details-directions/016720,https://www.cvs.com/immunizations/covid-19-vaccine,2205 WALKER LAKE RD,MANSFIELD,44903,Richland County
41.345375,-83.103652,"CVS Pharmacy, Inc. #03471",Novavax - Ages 12 years and older,(419) 332-1505,https://www.cvs.com/store-locator/details-directions/003471,https://www.cvs.com/immunizations/covid-19-vaccine,600 E. STATE ST.,FREMONT,43420,Sandusky County
39.889314,-83.001389,Walmart Inc #10-2666,Moderna - Ages 6 months through 11 years,6144090683,https://www.walmart.com/store/2666,https://www.walmart.com/pharmacy/clinical-services/immunization/scheduled?imzType=covid,3579 S High St # US23,Columbus,43207-4008,Franklin County
39.188179,-84.36127,Kroger Pharmacy #01400402,Moderna - Ages 6 months through 11 years,(513) 271-1360,www.krogerhealth.com,https://www.kroger.com/i/coronavirus-update/vaccine,6950 MIAMI AVE,MADEIRA,45243,Hamilton County
41.394588,-82.005927,"CVS Pharmacy, Inc. #03376",Moderna - Ages 12 years and older,(440) 327-2194,https://www.cvs.com/store-locator/details-directions/003376,https://www.cvs.com/immunizations/covid-19-vaccine,35000 CENTER RIDGE ROAD,NORTH RIDGEVILLE,44039,Lorain County
40.032033,-83.017708,Kroger Pharmacy #01600971,Moderna - Ages 12 years and older,(614) 263-1796,www.krogerhealth.com,https://www.kroger.com/i/coronavirus-update/vaccine,3417 N HIGH ST,COLUMBUS,43214,Franklin County
41.514083,-82.902477,Kroger Pharmacy #01600641,Pfizer-BioNTech - Ages 5 through 11 years,(419) 732-6452,www.krogerhealth.com,https://www.kroger.com/i/coronavirus-update/vaccine,2028 EAST HARBOR RD,PORT CLINTON,43452,Ottawa County
39.296129,-84.304807,"CVS Pharmacy, Inc. #16469",Pfizer-BioNTech - Ages 12 years and older,(513) 677-3879,https://www.cvs.com/store-locator/details-directions/016469,https://www.cvs.com/immunizations/covid-19-vaccine,9841 WATERSTONE BLVD,CINCINNATI,45249,Warren County
41.419594,-82.211802,Meijer #318,Moderna - Ages 6 months through 11 years,440-538-0110,https://www.meijer.com/services/pharmacy.html,https://rx.meijer.com/appt/SV0001,5350 Leavitt Rd,Lorain,44053,Lorain County
41.024183,-80.741276,"CVS Pharmacy, Inc. #02543",Novavax - Ages 12 years and older,(330) 702-8031,https://www.cvs.com/store-locator/details-directions/002543,https://www.cvs.com/immunizations/covid-19-vaccine,601 EAST MAIN STREET,CANFIELD,44406,Mahoning County
39.685518,-84.133578,Meijer #102,Moderna - Ages 12 years and older,937-298-4220,https://www.meijer.com/services/pharmacy.html,https://rx.meijer.com/appt/SV0001,4075 Wilmington Pike,Kettering,45440,Montgomery County
39.28889,-84.456482,Sams Club #10-8132,Pfizer-BioNTech - Ages 12 years and older,5136712016,https://www.samsclub.com/club/8132,https://www.samsclub.com/pharmacy/immunization?imzType=covid,800 Kemper Commons Cir,Cincinnati,45246-2544,Hamilton County
40.89015,-81.40646,"CVS Pharmacy, Inc. #02385",Novavax - Ages 12 years and older,(330) 966-4703,https://www.cvs.com/store-locator/details-directions/002385,https://www.cvs.com/immunizations/covid-19-vaccine,1339 N. MAIN ST.,NORTH CANTON,44720,Stark County
38.844712,-82.234094,"CVS Pharmacy, Inc. #04400",Pfizer-BioNTech - Ages 5 through 11 years,(740) 446-7459,https://www.cvs.com/store-locator/details-directions/004400,https://www.cvs.com/immunizations/covid-19-vaccine,3066 STATE RT. 160,GALLIPOLIS,45631,Gallia County
41.317935,-81.349352,"CVS Pharmacy, Inc. #03393",Novavax - Ages 12 years and older,(330) 562-7032,https://www.cvs.com/store-locator/details-directions/003393,https://www.cvs.com/immunizations/covid-19-vaccine,118 W. GARFIELD RD.,AURORA,44202,Portage County
41.41754,-81.606996,"CVS Pharmacy, Inc. #04347",Novavax - Ages 12 years and older,(216) 332-7801,https://www.cvs.com/store-locator/details-directions/004347,https://www.cvs.com/immunizations/covid-19-vaccine,11223 GRANGER RD.,GARFIELD HEIGHTS,44125,Cuyahoga County
41.420265,-81.753893,Walmart Inc #10-2073,Moderna - Ages 12 years and older,2167417340,https://www.walmart.com/store/2073,https://www.walmart.com/pharmacy/clinical-services/immunization/scheduled?imzType=covid,10000 Brookpark Rd,Cleveland,44130-1102,Cuyahoga County
39.930592,-83.145049,"CVS Pharmacy, Inc. #04621",Novavax - Ages 12 years and older,(614) 853-3836,https://www.cvs.com/store-locator/details-directions/004621,https://www.cvs.com/immunizations/covid-19-vaccine,1001 NORTON RD.,GALLOWAY,43119,Franklin County
41.103526,-80.70052,Rite Aid #RA103120,Pfizer-BioNTech - Ages 12 years and older,330-799-7313,https://www.riteaid.com,https://www.riteaid.com/pharmacy/scheduler,2800 MAHONING AVENUE,YOUNGSTOWN,44509-2734,Mahoning County
39.15327,-84.431422,"CVS Pharmacy, Inc. #06095",Pfizer-BioNTech - Ages 12 years and older,(513) 321-9980,https://www.cvs.com/store-locator/details-directions/006095,https://www.cvs.com/immunizations/covid-19-vaccine,3086 MADISON RD.,CINCINNATI,45209,Hamilton County
39.441537,-84.195517,"CVS Pharmacy, Inc. #06086",Pfizer-BioNTech - Ages 5 through 11 years,(513) 932-7040,https://www.cvs.com/store-locator/details-directions/006086,https://www.cvs.com/immunizations/covid-19-vaccine,605 COLUMBUS AVE.,LEBANON,45036,Warren County
40.110416,-83.18935,Costco Wholesale Corporation #1243,Moderna - Ages 6 months through 11 years,(614)-733-5012,https://www.costco.com/pharmacy/adult-immunization-program.html,https://www.costco.com/pharmacy/adult-immunization-program.html,7300 STATE ROUTE 161 E,Plain City,43064,Union County
39.359139,-84.45845,Kroger Pharmacy #01400959,Moderna - Ages 12 years and older,(513) 682-8040,www.krogerhealth.com,https://www.kroger.com/i/coronavirus-update/vaccine,8000 PRINCETON GLENDALE RD,WEST CHESTER,45069,Butler County
41.882334,-80.749849,Walmart Inc #10-2359,Moderna - Ages 6 months through 11 years,4409984000,https://www.walmart.com/store/2359,https://www.walmart.com/pharmacy/clinical-services/immunization/scheduled?imzType=covid,3551 N Ridge E,Ashtabula,44004-4313,Ashtabula County
39.336238,-84.562355,Kroger Pharmacy #01400939,Moderna - Ages 6 months through 11 years,(513) 829-2005,www.krogerhealth.com,https://www.kroger.com/i/coronavirus-update/vaccine,560 WESSEL DR,FAIRFIELD,45014,Butler County
39.249978,-84.429599,Walmart Inc #10-3749,Moderna - Ages 6 months through 11 years,5137691124,https://www.walmart.com/store/3749,https://www.walmart.com/pharmacy/clinical-services/immunization/scheduled?imzType=covid,2801 Cunningham Dr,Cincinnati,45241-3270,Hamilton County
39.747622,-84.140597,Rite Aid #RA103246,Pfizer-BioNTech - Ages 12 years and older,937-256-3111,https://www.riteaid.com,https://www.riteaid.com/pharmacy/scheduler,2916 LINDEN AVENUE,DAYTON,45410-3027,Montgomery County
40.966178,-81.340328,"CVS Pharmacy, Inc. #04802",Pfizer-BioNTech - Ages 5 through 11 years,(330) 877-0311,https://www.cvs.com/store-locator/details-directions/004802,https://www.cvs.com/immunizations/covid-19-vaccine,600 WEST MAPLE ST.,HARTVILLE,44632,Stark County
39.287453,-84.486061,"CVS Pharmacy, Inc. #06996",Pfizer-BioNTech - Ages 12 years and older,(513) 851-5063,https://www.cvs.com/store-locator/details-directions/006996,https://www.cvs.com/immunizations/covid-19-vaccine,11601 SPRINGFIELD PIKE,SPRINGDALE,45246,Hamilton County
39.174617,-84.236952,"CVS Pharmacy, Inc. #03978",Novavax - Ages 12 years and older,(513) 831-8225,https://www.cvs.com/store-locator/details-directions/003978,https://www.cvs.com/immunizations/covid-19-vaccine,1137 STATE ROUTE 131,MILFORD,45150,Clermont County
41.704153,-83.58981,Kroger Pharmacy #01600511,Moderna - Ages 12 years and older,(419) 475-9103,www.krogerhealth.com,https://www.kroger.com/i/coronavirus-update/vaccine,4925 JACKMAN RD,TOLEDO,43613,Lucas County
39.526862,-84.381392,"CVS Pharmacy, Inc. #06137",Pfizer-BioNTech - Ages 12 years and older,(513) 423-0298,https://www.cvs.com/store-locator/details-directions/006137,https://www.cvs.com/immunizations/covid-19-vaccine,2424 N. VERITY PARKWAY,MIDDLETOWN,45042,Butler County
40.563306,-83.11765,Kroger Pharmacy #01600808,Moderna - Ages 12 years and older,(740) 386-2321,www.krogerhealth.com,https://www.kroger.com/i/coronavirus-update/vaccine,1428 MARION WALDO RD,MARION,43302,Marion County
39.359139,-84.45845,Kroger Pharmacy #01400959,Pfizer-BioNTech - Ages 12 years and older,(513) 682-8040,www.krogerhealth.com,https://www.kroger.com/i/coronavirus-update/vaccine,8000 PRINCETON GLENDALE RD,WEST CHESTER,45069,Butler County
39.292729,-84.292634,Meijer #150,Moderna - Ages 6 months through 11 years,513-583-2110,https://www.meijer.com/services/pharmacy.html,https://rx.meijer.com/appt/SV0001,3911 W SR-22-3,Loveland,45140,Warren County
41.676421,-83.625864000000007,Costco Wholesale Corporation #1007,Moderna - Ages 12 years and older,(419)-381-5009,https://www.costco.com/pharmacy/adult-immunization-program.html,https://www.costco.com/pharmacy/adult-immunization-program.html,3405 WEST CENTRAL AVE,TOLEDO,43606,Lucas County
39.423737,-84.458177,Kroger Pharmacy #01400439,Pfizer-BioNTech - Ages 5 through 11 years,(513) 867-5420,www.krogerhealth.com,https://www.kroger.com/i/coronavirus-update/vaccine,5250 NEWTOWN DRIVE,LIBERTY TOWNSHIP,45011,Butler County
41.484871,-81.811249,Rite Aid #RA104278,Pfizer-BioNTech - Ages 12 years and older,216-521-8826,https://www.riteaid.com,https://www.riteaid.com/pharmacy/scheduler,16207 DETROIT AVENUE,LAKEWOOD,44107-3784,Cuyahoga County
41.742831,-80.768984,Rite Aid #RA100712,Moderna - Ages 12 years and older,440-576-3921,https://www.riteaid.com,https://www.riteaid.com/pharmacy/scheduler,5 EAST ASHTABULA STREET,JEFFERSON,44047-1162,Ashtabula County
39.937092,-83.835784,Kroger Pharmacy #01400832,Moderna - Ages 6 months through 11 years,(937) 323-0282,www.krogerhealth.com,https://www.kroger.com/i/coronavirus-update/vaccine,965 N BECHTLE AVE,SPRINGFIELD,45504,Clark County
39.882796,-83.06852,Kroger Pharmacy #01600341,Pfizer-BioNTech - Ages 5 through 11 years,(614) 875-0596,www.krogerhealth.com,https://www.kroger.com/i/coronavirus-update/vaccine,2474 STRINGTOWN RD,GROVE CITY,43123,Franklin County
40.865806,-82.31882,Rite Aid #RA102397,Moderna - Ages 12 years and older,419-289-3717,https://www.riteaid.com,https://www.riteaid.com/pharmacy/scheduler,419 CLAREMONT AVENUE,ASHLAND,44805-0000,Ashland County
40.610674,-80.642273,Rite Aid #RA103603,Moderna - Ages 12 years and older,330-532-5889,https://www.riteaid.com,https://www.riteaid.com/pharmacy/scheduler,220 THIRD STREET,WELLSVILLE,43968-1660,Columbiana County
41.531133,-83.357859,Rite Aid #RA102373,Moderna - Ages 12 years and older,419-855-8363,https://www.riteaid.com,https://www.riteaid.com/pharmacy/scheduler,21991 WEST STATE ROUTE 51,GENOA,43430-1251,Ottawa County
40.244638,-82.864651,"CVS Pharmacy, Inc. #03364",Pfizer-BioNTech - Ages 5 through 11 years,(740) 965-3061,https://www.cvs.com/store-locator/details-directions/003364,https://www.cvs.com/immunizations/covid-19-vaccine,111 W CHERRY ST,SUNBURY,43074,Delaware County
40.562106,-84.177472,Walmart Inc #10-3300,Moderna - Ages 6 months through 11 years,4197380474,https://www.walmart.com/store/3300,https://www.walmart.com/pharmacy/clinical-services/immunization/scheduled?imzType=covid,1257 Bellefontaine St,Wapakoneta,45895-9732,Auglaize County
40.132571,-82.886521,"CVS Pharmacy, Inc. #06162",Moderna - Ages 12 years and older,(614) 891-8300,https://www.cvs.com/store-locator/details-directions/006162,https://www.cvs.com/immunizations/covid-19-vaccine,1202 COUNTY LINE ROAD,WESTERVILLE,43081,Delaware County
39.951953,-83.156357,Kroger Pharmacy #01600623,Moderna - Ages 12 years and older,(614) 870-4354,www.krogerhealth.com,https://www.kroger.com/i/coronavirus-update/vaccine,5800 W BROAD ST,GALLOWAY,43119,Franklin County
38.736547,-82.99484,Kroger Pharmacy #01600575,Moderna - Ages 6 months through 11 years,(740) 354-2262,www.krogerhealth.com,https://www.kroger.com/i/coronavirus-update/vaccine,811 GAY ST,PORTSMOUTH,45662,Scioto County
39.688243,-84.143767,Rite Aid #RA103139,Pfizer-BioNTech - Ages 12 years and older,937-294-2651,https://www.riteaid.com,https://www.riteaid.com/pharmacy/scheduler,1320 EAST STROOP ROAD,KETTERING,45429-4926,Montgomery County
41.748835,-81.207558,"CVS Pharmacy, Inc. #05941",Novavax - Ages 12 years and older,(440) 352-7051,https://www.cvs.com/store-locator/details-directions/005941,https://www.cvs.com/immunizations/covid-19-vaccine,1890 N RIDGE RD,PAINESVILLE,44077,Lake County
41.307989,-81.834431,Rite Aid #RA103091,Moderna - Ages 6 months through 11 years,440-572-0455,https://www.riteaid.com,https://www.riteaid.com/pharmacy/scheduler,14701 PEARL ROAD,STRONGSVILLE,44136-5026,Cuyahoga County
40.030269,-84.221952,Kroger Pharmacy #01400984,Moderna - Ages 6 months through 11 years,(937) 573-4530,www.krogerhealth.com,https://www.kroger.com/i/coronavirus-update/vaccine,731 W MARKET ST,TROY,45373,Miami County
40.882872,-81.571875,Rite Aid #RA102393,Pfizer-BioNTech - Ages 12 years and older,330-854-6618,https://www.riteaid.com,https://www.riteaid.com/pharmacy/scheduler,2220 SOUTH LOCUST STREET,CANAL FULTON,44614-8406,Stark County
40.83195,-81.365455,Rite Aid #RA102388,Pfizer-BioNTech - Ages 12 years and older,330-456-0515,https://www.riteaid.com,https://www.riteaid.com/pharmacy/scheduler,"3030 MARKET AVENUE, N.E.",CANTON,44714-1428,Stark County
41.700962,-81.37913,"CVS Pharmacy, Inc. #07686",Novavax - Ages 12 years and older,(440) 602-6071,https://www.cvs.com/store-locator/details-directions/007686,https://www.cvs.com/immunizations/covid-19-vaccine,7301 LAKESHORE BOULEVARD,MENTOR,44060,Lake County
39.87935,-83.060384,"CVS Pharmacy, Inc. #06192",Novavax - Ages 12 years and older,(614) 875-7884,https://www.cvs.com/store-locator/details-directions/006192,https://www.cvs.com/immunizations/covid-19-vaccine,2120 STRINGTOWN RD.,GROVE CITY,43123,Franklin County
40.865806,-82.31882,Rite Aid #RA102397,Pfizer-BioNTech - Ages 12 years and older,419-289-3717,https://www.riteaid.com,https://www.riteaid.com/pharmacy/scheduler,419 CLAREMONT AVENUE,ASHLAND,44805-0000,Ashland County
41.357018,-81.386509,"CVS Pharmacy, Inc. #17242",Pfizer-BioNTech - Ages 5 through 11 years,(330) 562-0637,https://www.cvs.com/store-locator/details-directions/017242,https://www.cvs.com/immunizations/covid-19-vaccine,18855 N MARKET PLACE DR,AURORA,44202,Geauga County
39.413623,-81.451545,"CVS Pharmacy, Inc. #03422",Pfizer-BioNTech - Ages 5 through 11 years,(740) 373-2961,https://www.cvs.com/store-locator/details-directions/003422,https://www.cvs.com/immunizations/covid-19-vaccine,131 3RD ST.,MARIETTA,45750,Washington County
40.079896,-82.813187,"CVS Pharmacy, Inc. #02677",Novavax - Ages 12 years and older,(614) 855-5771,https://www.cvs.com/store-locator/details-directions/002677,https://www.cvs.com/immunizations/covid-19-vaccine,175 W MAIN ST,NEW ALBANY,43054,Franklin County
40.060773,-82.860192,Meijer #114,Moderna - Ages 12 years and older,614-855-4910,https://www.meijer.com/services/pharmacy.html,https://rx.meijer.com/appt/SV0001,5050 N Hamilton Rd,Columbus,43230,Franklin County
41.283783,-84.328218,Kroger Pharmacy #02100936,Pfizer-BioNTech - Ages 12 years and older,(419) 782-8079,www.krogerhealth.com,https://www.kroger.com/i/coronavirus-update/vaccine,1890 E SECOND ST,DEFIANCE,43512,Defiance County
40.125752,-82.980816,"CVS Pharmacy, Inc. #06163",Pfizer-BioNTech - Ages 12 years and older,(614) 841-0336,https://www.cvs.com/store-locator/details-directions/006163,https://www.cvs.com/immunizations/covid-19-vaccine,711 PARK RD.,WORTHINGTON,43085,Franklin County
39.294772,-83.981164,"CVS Pharmacy, Inc. #06105",Pfizer-BioNTech - Ages 12 years and older,(937) 783-4669,https://www.cvs.com/store-locator/details-directions/006105,https://www.cvs.com/immunizations/covid-19-vaccine,610 CHERRY ST.,BLANCHESTER,45107,Clinton County
39.158416,-84.618936,"CVS Pharmacy, Inc. #06129",Novavax - Ages 12 years and older,(513) 574-1770,https://www.cvs.com/store-locator/details-directions/006129,https://www.cvs.com/immunizations/covid-19-vaccine,4110 HARRISON AVE.,CHEVIOT,45211,Hamilton County
41.221301,-80.78357,Rite Aid #RA103016,Pfizer-BioNTech - Ages 12 years and older,330-369-8444,https://www.riteaid.com,https://www.riteaid.com/pharmacy/scheduler,2840 YOUNGSTOWN ROAD SE,WARREN,44484-5063,Trumbull County
39.039623,-83.923465,Kroger Pharmacy #01400920,Pfizer-BioNTech - Ages 12 years and older,(937) 444-6911,www.krogerhealth.com,https://www.kroger.com/i/coronavirus-update/vaccine,210 STERLING RUN BLVD,MOUNT ORAB,45154,Brown County
41.464277,-81.559386,"CVS Pharmacy, Inc. #03346",Moderna - Ages 12 years and older,(216) 921-1288,https://www.cvs.com/store-locator/details-directions/003346,https://www.cvs.com/immunizations/covid-19-vaccine,17120 CHAGRIN BLVD.,SHAKER HEIGHTS,44120,Cuyahoga County
41.503744,-83.738854,Rite Aid #RA102353,Pfizer-BioNTech - Ages 12 years and older,419-878-8384,https://www.riteaid.com,https://www.riteaid.com/pharmacy/scheduler,8239 WATERVILLE SWANTON ROAD,WATERVILLE,43566-9725,Lucas County
41.024475,-81.421588,Rite Aid #RA103143,Moderna - Ages 12 years and older,330-733-8378,https://www.riteaid.com,https://www.riteaid.com/pharmacy/scheduler,1540 CANTON ROAD,AKRON,44312-4043,Summit County
41.700829,-81.277047,"CVS Pharmacy, Inc. #04327",Novavax - Ages 12 years and older,(440) 354-5609,https://www.cvs.com/store-locator/details-directions/004327,https://www.cvs.com/immunizations/covid-19-vaccine,1506 MENTOR AVE,PAINESVILLE,44077,Lake County
40.062775,-83.044235,"CVS Pharmacy, Inc. #05918",Pfizer-BioNTech - Ages 5 through 11 years,(614) 459-9521,https://www.cvs.com/store-locator/details-directions/005918,https://www.cvs.com/immunizations/covid-19-vaccine,933 BETHEL ROAD,COLUMBUS,43214,Franklin County
41.514083,-82.902477,Kroger Pharmacy #01600641,Moderna - Ages 12 years and older,(419) 732-6452,www.krogerhealth.com,https://www.kroger.com/i/coronavirus-update/vaccine,2028 EAST HARBOR RD,PORT CLINTON,43452,Ottawa County
39.336091,-82.068973,Kroger Pharmacy #01600901,Pfizer-BioNTech - Ages 5 through 11 years,(740) 566-4180,www.krogerhealth.com,https://www.kroger.com/i/coronavirus-update/vaccine,919 E STATE ST,ATHENS,45701,Athens County
41.382597,-81.744007,Walmart Inc #10-5082,Moderna - Ages 6 months through 11 years,4408845641,https://www.walmart.com/store/5082,https://www.walmart.com/pharmacy/clinical-services/immunization/scheduled?imzType=covid,8303 W Ridgewood Dr,Parma,44129-5524,Cuyahoga County
39.31125,-84.27488,Kroger Pharmacy #01400376,Moderna - Ages 12 years and older,(513) 683-4224,www.krogerhealth.com,https://www.kroger.com/i/coronavirus-update/vaccine,2900 W SR 22 & 3,MAINEVILLE,45039,Warren County
41.48233,-81.730883,Rite Aid #RA101570,Pfizer-BioNTech - Ages 12 years and older,216-281-6100,https://www.riteaid.com,https://www.riteaid.com/pharmacy/scheduler,6512 FRANKLIN BOULEVARD,CLEVELAND,44102-2912,Cuyahoga County
41.157985,-83.421715,Rite Aid #RA102320,Moderna - Ages 6 months through 11 years,419-435-7716,https://www.riteaid.com,https://www.riteaid.com/pharmacy/scheduler,113 NORTH COUNTYLINE STREET,FOSTORIA,44830-1766,Hancock County
39.26111,-84.601964,Walmart Inc #10-4609,Moderna - Ages 6 months through 11 years,5133850083,https://www.walmart.com/store/4609,https://www.walmart.com/pharmacy/clinical-services/immunization/scheduled?imzType=covid,10240 Colerain Ave,Cincinnati,45251-4904,Hamilton County
41.384337,-83.322572,"CVS Pharmacy, Inc. #11049",Novavax - Ages 12 years and older,(419) 637-7441,https://www.cvs.com/store-locator/details-directions/011049,https://www.cvs.com/immunizations/covid-19-vaccine,241 W. MADISON ST.,GIBSONBURG,43431,Sandusky County
41.714955,-83.68055,Rite Aid #RA106681,Pfizer-BioNTech - Ages 12 years and older,419-882-5860,https://www.riteaid.com,https://www.riteaid.com/pharmacy/scheduler,5890 MONROE STREET,SYLVANIA,43560-2200,Lucas County
40.868191,-82.306905,"CVS Pharmacy, Inc. #06167",Novavax - Ages 12 years and older,(419) 281-0525,https://www.cvs.com/store-locator/details-directions/006167,https://www.cvs.com/immunizations/covid-19-vaccine,418 EAST MAIN STREET,ASHLAND,44805,Ashland County
41.416413,-81.528044,Rite Aid #RA103163,Pfizer-BioNTech - Ages 12 years and older,216-662-7470,https://www.riteaid.com,https://www.riteaid.com/pharmacy/scheduler,21800 LIBBY ROAD,MAPLE HEIGHTS,44137-2947,Cuyahoga County
40.66334,-80.587586,Walmart Inc #10-1707,Moderna - Ages 6 months through 11 years,3303864002,https://www.walmart.com/store/1707,https://www.walmart.com/pharmacy/clinical-services/immunization/scheduled?imzType=covid,16280 Dresden Ave,East Liverpool,43920-9024,Columbiana County
40.073416,-83.019731,"CVS Pharmacy, Inc. #03613",Novavax - Ages 12 years and older,(614) 844-3699,https://www.cvs.com/store-locator/details-directions/003613,https://www.cvs.com/immunizations/covid-19-vaccine,5445 N. HIGH ST.,COLUMBUS,43214,Franklin County
40.10273,-83.164398,Kroger Pharmacy #01600817,Pfizer-BioNTech - Ages 12 years and older,(614) 760-4246,www.krogerhealth.com,https://www.kroger.com/i/coronavirus-update/vaccine,7100 HOSPITAL DR,DUBLIN,43016,Franklin County
41.12943,-81.50765,"CVS Pharmacy, Inc. #04309",Novavax - Ages 12 years and older,(330) 929-4203,https://www.cvs.com/store-locator/details-directions/004309,https://www.cvs.com/immunizations/covid-19-vaccine,1711 STATE RD,CUYAHOGA FALLS,44223,Summit County
39.857593,-84.275941,Meijer #106,Moderna - Ages 6 months through 11 years,937-836-7533,https://www.meijer.com/services/pharmacy.html,https://rx.meijer.com/appt/SV0001,9200 N Main Street,Englewood,45415,Montgomery County
39.187035,-84.605185,Sams Club #10-6450,Moderna - Ages 12 years and older,5136610800,https://www.samsclub.com/club/6450,https://www.samsclub.com/pharmacy/immunization?imzType=covid,5375 N Bend Rd,Cincinnati,45247-7601,Hamilton County
41.261683,-81.344448,"CVS Pharmacy, Inc. #04807",Novavax - Ages 12 years and older,(330) 626-1866,https://www.cvs.com/store-locator/details-directions/004807,https://www.cvs.com/immunizations/covid-19-vaccine,9940 STATE ROUTE 43,STREETSBORO,44241,Portage County
41.134083,-80.666244,Rite Aid #RA100703,Moderna - Ages 12 years and older,330-759-2062,https://www.riteaid.com,https://www.riteaid.com/pharmacy/scheduler,2704 BELMONT AVENUE,YOUNGSTOWN,44505-1820,Trumbull County
39.250121,-84.791274,Kroger Pharmacy #01400907,Pfizer-BioNTech - Ages 12 years and older,(513) 367-2382,www.krogerhealth.com,https://www.kroger.com/i/coronavirus-update/vaccine,10477 HARRISON AVE,HARRISON,45030,Hamilton County
39.961099,-82.476735,Kroger Pharmacy #01600621,Moderna - Ages 12 years and older,(740) 928-2152,www.krogerhealth.com,https://www.kroger.com/i/coronavirus-update/vaccine,600 E MAIN ST,HEBRON,43025,Licking County
40.140081,-82.98997,Kroger Pharmacy #01600839,Moderna - Ages 12 years and older,(614) 430-2445,www.krogerhealth.com,https://www.kroger.com/i/coronavirus-update/vaccine,1177 POLARIS PKWY,COLUMBUS,43240,Delaware County
40.492418,-81.459526,Rite Aid #RA102392,Moderna - Ages 12 years and older,330-339-2565,https://www.riteaid.com,https://www.riteaid.com/pharmacy/scheduler,705 WEST HIGH AVENUE,NEW PHILADELPHIA,44663-2057,Tuscarawas County
39.143634,-84.522342,"CVS Pharmacy, Inc. #06126",Moderna - Ages 12 years and older,(513) 281-4475,https://www.cvs.com/store-locator/details-directions/006126,https://www.cvs.com/immunizations/covid-19-vaccine,371 LUDLOW AVE.,CINCINNATI,45220,Hamilton County
39.988362,-82.788134,Meijer #212,Moderna - Ages 6 months through 11 years,614-322-7410,https://www.meijer.com/services/pharmacy.html,https://rx.meijer.com/appt/SV0001,8000 E Broad St,Reynoldsburg,43068,Franklin County
39.109816,-84.571678,Kroger Pharmacy #01400482,Moderna - Ages 12 years and older,(513) 598-7890,www.krogerhealth.com,https://www.kroger.com/i/coronavirus-update/vaccine,3609 WARSAW AVE,CINCINNATI,45205,Hamilton County
40.14692,-84.248555,"CVS Pharmacy, Inc. #03402",Novavax - Ages 12 years and older,(937) 773-3784,https://www.cvs.com/store-locator/details-directions/003402,https://www.cvs.com/immunizations/covid-19-vaccine,"115 NORTH COLLEGE ST.,",PIQUA,45356,Miami County
39.073886,-84.347961,Kroger Pharmacy #01400915,Pfizer-BioNTech - Ages 12 years and older,(513) 233-4420,www.krogerhealth.com,https://www.kroger.com/i/coronavirus-update/vaccine,7580 BEECHMONT AVE,CINCINNATI,45255,Hamilton County
41.155987,-80.585721,"CVS Pharmacy, Inc. #03044",Pfizer-BioNTech - Ages 5 through 11 years,(330) 534-3141,https://www.cvs.com/store-locator/details-directions/003044,https://www.cvs.com/immunizations/covid-19-vaccine,134 YOUNGSTOWN HUBBARD RD.,HUBBARD,44425,Trumbull County
39.750089,-82.654927,Meijer #144,Moderna - Ages 6 months through 11 years,740-681-2410,https://www.meijer.com/services/pharmacy.html,https://rx.meijer.com/appt/SV0001,2900 Columbus-Lancaster Rd,Lancaster,43130,Fairfield County
41.156854,-81.299629,Walmart Inc #10-2506,Moderna - Ages 6 months through 11 years,3306770338,https://www.walmart.com/store/2506,https://www.walmart.com/pharmacy/clinical-services/immunization/scheduled?imzType=covid,2600 State Route 59,Ravenna,44266-1646,Portage County
39.231638,-84.164825,Kroger Pharmacy #01400344,Pfizer-BioNTech - Ages 12 years and older,(513) 722-7460,www.krogerhealth.com,https://www.kroger.com/i/coronavirus-update/vaccine,6725 DICK FLYNN BLVD,GOSHEN,45122,Clermont County
39.132913,-82.977373,Kroger Pharmacy #01600363,Pfizer-BioNTech - Ages 12 years and older,(740) 947-0128,www.krogerhealth.com,https://www.kroger.com/i/coronavirus-update/vaccine,220 WAVERLY PLZ,WAVERLY,45690,Pike County
41.690801,-83.703007,Rite Aid #RA102354,Moderna - Ages 12 years and older,419-885-2989,https://www.riteaid.com,https://www.riteaid.com/pharmacy/scheduler,4018 NORTH MCCORD ROAD,SYLVANIA,43560-3264,Lucas County
41.418851,-81.694107,"CVS Pharmacy, Inc. #03322",Novavax - Ages 12 years and older,(216) 351-2944,https://www.cvs.com/store-locator/details-directions/003322,https://www.cvs.com/immunizations/covid-19-vaccine,2007 BROOKPARK ROAD,CLEVELAND,44109,Cuyahoga County
41.059421,-83.649223,Rite Aid #RA102359,Moderna - Ages 12 years and older,419-424-1828,https://www.riteaid.com,https://www.riteaid.com/pharmacy/scheduler,1501 NORTH MAIN STREET,FINDLAY,45840-3752,Hancock County
41.545062,-83.597484,Kroger Pharmacy #01600548,Moderna - Ages 6 months through 11 years,(567) 336-4659,www.krogerhealth.com,https://www.kroger.com/i/coronavirus-update/vaccine,27322 CARRONADE DR,PERRYSBURG,43551,Wood County
40.69203,-82.508098,Walmart Inc #10-5471,Moderna - Ages 6 months through 11 years,4197562850,https://www.walmart.com/store/5471,https://www.walmart.com/pharmacy/clinical-services/immunization/scheduled?imzType=covid,2485 Possum Run Rd,Mansfield,44903-9447,Richland County
40.290173,-83.031606,Meijer #249,Moderna - Ages 12 years and older,740-368-5910,https://www.meijer.com/services/pharmacy.html,https://rx.meijer.com/appt/SV0001,1380 Sunbury Rd,Delaware,43015,Delaware County
40.025796,-82.444978,Kroger Pharmacy #01600926,Moderna - Ages 12 years and older,(740) 522-3693,www.krogerhealth.com,https://www.kroger.com/i/coronavirus-update/vaccine,910 HEBRON RD,HEATH,43056,Licking County
39.430426,-84.597537,Meijer #135,Moderna - Ages 12 years and older,513-896-2610,https://www.meijer.com/services/pharmacy.html,https://rx.meijer.com/appt/SV0001,1560 Main Street,Hamilton,45013,Butler County
40.289572,-84.186978,Kroger Pharmacy #01400913,Moderna - Ages 6 months through 11 years,(937) 498-4116,www.krogerhealth.com,https://www.kroger.com/i/coronavirus-update/vaccine,2100 MICHIGAN ST,SIDNEY,45365,Shelby County
41.630258,-83.556399,Rite Aid #RA102314,Moderna - Ages 12 years and older,419-244-5781,https://www.riteaid.com,https://www.riteaid.com/pharmacy/scheduler,1605 BROADWAY STREET,TOLEDO,43609-3239,Lucas County
40.575228,-81.090082,Rite Aid #RA103468,Pfizer-BioNTech - Ages 12 years and older,330-627-5229,https://www.riteaid.com,https://www.riteaid.com/pharmacy/scheduler,340 WEST MAIN STREET,CARROLLTON,44615-1348,Carroll County
40.865806,-82.31882,Rite Aid #RA102397,Moderna - Ages 6 months through 11 years,419-289-3717,https://www.riteaid.com,https://www.riteaid.com/pharmacy/scheduler,419 CLAREMONT AVENUE,ASHLAND,44805-0000,Ashland County
40.14979,-82.997149,"CVS Pharmacy, Inc. #02381",Pfizer-BioNTech - Ages 5 through 11 years,(614) 846-8027,https://www.cvs.com/store-locator/details-directions/002381,https://www.cvs.com/immunizations/covid-19-vaccine,9151 SOUTH OLD STATE ROAD,COLUMBUS,43035,Delaware County
40.833622,-81.423507,Rite Aid #RA102415,Moderna - Ages 12 years and older,330-477-7269,https://www.riteaid.com,https://www.riteaid.com/pharmacy/scheduler,"3010 WHIPPLE AVENUE, NW",CANTON,44718-3027,Stark County
40.374434,-80.704334,Kroger Pharmacy #01600963,Moderna - Ages 6 months through 11 years,(740) 264-5030,www.krogerhealth.com,https://www.kroger.com/i/coronavirus-update/vaccine,858 MAIN ST,WINTERSVILLE,43953,Jefferson County
40.87879,-81.437036,Sams Club #10-6317,Moderna - Ages 6 months through 11 years,3304975295,https://www.samsclub.com/club/6317,https://www.samsclub.com/pharmacy/immunization?imzType=covid,4790 Portage St NW,North Canton,44720-7245,Stark County
40.278816,-84.178226,"CVS Pharmacy, Inc. #06179",Novavax - Ages 12 years and older,(937) 492-0700,https://www.cvs.com/store-locator/details-directions/006179,https://www.cvs.com/immunizations/covid-19-vaccine,324 FOURTH ST.,SIDNEY,45365,Shelby County
41.466124,-81.989646,Meijer #308,Moderna - Ages 6 months through 11 years,440-695-2450,https://www.meijer.com/services/pharmacy.html,https://rx.meijer.com/appt/SV0001,1810 Nagel Rd,Avon,44011,Lorain County
39.601971,-84.230185,Kroger Pharmacy #01400722,Moderna - Ages 6 months through 11 years,(937) 384-4220,www.krogerhealth.com,https://www.kroger.com/i/coronavirus-update/vaccine,10101 LANDING WAY,MIAMISBURG,45342,Montgomery County
40.033399,-83.140609,Kroger Pharmacy #01600966,Moderna - Ages 12 years and older,(614) 876-1248,www.krogerhealth.com,https://www.kroger.com/i/coronavirus-update/vaccine,4656 CEMETERY RD,HILLIARD,43026,Franklin County
39.351194,-84.21979,Kroger Pharmacy #01400408,Moderna - Ages 12 years and older,(513) 494-2215,www.krogerhealth.com,https://www.kroger.com/i/coronavirus-update/vaccine,5705 SOUTH ST RT 48,MAINEVILLE,45039,Warren County
41.705638,-83.499689,Kroger Pharmacy #01600617,Moderna - Ages 12 years and older,(419) 727-2650,www.krogerhealth.com,https://www.kroger.com/i/coronavirus-update/vaccine,4633 SUDER AVE,TOLEDO,43611,Lucas County
41.357018,-81.386509,"CVS Pharmacy, Inc. #17242",Novavax - Ages 12 years and older,(330) 562-0637,https://www.cvs.com/store-locator/details-directions/017242,https://www.cvs.com/immunizations/covid-19-vaccine,18855 N MARKET PLACE DR,AURORA,44202,Geauga County
41.253809,-80.790451,Rite Aid #RA103062,Pfizer-BioNTech - Ages 12 years and older,330-372-4105,https://www.riteaid.com,https://www.riteaid.com/pharmacy/scheduler,2154 ELM ROAD NE,WARREN,44483-4005,Trumbull County
41.025642,-80.707893,Meijer #320,Moderna - Ages 6 months through 11 years,234-287-3010,https://www.meijer.com/services/pharmacy.html,https://rx.meijer.com/appt/SV0001,1400 Boardman Canfield Rd.,Boardman,44512,Mahoning County
41.518109,-81.652982,Rite Aid #RA102640,Moderna - Ages 6 months through 11 years,216-431-5643,https://www.riteaid.com,https://www.riteaid.com/pharmacy/scheduler,5411 SUPERIOR AVENUE,CLEVELAND,44103-1344,Cuyahoga County
40.733123,-82.533676,Rite Aid #RA102403,Pfizer-BioNTech - Ages 12 years and older,419-756-1224,https://www.riteaid.com,https://www.riteaid.com/pharmacy/scheduler,875 LEXINGTON AVENUE,MANSFIELD,44907-1945,Richland County
39.442943,-84.377966,Kroger Pharmacy #01400336,Pfizer-BioNTech - Ages 5 through 11 years,(513) 727-7440,www.krogerhealth.com,https://www.kroger.com/i/coronavirus-update/vaccine,3033 HERITAGE GREEN DR,MONROE,45050,Butler County
40.549666,-82.845093,Rite Aid #RA102419,Pfizer-BioNTech - Ages 12 years and older,419-947-8515,https://www.riteaid.com,https://www.riteaid.com/pharmacy/scheduler,510 WEST MARION ROAD,MT. GILEAD,43338-1026,Morrow County
41.636559,-83.469942,Kroger Pharmacy #01600938,Moderna - Ages 6 months through 11 years,(419) 691-7034,www.krogerhealth.com,https://www.kroger.com/i/coronavirus-update/vaccine,3300 NAVARRE AVE,OREGON,43616,Lucas County
41.13537,-81.632149,Walmart Inc #10-1895,Moderna - Ages 6 months through 11 years,3306681129,https://www.walmart.com/store/1895,https://www.walmart.com/pharmacy/clinical-services/immunization/scheduled?imzType=covid,3750 W Market St Unit I,Fairlawn,44333-2474,Summit County
39.675435,-84.219989,Kroger Pharmacy #01400951,Moderna - Ages 12 years and older,(937) 294-7210,www.krogerhealth.com,https://www.kroger.com/i/coronavirus-update/vaccine,2921 W. ALEX-BELL RD,DAYTON,45459,Montgomery County
41.364439,-83.132985,Kroger Pharmacy #01600536,Moderna - Ages 6 months through 11 years,(419) 332-9187,www.krogerhealth.com,https://www.kroger.com/i/coronavirus-update/vaccine,1700 CEDAR ST,FREMONT,43420,Sandusky County
39.713114,-82.606755,"CVS Pharmacy, Inc. #06188",Moderna - Ages 6 months through 11 years,(740) 653-2631,https://www.cvs.com/store-locator/details-directions/006188,https://www.cvs.com/immunizations/covid-19-vaccine,111 SOUTH MEMORIAL DRIVE,LANCASTER,43130,Fairfield County
41.583894,-81.211863,"CVS Pharmacy, Inc. #03317",Moderna - Ages 6 months through 11 years,(440) 286-9445,https://www.cvs.com/store-locator/details-directions/003317,https://www.cvs.com/immunizations/covid-19-vaccine,296 CENTER ST.,CHARDON,44024,Geauga County
41.580294,-81.213886,Rite Aid #RA102654,Moderna - Ages 12 years and older,440-286-4167,https://www.riteaid.com,https://www.riteaid.com/pharmacy/scheduler,501 WATER STREET,CHARDON,44024-1146,Geauga County
39.598379,-82.931669,Kroger Pharmacy #01600844,Pfizer-BioNTech - Ages 12 years and older,(740) 477-5763,www.krogerhealth.com,https://www.kroger.com/i/coronavirus-update/vaccine,175 LANCASTER PIKE,CIRCLEVILLE,43113,Pickaway County
39.328161,-82.101092,"CVS Pharmacy, Inc. #06193",Pfizer-BioNTech - Ages 12 years and older,(740) 592-6024,https://www.cvs.com/store-locator/details-directions/006193,https://www.cvs.com/immunizations/covid-19-vaccine,32 S. COURT ST.,ATHENS,45701,Athens County
40.811341,-82.97309,Kroger Pharmacy #01600506,Moderna - Ages 6 months through 11 years,(419) 562-7654,www.krogerhealth.com,https://www.kroger.com/i/coronavirus-update/vaccine,210 E MARY ST,BUCYRUS,44820,Crawford County
39.797412,-84.250882,Rite Aid #RA104748,Pfizer-BioNTech - Ages 12 years and older,937-277-1611,https://www.riteaid.com,https://www.riteaid.com/pharmacy/scheduler,3875 SALEM AVENUE,DAYTON,45406-1633,Montgomery County
40.495532,-81.470123,Walmart Inc #10-2115,Moderna - Ages 6 months through 11 years,3303393991,https://www.walmart.com/store/2115,https://www.walmart.com/pharmacy/clinical-services/immunization/scheduled?imzType=covid,231 Bluebell Dr SW,New Philadelphia,44663-9601,Tuscarawas County
39.934077,-82.793188,"CVS Pharmacy, Inc. #17504",Pfizer-BioNTech - Ages 12 years and older,(614) 655-5002,https://www.cvs.com/store-locator/details-directions/017504,https://www.cvs.com/immunizations/covid-19-vaccine,2437 TAYLOR PARK DR,REYNOLDSBURG,43068,Fairfield County
40.562106,-84.177472,Walmart Inc #10-3300,Moderna - Ages 12 years and older,4197380474,https://www.walmart.com/store/3300,https://www.walmart.com/pharmacy/clinical-services/immunization/scheduled?imzType=covid,1257 Bellefontaine St,Wapakoneta,45895-9732,Auglaize County
40.006339,-83.008986,"CVS Pharmacy, Inc. #02518",Moderna - Ages 12 years and older,(614) 294-2105,https://www.cvs.com/store-locator/details-directions/002518,https://www.cvs.com/immunizations/covid-19-vaccine,2160 N. HIGH ST.,COLUMBUS,43201,Franklin County
41.467986,-81.771695,"CVS Pharmacy, Inc. #17303",Pfizer-BioNTech - Ages 12 years and older,(216) 325-0773,https://www.cvs.com/store-locator/details-directions/017303,https://www.cvs.com/immunizations/covid-19-vaccine,3100 W 117TH ST,CLEVELAND,44111,Cuyahoga County
40.731243,-84.079253,Rite Aid #RA102367,Moderna - Ages 12 years and older,419-228-2296,https://www.riteaid.com,https://www.riteaid.com/pharmacy/scheduler,1415 BELLEFONTAINE AVENUE,LIMA,45804-3168,Allen County
39.305315,-84.527149,Meijer #159,Moderna - Ages 12 years and older,513-881-0110,https://www.meijer.com/services/pharmacy.html,https://rx.meijer.com/appt/SV0001,6325 S Gilmore Rd,Fairfield,45014,Butler County
39.988125,-83.046458,"CVS Pharmacy, Inc. #06147",Novavax - Ages 12 years and older,(614) 486-7159,https://www.cvs.com/store-locator/details-directions/006147,https://www.cvs.com/immunizations/covid-19-vaccine,1495 WEST 5TH AVE.,COLUMBUS,43212,Franklin County
41.432033,-82.694579,Kroger Pharmacy #01600858,Moderna - Ages 6 months through 11 years,(419) 239-2624,www.krogerhealth.com,https://www.kroger.com/i/coronavirus-update/vaccine,226 E PERKINS AVE,SANDUSKY,44870,Erie County
38.411643,-82.522815,Sams Club #10-8152,Pfizer-BioNTech - Ages 12 years and older,7408943296,https://www.samsclub.com/club/8152,https://www.samsclub.com/pharmacy/immunization?imzType=covid,432 Private Drive 288,South Point,45680-7900,Lawrence County
41.539268,-81.498328,"CVS Pharmacy, Inc. #03032",Pfizer-BioNTech - Ages 5 through 11 years,(216) 291-1250,https://www.cvs.com/store-locator/details-directions/003032,https://www.cvs.com/immunizations/covid-19-vaccine,"4961 MONTICELLO BLVD,",RICHMOND HEIGHTS,44143,Cuyahoga County
40.08894,-82.825493,Kroger Pharmacy #01600881,Pfizer-BioNTech - Ages 12 years and older,(614) 855-8670,www.krogerhealth.com,https://www.kroger.com/i/coronavirus-update/vaccine,5161 HAMPSTED VILLAGE CENTER WAY,NEW ALBANY,43054,Franklin County
39.683395,-83.942753,"CVS Pharmacy, Inc. #03404",Pfizer-BioNTech - Ages 12 years and older,(937) 372-8047,https://www.cvs.com/store-locator/details-directions/003404,https://www.cvs.com/immunizations/covid-19-vaccine,35 S. ALLISON AVE.,XENIA,45385,Greene County
38.821496,-82.171703,Walmart Inc #10-2605,Moderna - Ages 6 months through 11 years,7404410406,https://www.walmart.com/store/2605,https://www.walmart.com/pharmacy/clinical-services/immunization/scheduled?imzType=covid,2145 Eastern Ave,Gallipolis,45631-1873,Gallia County
39.853322,-82.823711,Walmart Inc #10-5184,Moderna - Ages 6 months through 11 years,6148333930,https://www.walmart.com/store/5184,https://www.walmart.com/pharmacy/clinical-services/immunization/scheduled?imzType=covid,6674 Winchester Blvd,Canal Winchester,43110-2048,Franklin County
39.220322,-84.519106,Kroger Pharmacy #01400384,Pfizer-BioNTech - Ages 12 years and older,(513) 728-8650,www.krogerhealth.com,https://www.kroger.com/i/coronavirus-update/vaccine,8421 WINTON RD,CINCINNATI,45231,Hamilton County
39.307294,-84.279831,"CVS Pharmacy, Inc. #06090",Novavax - Ages 12 years and older,(513) 677-1222,https://www.cvs.com/store-locator/details-directions/006090,https://www.cvs.com/immunizations/covid-19-vaccine,8872 COLUMBIA RD.,MAINEVILLE,45039,Warren County
41.238714,-81.825278,Rite Aid #RA104953,Pfizer-BioNTech - Ages 12 years and older,330-220-7767,https://www.riteaid.com,https://www.riteaid.com/pharmacy/scheduler,3871 CENTER ROAD,BRUNSWICK,44212-3058,Medina County
41.495387,-84.30757,Rite Aid #RA102583,Moderna - Ages 12 years and older,419-446-2335,https://www.riteaid.com,https://www.riteaid.com/pharmacy/scheduler,1921 S. DEFIANCE ROAD,ARCHBOLD,43502-9491,Fulton County
40.725014,-84.073228,Sams Club #10-6375,Moderna - Ages 12 years and older,4192224050,https://www.samsclub.com/club/6375,https://www.samsclub.com/pharmacy/immunization?imzType=covid,1150 Greely Chapel Rd,Lima,45804-4162,Allen County
40.563306,-83.11765,Kroger Pharmacy #01600808,Moderna - Ages 6 months through 11 years,(740) 386-2321,www.krogerhealth.com,https://www.kroger.com/i/coronavirus-update/vaccine,1428 MARION WALDO RD,MARION,43302,Marion County
41.693127,-83.565929,Rite Aid #RA102309,Moderna - Ages 12 years and older,419-478-8177,https://www.riteaid.com,https://www.riteaid.com/pharmacy/scheduler,1012 WEST SYLVANIA AVENUE,TOLEDO,43612-1702,Lucas County
39.627398,-84.170771,"CVS Pharmacy, Inc. #03477",Novavax - Ages 12 years and older,(937) 433-7618,https://www.cvs.com/store-locator/details-directions/003477,https://www.cvs.com/immunizations/covid-19-vaccine,400 MIAMISBURG-CENTERVILLE ROAD,CENTERVILLE,45459,Montgomery County
39.097907,-84.263785,Meijer #148,Moderna - Ages 6 months through 11 years,513-943-5710,https://www.meijer.com/services/pharmacy.html,https://rx.meijer.com/appt/SV0001,888 Eastgate North Rd,Cincinnati,45245,Clermont County
39.658209,-84.10472,"CVS Pharmacy, Inc. #17057",Pfizer-BioNTech - Ages 12 years and older,(937) 439-9357,https://www.cvs.com/store-locator/details-directions/017057,https://www.cvs.com/immunizations/covid-19-vaccine,4341 FEEDWIRE RD,DAYTON,45440,Greene County
39.888055,-83.001725,Kroger Pharmacy #01600815,Moderna - Ages 6 months through 11 years,(614) 492-1081,www.krogerhealth.com,https://www.kroger.com/i/coronavirus-update/vaccine,3637 S HIGH ST,COLUMBUS,43207,Franklin County
39.876727,-83.036641,"CVS Pharmacy, Inc. #17158",Pfizer-BioNTech - Ages 5 through 11 years,(614) 305-3955,https://www.cvs.com/store-locator/details-directions/017158,https://www.cvs.com/immunizations/covid-19-vaccine,4144 BUCKEYE PKWY,GROVE CITY,43123,Franklin County
41.463364,-81.486165,"CVS Pharmacy, INC. #17878",Novavax - Ages 12 years and older,(216) 755-3870,https://www.cvs.com/store-locator/details-directions/017878,https://www.cvs.com/immunizations/covid-19-vaccine,27249 Chagrin Blvd.,Woodmere,44122-4211,Cuyahoga County
41.025642,-80.707893,Meijer #320,Moderna - Ages 12 years and older,234-287-3010,https://www.meijer.com/services/pharmacy.html,https://rx.meijer.com/appt/SV0001,1400 Boardman Canfield Rd.,Boardman,44512,Mahoning County
41.345776,-81.68367,Rite Aid #RA104764,Pfizer-BioNTech - Ages 12 years and older,440-717-1697,https://www.riteaid.com,https://www.riteaid.com/pharmacy/scheduler,8085 BROADVIEW ROAD,BROADVIEW HEIGHTS,44147-1203,Cuyahoga County
39.186009,-84.26582,Meijer #157,Moderna - Ages 12 years and older,513-576-5510,https://www.meijer.com/services/pharmacy.html,https://rx.meijer.com/appt/SV0001,1082 SR 28,Milford,45150,Clermont County
39.938869,-82.785143,Walmart Inc #10-2726,Moderna - Ages 6 months through 11 years,6143671015,https://www.walmart.com/store/2726,https://www.walmart.com/pharmacy/clinical-services/immunization/scheduled?imzType=covid,2793 Taylor Road Ext,Reynoldsburg,43068-9549,Fairfield County
40.117794,-83.0681,"CVS Pharmacy, Inc. #05434",Novavax - Ages 12 years and older,(614) 761-2553,https://www.cvs.com/store-locator/details-directions/005434,https://www.cvs.com/immunizations/covid-19-vaccine,1950 HARD ROAD,COLUMBUS,43235,Franklin County
39.745077,-84.396537,Rite Aid #RA100449,Pfizer-BioNTech - Ages 12 years and older,937-687-3456,https://www.riteaid.com,https://www.riteaid.com/pharmacy/scheduler,590 WEST MAIN STREET,NEW LEBANON,45345-1426,Montgomery County
40.86211,-81.431352,"CVS Pharmacy, Inc. #16247",Novavax - Ages 12 years and older,(330) 494-4098,https://www.cvs.com/store-locator/details-directions/016247,https://www.cvs.com/immunizations/covid-19-vaccine,5584 DRESSLER RD NW,NORTH CANTON,44720,Stark County
40.653278,-83.591859,"CVS Pharmacy, Inc. #06172",Moderna - Ages 12 years and older,(419) 673-0731,https://www.cvs.com/store-locator/details-directions/006172,https://www.cvs.com/immunizations/covid-19-vaccine,987 E. COLUMBUS ST.,KENTON,43326,Hardin County
41.36627,-81.512667,Sams Club #10-6302,Moderna - Ages 12 years and older,4402322582,https://www.samsclub.com/club/6302,https://www.samsclub.com/pharmacy/immunization?imzType=covid,23300 Broadway Ave,Oakwood Villiage,44146-6016,Cuyahoga County
39.506957,-84.745033,"CVS Pharmacy, Inc. #06084",Moderna - Ages 12 years and older,(513) 523-6378,https://www.cvs.com/store-locator/details-directions/006084,https://www.cvs.com/immunizations/covid-19-vaccine,123 W. SPRING ST.,OXFORD,45056,Butler County
40.118324,-83.08961,"CVS Pharmacy, Inc. #06161",Pfizer-BioNTech - Ages 12 years and older,(614) 889-8662,https://www.cvs.com/store-locator/details-directions/006161,https://www.cvs.com/immunizations/covid-19-vaccine,7470 SAWMILL RD.,DUBLIN,43016,Franklin County
39.260148,-84.471242,Kroger Pharmacy #01400433,Moderna - Ages 6 months through 11 years,(513) 771-2970,www.krogerhealth.com,https://www.kroger.com/i/coronavirus-update/vaccine,10595 SPRINGFIELD PIKE,CINCINNATI,45215,Hamilton County
41.484893,-81.805255,"CVS Pharmacy, Inc. #03340",Pfizer-BioNTech - Ages 12 years and older,(216) 221-7961,https://www.cvs.com/store-locator/details-directions/003340,https://www.cvs.com/immunizations/covid-19-vaccine,15501 DETROIT AVE.,LAKEWOOD,44107,Cuyahoga County
39.838268,-83.074306000000007,"CVS Pharmacy, Inc. #05458",Pfizer-BioNTech - Ages 5 through 11 years,(614) 277-2921,https://www.cvs.com/store-locator/details-directions/005458,https://www.cvs.com/immunizations/covid-19-vaccine,2565 LONDON GROVEPORT RD.,GROVE CITY,43123,Franklin County
39.42089,-84.589552,"CVS Pharmacy, Inc. #06083",Pfizer-BioNTech - Ages 5 through 11 years,(513) 863-8906,https://www.cvs.com/store-locator/details-directions/006083,https://www.cvs.com/immunizations/covid-19-vaccine,28 N. BROOKWOOD AVE.,HAMILTON,45013,Butler County
40.032899,-82.911243,"CVS Pharmacy, Inc. #09898",Pfizer-BioNTech - Ages 12 years and older,(614) 337-6210,https://www.cvs.com/store-locator/details-directions/009898,https://www.cvs.com/immunizations/covid-19-vaccine,2929 STELZER RD.,COLUMBUS,43219,Franklin County
39.930592,-83.145049,"CVS Pharmacy, Inc. #04621",Pfizer-BioNTech - Ages 5 through 11 years,(614) 853-3836,https://www.cvs.com/store-locator/details-directions/004621,https://www.cvs.com/immunizations/covid-19-vaccine,1001 NORTON RD.,GALLOWAY,43119,Franklin County
40.14979,-82.997149,"CVS Pharmacy, Inc. #02381",Pfizer-BioNTech - Ages 12 years and older,(614) 846-8027,https://www.cvs.com/store-locator/details-directions/002381,https://www.cvs.com/immunizations/covid-19-vaccine,9151 SOUTH OLD STATE ROAD,COLUMBUS,43035,Delaware County
39.764682,-84.158037,Rite Aid #RA103030,Moderna - Ages 6 months through 11 years,937-258-8101,https://www.riteaid.com,https://www.riteaid.com/pharmacy/scheduler,2532 EAST THIRD STREET,DAYTON,45403-2019,Montgomery County
39.128718,-82.982286,"CVS Pharmacy, Inc. #11086",Pfizer-BioNTech - Ages 12 years and older,(740) 947-2126,https://www.cvs.com/store-locator/details-directions/011086,https://www.cvs.com/immunizations/covid-19-vaccine,"210 E. EMMITT AVE.,",WAVERLY,45690,Pike County
41.100133,-80.76327,Rite Aid #RA100911,Moderna - Ages 6 months through 11 years,330-793-4409,https://www.riteaid.com,https://www.riteaid.com/pharmacy/scheduler,5498 MAHONING AVENUE,YOUNGSTOWN,44515-2418,Mahoning County
41.024218,-81.637714,"CVS Pharmacy, Inc. #03355",Novavax - Ages 12 years and older,(330) 825-2436,https://www.cvs.com/store-locator/details-directions/003355,https://www.cvs.com/immunizations/covid-19-vaccine,4195 S. CLEVELAND-MASSILLON ROAD,NORTON,44203,Summit County
40.058856,-82.385994,"CVS Pharmacy, Inc. #03094",Pfizer-BioNTech - Ages 12 years and older,(740) 345-4201,https://www.cvs.com/store-locator/details-directions/003094,https://www.cvs.com/immunizations/covid-19-vaccine,379 E. MAIN ST,NEWARK,43055,Licking County
41.717624,-83.744898,Rite Aid #RA107946,Pfizer-BioNTech - Ages 12 years and older,419-882-7241,https://www.riteaid.com,https://www.riteaid.com/pharmacy/scheduler,8310 SYLVANIA METAMORA ROAD,SYLVANIA,43560-9428,Lucas County
39.369773,-84.386196,"CVS Pharmacy, Inc. #02342",Pfizer-BioNTech - Ages 5 through 11 years,(513) 759-3301,https://www.cvs.com/store-locator/details-directions/002342,https://www.cvs.com/immunizations/covid-19-vaccine,7217 CINCINNATI-DAYTON ROAD,WEST CHESTER,45069,Butler County
38.729508,-82.86031,Rite Aid #RA101897,Pfizer-BioNTech - Ages 12 years and older,740-574-5054,https://www.riteaid.com,https://www.riteaid.com/pharmacy/scheduler,8130 OHIO RIVER ROAD,WHEELERSBURG,45694-1625,Scioto County
40.805,-82.974937,"CVS Pharmacy, Inc. #03406",Novavax - Ages 12 years and older,(419) 562-1354,https://www.cvs.com/store-locator/details-directions/003406,https://www.cvs.com/immunizations/covid-19-vaccine,101 EAST CHARLES STREET,BUCYRUS,44820,Crawford County
40.799197,-81.398233,"CVS Pharmacy, Inc. #10372",Pfizer-BioNTech - Ages 12 years and older,(330) 453-4845,https://www.cvs.com/store-locator/details-directions/010372,https://www.cvs.com/immunizations/covid-19-vaccine,2210 WEST TUSCARAWAS STREET,CANTON,44708,Stark County
40.777245,-82.47553,Rite Aid #RA102395,Pfizer-BioNTech - Ages 12 years and older,419-589-8843,https://www.riteaid.com,https://www.riteaid.com/pharmacy/scheduler,1075 ASHLAND ROAD,MANSFIELD,44905-2156,Richland County
40.117794,-83.0681,"CVS Pharmacy, Inc. #05434",Pfizer-BioNTech - Ages 12 years and older,(614) 761-2553,https://www.cvs.com/store-locator/details-directions/005434,https://www.cvs.com/immunizations/covid-19-vaccine,1950 HARD ROAD,COLUMBUS,43235,Franklin County
39.35117,-84.362988,Kroger Pharmacy #01400945,Moderna - Ages 12 years and older,(513) 777-7393,www.krogerhealth.com,https://www.kroger.com/i/coronavirus-update/vaccine,7855 TYLERSVILLE RD,WEST CHESTER,45069,Butler County
39.351194,-84.21979,Kroger Pharmacy #01400408,Pfizer-BioNTech - Ages 12 years and older,(513) 494-2215,www.krogerhealth.com,https://www.kroger.com/i/coronavirus-update/vaccine,5705 SOUTH ST RT 48,MAINEVILLE,45039,Warren County
41.609684,-83.714143000000007,Rite Aid #RA102343,Pfizer-BioNTech - Ages 12 years and older,419-866-8943,https://www.riteaid.com,https://www.riteaid.com/pharmacy/scheduler,7225 AIRPORT HIGHWAY,HOLLAND,43528-7829,Lucas County
40.859246,-84.59308,"CVS Pharmacy, Inc. #03312",Pfizer-BioNTech - Ages 12 years and older,(419) 238-2483,https://www.cvs.com/store-locator/details-directions/003312,https://www.cvs.com/immunizations/covid-19-vaccine,703 W ERVIN ST,VAN WERT,45891,Van Wert County
41.513681,-82.919859,Rite Aid #RA103179,Pfizer-BioNTech - Ages 12 years and older,419-734-5583,https://www.riteaid.com,https://www.riteaid.com/pharmacy/scheduler,1626 EAST PERRY STREET,PORT CLINTON,43452-1332,Ottawa County
40.264572,-83.070868,Kroger Pharmacy #01600857,Pfizer-BioNTech - Ages 5 through 11 years,(740) 363-0035,www.krogerhealth.com,https://www.kroger.com/i/coronavirus-update/vaccine,1840 COLUMBUS PIKE,DELAWARE,43015,Delaware County
41.101783,-81.438619,Rite Aid #RA101351,Moderna - Ages 6 months through 11 years,330-633-1150,https://www.riteaid.com,https://www.riteaid.com/pharmacy/scheduler,45 EAST AVENUE,TALLMADGE,44278-2339,Summit County
40.230327,-83.345876,Walmart Inc #10-1595,Moderna - Ages 6 months through 11 years,9376442800,https://www.walmart.com/store/1595,https://www.walmart.com/pharmacy/clinical-services/immunization/scheduled?imzType=covid,555 Colemans Crossing Blvd,Marysville,43040-7042,Union County
39.093141,-84.266665,Sams Club #10-6528,Pfizer-BioNTech - Ages 12 years and older,5137534865,https://www.samsclub.com/club/6528,https://www.samsclub.com/pharmacy/immunization?imzType=covid,815 Clepper Ln,Cincinnati,45245-1535,Clermont County
40.054419,-83.069736,"CVS Pharmacy, Inc. #06149",Pfizer-BioNTech - Ages 12 years and older,(614) 451-6555,https://www.cvs.com/store-locator/details-directions/006149,https://www.cvs.com/immunizations/covid-19-vaccine,1885 WEST HENDERSON ROAD,UPPER ARLINGTON,43220,Franklin County
40.859246,-84.59308,"CVS Pharmacy, Inc. #03312",Novavax - Ages 12 years and older,(419) 238-2483,https://www.cvs.com/store-locator/details-directions/003312,https://www.cvs.com/immunizations/covid-19-vaccine,703 W ERVIN ST,VAN WERT,45891,Van Wert County
41.226591,-80.741254,Sams Club #10-6327,Moderna - Ages 6 months through 11 years,3308567411,https://www.samsclub.com/club/6327,https://www.samsclub.com/pharmacy/immunization?imzType=covid,1040 Niles Courtland Rd SE,Warren,44484-2539,Trumbull County
41.341379,-81.529855,"CVS Pharmacy, Inc. #04336",Novavax - Ages 12 years and older,(330) 468-0132,https://www.cvs.com/store-locator/details-directions/004336,https://www.cvs.com/immunizations/covid-19-vaccine,10380 NORTHFIELD ROAD,NORTHFIELD,44067,Summit County
40.085704,-80.734694,"CVS Pharmacy, Inc. #06270",Novavax - Ages 12 years and older,(740) 633-0831,https://www.cvs.com/store-locator/details-directions/006270,https://www.cvs.com/immunizations/covid-19-vaccine,404 AETNA ST.,MARTINS FERRY,43935,Belmont County
39.647754,-84.107391,Walmart Inc #10-1503,Moderna - Ages 6 months through 11 years,9378483188,https://www.walmart.com/store/1503,https://www.walmart.com/pharmacy/clinical-services/immunization/scheduled?imzType=covid,6244 Wilmington Pike,Centerville,45459-7024,Greene County
41.155987,-80.585721,"CVS Pharmacy, Inc. #03044",Pfizer-BioNTech - Ages 12 years and older,(330) 534-3141,https://www.cvs.com/store-locator/details-directions/003044,https://www.cvs.com/immunizations/covid-19-vaccine,134 YOUNGSTOWN HUBBARD RD.,HUBBARD,44425,Trumbull County
41.618872,-83.482525,Meijer #116,Moderna - Ages 6 months through 11 years,419-697-2010,https://www.meijer.com/services/pharmacy.html,https://rx.meijer.com/appt/SV0001,1725 S Wheeling St,Oregon,43616,Lucas County
39.903571,-83.811098,Rite Aid #RA101186,Moderna - Ages 6 months through 11 years,937-323-5536,https://www.riteaid.com,https://www.riteaid.com/pharmacy/scheduler,1805 SOUTH LIMESTONE STREET,SPRINGFIELD,45505-4015,Clark County
39.897429,-83.436987,Kroger Pharmacy #01600388,Moderna - Ages 6 months through 11 years,(740) 852-7550,www.krogerhealth.com,https://www.kroger.com/i/coronavirus-update/vaccine,230 LAFAYETTE ST,LONDON,43140,Madison County
41.711439,-83.47965,Rite Aid #RA102331,Pfizer-BioNTech - Ages 12 years and older,419-726-8449,https://www.riteaid.com,https://www.riteaid.com/pharmacy/scheduler,4869 NORTH  SUMMIT STREET,TOLEDO,43611-2854,Lucas County
40.06824,-82.518161,"CVS Pharmacy, Inc. #00396",Novavax - Ages 12 years and older,(740) 587-0268,https://www.cvs.com/store-locator/details-directions/000396,https://www.cvs.com/immunizations/covid-19-vaccine,200 E. BROADWAY,GRANVILLE,43023,Licking County
39.920234,-83.121221,Kroger Pharmacy #01600519,Moderna - Ages 6 months through 11 years,(614) 878-1664,www.krogerhealth.com,https://www.kroger.com/i/coronavirus-update/vaccine,1585 GEORGESVILLE SQUARE DR,COLUMBUS,43228,Franklin County
40.898649,-81.405658,Rite Aid #RA102401,Moderna - Ages 12 years and older,330-499-3448,https://www.riteaid.com,https://www.riteaid.com/pharmacy/scheduler,7800 CLEVELAND AVE NW,NORTH CANTON,44720-5658,Stark County
41.005979,-81.6392,Rite Aid #RA104296,Pfizer-BioNTech - Ages 12 years and older,330-706-1004,https://www.riteaid.com,https://www.riteaid.com/pharmacy/scheduler,1403 WOOSTER ROAD WEST,BARBERTON,44203-7374,Summit County
39.074215,-84.311304,Kroger Pharmacy #01400431,Moderna - Ages 6 months through 11 years,(513) 528-6131,www.krogerhealth.com,https://www.kroger.com/i/coronavirus-update/vaccine,450 OHIO PIKE,CINCINNATI,45255,Clermont County
41.097479,-80.773918,Walmart Inc #10-2063,Moderna - Ages 6 months through 11 years,3302700001,https://www.walmart.com/store/2063,https://www.walmart.com/pharmacy/clinical-services/immunization/scheduled?imzType=covid,6001 Mahoning Ave,Austintown,44515-2227,Mahoning County
40.583322,-83.086214,Kroger Pharmacy #01600880,Moderna - Ages 12 years and older,(740) 389-2144,www.krogerhealth.com,https://www.kroger.com/i/coronavirus-update/vaccine,1608 MARION MOUNT GILEAD RD,MARION,43302,Marion County
39.227742,-83.621707,Walmart Inc #10-3515,Moderna - Ages 6 months through 11 years,9378400208,https://www.walmart.com/store/3515,https://www.walmart.com/pharmacy/clinical-services/immunization/scheduled?imzType=covid,540 Harry Sauner Rd,Hillsboro,45133-8298,Highland County
39.128468,-84.509274,Kroger Pharmacy #01400929,Pfizer-BioNTech - Ages 5 through 11 years,(513) 872-1520,www.krogerhealth.com,https://www.kroger.com/i/coronavirus-update/vaccine,1 W CORRY STREET,CINCINNATI,45219,Hamilton County
39.877494,-83.937658,Rite Aid #RA102303,Pfizer-BioNTech - Ages 12 years and older,937-864-1603,https://www.riteaid.com,https://www.riteaid.com/pharmacy/scheduler,101 WEST MAIN STREET,ENON,45323-1233,Clark County
41.630258,-83.556399,Rite Aid #RA102314,Moderna - Ages 6 months through 11 years,419-244-5781,https://www.riteaid.com,https://www.riteaid.com/pharmacy/scheduler,1605 BROADWAY STREET,TOLEDO,43609-3239,Lucas County
41.720305,-83.625157,Rite Aid #RA101217,Pfizer-BioNTech - Ages 12 years and older,419-473-2451,https://www.riteaid.com,https://www.riteaid.com/pharmacy/scheduler,5765 SECOR ROAD,TOLEDO,43623-0000,Lucas County
39.637937,-84.349439,"CVS Pharmacy, Inc. #05364",Pfizer-BioNTech - Ages 5 through 11 years,(937) 855-7296,https://www.cvs.com/store-locator/details-directions/005364,https://www.cvs.com/immunizations/covid-19-vaccine,"2375 BEECHWOOD DR.,",GERMANTOWN,45327,Montgomery County
41.462474,-81.769559,Rite Aid #RA103486,Moderna - Ages 12 years and older,216-671-1411,https://www.riteaid.com,https://www.riteaid.com/pharmacy/scheduler,11702 LORAIN AVENUE,CLEVELAND,44111-5442,Cuyahoga County
40.032155,-82.451313,"CVS Pharmacy, Inc. #16383",Pfizer-BioNTech - Ages 5 through 11 years,(740) 788-8588,https://www.cvs.com/store-locator/details-directions/016383,https://www.cvs.com/immunizations/covid-19-vaccine,270 AIRPORT PKWY,HEATH,43056,Licking County
39.444597,-83.826669,"CVS Pharmacy, Inc. #06098",Novavax - Ages 12 years and older,(937) 382-3232,https://www.cvs.com/store-locator/details-directions/006098,https://www.cvs.com/immunizations/covid-19-vaccine,120 MAIN STREET E.,WILMINGTON,45177,Clinton County
41.077163,-81.498774,"CVS Pharmacy, Inc. #04800",Novavax - Ages 12 years and older,(330) 535-2700,https://www.cvs.com/store-locator/details-directions/004800,https://www.cvs.com/immunizations/covid-19-vaccine,590 EAST MARKET STREET,AKRON,44304,Summit County
41.88282,-80.798759,Rite Aid #RA103032,Moderna - Ages 6 months through 11 years,440-993-0906,https://www.riteaid.com,https://www.riteaid.com/pharmacy/scheduler,2148 LAKE AVENUE,ASHTABULA,44004-3436,Ashtabula County
39.730024,-82.6215,"CVS Pharmacy, Inc. #16384",Novavax - Ages 12 years and older,(740) 681-1875,https://www.cvs.com/store-locator/details-directions/016384,https://www.cvs.com/immunizations/covid-19-vaccine,1300 RIVER VALLEY BLVD,LANCASTER,43130,Fairfield County
39.876727,-83.036641,"CVS Pharmacy, Inc. #17158",Novavax - Ages 12 years and older,(614) 305-3955,https://www.cvs.com/store-locator/details-directions/017158,https://www.cvs.com/immunizations/covid-19-vaccine,4144 BUCKEYE PKWY,GROVE CITY,43123,Franklin County
39.369773,-84.386196,"CVS Pharmacy, Inc. #02342",Pfizer-BioNTech - Ages 12 years and older,(513) 759-3301,https://www.cvs.com/store-locator/details-directions/002342,https://www.cvs.com/immunizations/covid-19-vaccine,7217 CINCINNATI-DAYTON ROAD,WEST CHESTER,45069,Butler County
41.479995,-81.842441,"CVS Pharmacy, Inc. #03697",Moderna - Ages 6 months through 11 years,(440) 356-1999,https://www.cvs.com/store-locator/details-directions/003697,https://www.cvs.com/immunizations/covid-19-vaccine,19950 DETROIT RD,ROCKY RIVER,44116,Cuyahoga County
41.601658,-83.626238,"CVS Pharmacy, Inc. #11155",Pfizer-BioNTech - Ages 12 years and older,(419) 389-9112,https://www.cvs.com/store-locator/details-directions/011155,https://www.cvs.com/immunizations/covid-19-vaccine,2104 S. BYRNE RD,TOLEDO,43614,Lucas County
41.112729,-83.208602,Kroger Pharmacy #01600594,Moderna - Ages 6 months through 11 years,(419) 447-8304,www.krogerhealth.com,https://www.kroger.com/i/coronavirus-update/vaccine,790 W MARKET ST,TIFFIN,44883,Seneca County
39.194842,-84.658094,Meijer #223,Moderna - Ages 6 months through 11 years,513-598-2064,https://www.meijer.com/services/pharmacy.html,https://rx.meijer.com/appt/SV0001,6550 Harrison Rd,Cincinnati,45247,Hamilton County
41.421616,-82.082248,Sams Club #10-6314,Moderna - Ages 6 months through 11 years,4409347567,https://www.samsclub.com/club/6314,https://www.samsclub.com/pharmacy/immunization?imzType=covid,5225 Cobblestone Rd,Sheffield Village,44035-1489,Lorain County
39.22543,-83.619448,Kroger Pharmacy #01400380,Moderna - Ages 6 months through 11 years,(937) 840-9374,www.krogerhealth.com,https://www.kroger.com/i/coronavirus-update/vaccine,575 HARRY SAUNER RD,HILLSBORO,45133,Highland County
41.009938,-81.590573,"CVS Pharmacy, Inc. #03320",Novavax - Ages 12 years and older,(330) 753-1013,https://www.cvs.com/store-locator/details-directions/003320,https://www.cvs.com/immunizations/covid-19-vaccine,426 ROBINSON AVE.,BARBERTON,44203,Summit County
41.467986,-81.771695,"CVS Pharmacy, Inc. #17303",Novavax - Ages 12 years and older,(216) 325-0773,https://www.cvs.com/store-locator/details-directions/017303,https://www.cvs.com/immunizations/covid-19-vaccine,3100 W 117TH ST,CLEVELAND,44111,Cuyahoga County
41.500882,-81.537701,"CVS Pharmacy, Inc. #03347",Moderna - Ages 12 years and older,(216) 371-0877,https://www.cvs.com/store-locator/details-directions/003347,https://www.cvs.com/immunizations/covid-19-vaccine,13956 CEDAR RD.,UNIVERSITY HEIGHTS,44118,Cuyahoga County
41.055598,-83.672408,Walmart Inc #10-3840,Moderna - Ages 6 months through 11 years,4194252186,https://www.walmart.com/store/3840,https://www.walmart.com/pharmacy/clinical-services/immunization/scheduled?imzType=covid,1161 Trenton Ave,Findlay,45840-1919,Hancock County
39.716117,-82.579288,Kroger Pharmacy #01600931,Moderna - Ages 12 years and older,(740) 653-2369,www.krogerhealth.com,https://www.kroger.com/i/coronavirus-update/vaccine,1141 E MAIN ST,LANCASTER,43130,Fairfield County
40.148072,-82.919901,Kroger Pharmacy #01600847,Pfizer-BioNTech - Ages 12 years and older,(614) 794-5550,www.krogerhealth.com,https://www.kroger.com/i/coronavirus-update/vaccine,7345 STATE ROUTE 3,WESTERVILLE,43082,Delaware County
39.991123,-83.148986,"CVS Pharmacy, Inc. #17422",Novavax - Ages 12 years and older,(614) 219-5161,https://www.cvs.com/store-locator/details-directions/017422,https://www.cvs.com/immunizations/covid-19-vaccine,1970 HILLIARD ROME RD,HILLIARD,43026,Franklin County
39.325026,-84.636917,"CVS Pharmacy, Inc. #05433",Pfizer-BioNTech - Ages 5 through 11 years,(513) 738-4666,https://www.cvs.com/store-locator/details-directions/005433,https://www.cvs.com/immunizations/covid-19-vaccine,3733 HAMILTON-CLEVES ROAD,HAMILTON,45013,Butler County
39.142839,-84.622894,Kroger Pharmacy #01400948,Pfizer-BioNTech - Ages 12 years and older,(513) 719-2420,www.krogerhealth.com,https://www.kroger.com/i/coronavirus-update/vaccine,6165 GLENWAY AVE,CINCINNATI,45211,Hamilton County
40.794197,-81.422232,Walmart Inc #10-5410,Moderna - Ages 6 months through 11 years,3304799620,https://www.walmart.com/store/5410,https://www.walmart.com/pharmacy/clinical-services/immunization/scheduled?imzType=covid,4004 Tuscarawas St W,Canton,44708-5503,Stark County
40.846225,-81.440109,Meijer #325,Moderna - Ages 12 years and older,234-804-0890,https://www.meijer.com/services/pharmacy.html,https://rx.meijer.com/appt/SV0001,4866 Fulton Drive,Canton,44718,Stark County
40.554329,-84.540425,Walmart Inc #10-1433,Moderna - Ages 6 months through 11 years,4195863777,https://www.walmart.com/store/1433,https://www.walmart.com/pharmacy/clinical-services/immunization/scheduled?imzType=covid,1950 Havemann Rd,Celina,45822-9300,Mercer County
40.033516,-83.179052,"CVS Pharmacy, Inc. #07097",Moderna - Ages 12 years and older,(614) 529-2604,https://www.cvs.com/store-locator/details-directions/007097,https://www.cvs.com/immunizations/covid-19-vaccine,6300 SCIOTO DARBY RD.,HILLIARD,43026,Franklin County
38.898614,-82.571307,"CVS Pharmacy, Inc. #03612",Pfizer-BioNTech - Ages 12 years and older,(740) 682-3525,https://www.cvs.com/store-locator/details-directions/003612,https://www.cvs.com/immunizations/covid-19-vaccine,407 NORTH FRONT ST,OAK HILL,45656,Jackson County
39.15327,-84.431422,"CVS Pharmacy, Inc. #06095",Novavax - Ages 12 years and older,(513) 321-9980,https://www.cvs.com/store-locator/details-directions/006095,https://www.cvs.com/immunizations/covid-19-vaccine,3086 MADISON RD.,CINCINNATI,45209,Hamilton County
39.287453,-84.486061,"CVS Pharmacy, Inc. #06996",Novavax - Ages 12 years and older,(513) 851-5063,https://www.cvs.com/store-locator/details-directions/006996,https://www.cvs.com/immunizations/covid-19-vaccine,11601 SPRINGFIELD PIKE,SPRINGDALE,45246,Hamilton County
40.290553,-84.192632,Walmart Inc #10-1331,Moderna - Ages 6 months through 11 years,9374982371,https://www.walmart.com/store/1331,https://www.walmart.com/pharmacy/clinical-services/immunization/scheduled?imzType=covid,2400 West Michigan St,Sidney,45365-9080,Shelby County
39.728803,-84.057965,"CVS Pharmacy, Inc. #03458",Pfizer-BioNTech - Ages 5 through 11 years,(937) 426-4478,https://www.cvs.com/store-locator/details-directions/003458,https://www.cvs.com/immunizations/covid-19-vaccine,1331 NORTH FAIRFIELD ROAD,BEAVERCREEK,45432,Greene County
40.053507,-82.908279,Costco Wholesale Corporation #1160,Moderna - Ages 6 months through 11 years,(614)-934-6221,https://www.costco.com/pharmacy/adult-immunization-program.html,https://www.costco.com/pharmacy/adult-immunization-program.html,3888 STELZER ROAD,COLUMBUS,43219,Franklin County
39.910692,-82.778111,"CVS Pharmacy, Inc. #06185",Pfizer-BioNTech - Ages 5 through 11 years,(614) 866-7076,https://www.cvs.com/store-locator/details-directions/006185,https://www.cvs.com/immunizations/covid-19-vaccine,1100 HILL RD. N,PICKERINGTON,43147,Fairfield County
40.075741,-80.87263,Kroger Pharmacy #01600812,Pfizer-BioNTech - Ages 12 years and older,(740) 695-7170,www.krogerhealth.com,https://www.kroger.com/i/coronavirus-update/vaccine,50789 VALLEY PLAZA DR,ST CLAIRSVILLE,43950,Belmont County
41.282824,-82.064463,Rite Aid #RA103365,Moderna - Ages 12 years and older,440-926-2126,https://www.riteaid.com,https://www.riteaid.com/pharmacy/scheduler,479 MAIN STREET,GRAFTON,44044-1257,Lorain County
41.461876,-81.479802,"CVS Pharmacy, Inc. #03301",Novavax - Ages 12 years and older,(216) 831-1466,https://www.cvs.com/store-locator/details-directions/003301,https://www.cvs.com/immunizations/covid-19-vaccine,28100 CHAGRIN BLVD.,WOODMERE,44122,Cuyahoga County
41.283648,-82.216228,"CVS Pharmacy, Inc. #04805",Pfizer-BioNTech - Ages 5 through 11 years,(440) 774-3531,https://www.cvs.com/store-locator/details-directions/004805,https://www.cvs.com/immunizations/covid-19-vaccine,297 S MAIN ST,OBERLIN,44074,Lorain County
39.01628,-84.198795,Walmart Inc #10-3342,Moderna - Ages 6 months through 11 years,5137975700,https://www.walmart.com/store/3342,https://www.walmart.com/pharmacy/clinical-services/immunization/scheduled?imzType=covid,1815 State Route 125,Amelia,45102-2565,Clermont County
40.097803999999996,-83.122974,"CVS Pharmacy, Inc. #06150",Pfizer-BioNTech - Ages 5 through 11 years,(614) 889-6530,https://www.cvs.com/store-locator/details-directions/006150,https://www.cvs.com/immunizations/covid-19-vaccine,305 W. BRIDGE ST.,DUBLIN,43017,Franklin County
40.396033,-81.346903,Rite Aid #RA102414,Moderna - Ages 6 months through 11 years,740-922-7587,https://www.riteaid.com,https://www.riteaid.com/pharmacy/scheduler,735 NORTH WATER STREET,UHRICHSVILLE,44683-1455,Tuscarawas County
39.54577,-82.433634,Kroger Pharmacy #01600542,Moderna - Ages 12 years and older,(740) 380-2041,www.krogerhealth.com,https://www.kroger.com/i/coronavirus-update/vaccine,31550 CHIEFTAIN DR,LOGAN,43138,Hocking County
39.176359,-84.281535,Kroger Pharmacy #01400411,Moderna - Ages 12 years and older,(513) 831-4269,www.krogerhealth.com,https://www.kroger.com/i/coronavirus-update/vaccine,824 MAIN ST,MILFORD,45150,Clermont County
39.475296,-83.83943,Walmart Inc #10-1264,Moderna - Ages 6 months through 11 years,9375924700,https://www.walmart.com/store/1264,https://www.walmart.com/pharmacy/clinical-services/immunization/scheduled?imzType=covid,2281 US Highway 68 S,Bellefontaine,43311-8904,Clinton County
40.396033,-81.346903,Rite Aid #RA102414,Pfizer-BioNTech - Ages 12 years and older,740-922-7587,https://www.riteaid.com,https://www.riteaid.com/pharmacy/scheduler,735 NORTH WATER STREET,UHRICHSVILLE,44683-1455,Tuscarawas County
41.11277,-83.199353,Rite Aid #RA103191,Moderna - Ages 12 years and older,419-443-0189,https://www.riteaid.com,https://www.riteaid.com/pharmacy/scheduler,530 WEST MARKET STREET,TIFFIN,44883-2610,Seneca County
41.539268,-81.498328,"CVS Pharmacy, Inc. #03032",Pfizer-BioNTech - Ages 12 years and older,(216) 291-1250,https://www.cvs.com/store-locator/details-directions/003032,https://www.cvs.com/immunizations/covid-19-vaccine,"4961 MONTICELLO BLVD,",RICHMOND HEIGHTS,44143,Cuyahoga County
39.988451,-82.784428,"CVS Pharmacy, Inc. #17174",Novavax - Ages 12 years and older,(614) 322-9706,https://www.cvs.com/store-locator/details-directions/017174,https://www.cvs.com/immunizations/covid-19-vaccine,8100 E BROAD ST,REYNOLDSBURG,43068,Franklin County
39.922705,-83.770111,"CVS Pharmacy, Inc. #06186",Pfizer-BioNTech - Ages 12 years and older,(937) 323-6423,https://www.cvs.com/store-locator/details-directions/006186,https://www.cvs.com/immunizations/covid-19-vaccine,2565 EAST MAIN ST.,SPRINGFIELD,45503,Clark County
40.15058,-82.976701,Costco Wholesale Corporation #632,Novavax - Ages 12 years and older,(614)-987-1909,https://www.costco.com/pharmacy/adult-immunization-program.html,https://www.costco.com/pharmacy/adult-immunization-program.html,1500 GEMINI PLACE,COLUMBUS,43240,Delaware County
40.203199,-83.027599,Kroger Pharmacy #01600805,Moderna - Ages 12 years and older,(740) 888-1290,www.krogerhealth.com,https://www.kroger.com/i/coronavirus-update/vaccine,6417 COLUMBUS PIKE,LEWIS CENTER,43035,Delaware County
39.413623,-81.451545,"CVS Pharmacy, Inc. #03422",Novavax - Ages 12 years and older,(740) 373-2961,https://www.cvs.com/store-locator/details-directions/003422,https://www.cvs.com/immunizations/covid-19-vaccine,131 3RD ST.,MARIETTA,45750,Washington County
41.307989,-81.834431,Rite Aid #RA103091,Pfizer-BioNTech - Ages 12 years and older,440-572-0455,https://www.riteaid.com,https://www.riteaid.com/pharmacy/scheduler,14701 PEARL ROAD,STRONGSVILLE,44136-5026,Cuyahoga County
40.881032,-82.655687,Rite Aid #RA101282,Moderna - Ages 12 years and older,419-347-1506,https://www.riteaid.com,https://www.riteaid.com/pharmacy/scheduler,11 MANSFIELD AVENUE,SHELBY,44875-1367,Richland County
40.842618,-84.328772,Rite Aid #RA103185,Moderna - Ages 12 years and older,419-695-8055,https://www.riteaid.com,https://www.riteaid.com/pharmacy/scheduler,940 ELIDA AVENUE,DELPHOS,45833-1778,Allen County
40.839034,-81.763748,Rite Aid #RA104814,Pfizer-BioNTech - Ages 12 years and older,330-683-8711,https://www.riteaid.com,https://www.riteaid.com/pharmacy/scheduler,222 SOUTH MAIN STREET,ORRVILLE,44667-1910,Wayne County
41.565988,-83.654882,Rite Aid #RA106679,Moderna - Ages 12 years and older,419-893-5533,https://www.riteaid.com,https://www.riteaid.com/pharmacy/scheduler,105 GOLDEN GATE PLAZA,MAUMEE,43537-2875,Lucas County
40.789123,-82.591995,Meijer #126,Moderna - Ages 12 years and older,419-747-8310,https://www.meijer.com/services/pharmacy.html,https://rx.meijer.com/appt/SV0001,1355 N Lexington-Springmill Rd,Mansfield,44906,Richland County
39.12761,-84.510872,"CVS Pharmacy, Inc. #02715",Pfizer-BioNTech - Ages 5 through 11 years,(513) 569-4301,https://www.cvs.com/store-locator/details-directions/002715,https://www.cvs.com/immunizations/covid-19-vaccine,17 WILLIAM H. TAFT RD.,CINCINNATI,45219,Hamilton County
39.377157,-84.376054,Kroger Pharmacy #01400383,Moderna - Ages 12 years and older,(513) 342-3260,www.krogerhealth.com,https://www.kroger.com/i/coronavirus-update/vaccine,7300 YANKEE RD,MIDDLETOWN,45044,Butler County
41.161377,-80.702816,Rite Aid #RA102077,Moderna - Ages 6 months through 11 years,330-545-8414,https://www.riteaid.com,https://www.riteaid.com/pharmacy/scheduler,713 NORTH STATE STREET,GIRARD,44420-1750,Trumbull County
39.838268,-83.074306000000007,"CVS Pharmacy, Inc. #05458",Novavax - Ages 12 years and older,(614) 277-2921,https://www.cvs.com/store-locator/details-directions/005458,https://www.cvs.com/immunizations/covid-19-vaccine,2565 LONDON GROVEPORT RD.,GROVE CITY,43123,Franklin County
41.626824,-81.429014,Rite Aid #RA103011,Moderna - Ages 12 years and older,440-942-4288,https://www.riteaid.com,https://www.riteaid.com/pharmacy/scheduler,36212 EUCLID AVENUE,WILLOUGHBY,44094-4413,Lake County
41.432033,-82.694579,Kroger Pharmacy #01600858,Moderna - Ages 12 years and older,(419) 239-2624,www.krogerhealth.com,https://www.kroger.com/i/coronavirus-update/vaccine,226 E PERKINS AVE,SANDUSKY,44870,Erie County
39.158672,-84.455498,Kroger Pharmacy #01400418,Pfizer-BioNTech - Ages 12 years and older,(513) 841-6620,www.krogerhealth.com,https://www.kroger.com/i/coronavirus-update/vaccine,4500 MONTGOMERY RD,NORWOOD,45212,Hamilton County
41.188609,-80.980761,Rite Aid #RA104280,Moderna - Ages 6 months through 11 years,330-872-4442,https://www.riteaid.com,https://www.riteaid.com/pharmacy/scheduler,325 WEST BROAD STREET,NEWTON FALLS,44444-1712,Trumbull County
41.11277,-83.199353,Rite Aid #RA103191,Moderna - Ages 6 months through 11 years,419-443-0189,https://www.riteaid.com,https://www.riteaid.com/pharmacy/scheduler,530 WEST MARKET STREET,TIFFIN,44883-2610,Seneca County
40.575228,-81.090082,Rite Aid #RA103468,Moderna - Ages 12 years and older,330-627-5229,https://www.riteaid.com,https://www.riteaid.com/pharmacy/scheduler,340 WEST MAIN STREET,CARROLLTON,44615-1348,Carroll County
39.251152,-84.603918,Meijer #240,Moderna - Ages 12 years and older,513-245-7564,https://www.meijer.com/services/pharmacy.html,https://rx.meijer.com/appt/SV0001,3711 Stone Creek Blvd,Cincinnati,45251,Hamilton County
41.235885,-80.810052,"CVS Pharmacy, Inc. #04606",Novavax - Ages 12 years and older,(330) 393-5205,https://www.cvs.com/store-locator/details-directions/004606,https://www.cvs.com/immunizations/covid-19-vaccine,620 E MARKET ST,WARREN,44481,Trumbull County
41.460605,-81.960059,"CVS Pharmacy, Inc. #04304",Novavax - Ages 12 years and older,(440) 835-3271,https://www.cvs.com/store-locator/details-directions/004304,https://www.cvs.com/immunizations/covid-19-vaccine,30791 DETROIT RD,WESTLAKE,44145,Cuyahoga County
39.896279,-83.438217,"CVS Pharmacy, Inc. #06191",Novavax - Ages 12 years and older,(740) 852-5644,https://www.cvs.com/store-locator/details-directions/006191,https://www.cvs.com/immunizations/covid-19-vaccine,214 LAFAYETTE ST.,LONDON,43140,Madison County
40.025796,-82.444978,Kroger Pharmacy #01600926,Moderna - Ages 6 months through 11 years,(740) 522-3693,www.krogerhealth.com,https://www.kroger.com/i/coronavirus-update/vaccine,910 HEBRON RD,HEATH,43056,Licking County
39.335308,-82.066931,Walmart Inc #10-3486,Moderna - Ages 6 months through 11 years,7405943398,https://www.walmart.com/store/3486,https://www.walmart.com/pharmacy/clinical-services/immunization/scheduled?imzType=covid,929 E State St,Athens,45701-2117,Athens County
40.054592,-84.242512,Meijer #112,Moderna - Ages 6 months through 11 years,937-335-1811,https://www.meijer.com/services/pharmacy.html,https://rx.meijer.com/appt/SV0001,1900 W Main St,Troy,45373,Miami County
41.417836,-81.89669,Walmart Inc #10-2316,Pfizer-BioNTech - Ages 12 years and older,4409799234,https://www.walmart.com/store/2316,https://www.walmart.com/pharmacy/clinical-services/immunization/scheduled?imzType=covid,24801 Brookpark Rd,North Olmsted,44070-3487,Cuyahoga County
39.158672,-84.455498,Kroger Pharmacy #01400418,Moderna - Ages 12 years and older,(513) 841-6620,www.krogerhealth.com,https://www.kroger.com/i/coronavirus-update/vaccine,4500 MONTGOMERY RD,NORWOOD,45212,Hamilton County
39.039623,-83.923465,Kroger Pharmacy #01400920,Pfizer-BioNTech - Ages 5 through 11 years,(937) 444-6911,www.krogerhealth.com,https://www.kroger.com/i/coronavirus-update/vaccine,210 STERLING RUN BLVD,MOUNT ORAB,45154,Brown County
39.35117,-84.362988,Kroger Pharmacy #01400945,Pfizer-BioNTech - Ages 12 years and older,(513) 777-7393,www.krogerhealth.com,https://www.kroger.com/i/coronavirus-update/vaccine,7855 TYLERSVILLE RD,WEST CHESTER,45069,Butler County
39.130969,-82.98069,Rite Aid #RA104708,Moderna - Ages 12 years and older,740-941-3017,https://www.riteaid.com,https://www.riteaid.com/pharmacy/scheduler,501 EAST EMMITT AVENUE,WAVERLY,45690-1206,Pike County
39.104044,-84.512609,"CVS Pharmacy, Inc. #06131",Novavax - Ages 12 years and older,(513) 721-5450,https://www.cvs.com/store-locator/details-directions/006131,https://www.cvs.com/immunizations/covid-19-vaccine,36 E. SEVENTH ST.,CINCINNATI,45202,Hamilton County
41.309151,-82.974266,Rite Aid #RA103230,Pfizer-BioNTech - Ages 12 years and older,419-547-7991,https://www.riteaid.com,https://www.riteaid.com/pharmacy/scheduler,710 NORTH MAIN STREET,CLYDE,43410-1647,Sandusky County
40.653278,-83.591859,"CVS Pharmacy, Inc. #06172",Novavax - Ages 12 years and older,(419) 673-0731,https://www.cvs.com/store-locator/details-directions/006172,https://www.cvs.com/immunizations/covid-19-vaccine,987 E. COLUMBUS ST.,KENTON,43326,Hardin County
41.691137,-83.624118,Rite Aid #RA106683,Pfizer-BioNTech - Ages 12 years and older,419-472-8027,https://www.riteaid.com,https://www.riteaid.com/pharmacy/scheduler,3911 SECOR ROAD,TOLEDO,43623-4404,Lucas County
40.077821,-80.871823,"CVS Pharmacy, Inc. #06271",Novavax - Ages 12 years and older,(740) 695-6322,https://www.cvs.com/store-locator/details-directions/006271,https://www.cvs.com/immunizations/covid-19-vaccine,68501 ADDIE WAY,SAINT CLAIRSVILLE,43950,Belmont County
39.937092,-83.835784,Kroger Pharmacy #01400832,Pfizer-BioNTech - Ages 5 through 11 years,(937) 323-0282,www.krogerhealth.com,https://www.kroger.com/i/coronavirus-update/vaccine,965 N BECHTLE AVE,SPRINGFIELD,45504,Clark County
40.400589,-82.45869,Kroger Pharmacy #01600820,Pfizer-BioNTech - Ages 5 through 11 years,(740) 393-2487,www.krogerhealth.com,https://www.kroger.com/i/coronavirus-update/vaccine,855 COSHOCTON AVE,MOUNT VERNON,43050,Knox County
40.902303,-81.134172,Rite Aid #RA102404,Moderna - Ages 12 years and older,330-823-0850,https://www.riteaid.com,https://www.riteaid.com/pharmacy/scheduler,1895 WEST STATE STREET,ALLIANCE,44601-3538,Stark County
41.520513,-81.466476,"CVS Pharmacy, Inc. #04607",Novavax - Ages 12 years and older,(440) 646-1555,https://www.cvs.com/store-locator/details-directions/004607,https://www.cvs.com/immunizations/covid-19-vaccine,5901 MAYFIELD RD.,MAYFIELD HEIGHTS,44124,Cuyahoga County
40.160944,-83.021703,Meijer #143,Moderna - Ages 12 years and older,740-548-0010,https://www.meijer.com/services/pharmacy.html,https://rx.meijer.com/appt/SV0001,8870 Columbus Pike,Lewis Center,43035,Delaware County
41.163266,-83.415488,Kroger Pharmacy #01600856,Pfizer-BioNTech - Ages 5 through 11 years,(419) 435-4190,www.krogerhealth.com,https://www.kroger.com/i/coronavirus-update/vaccine,126 W HIGH ST,FOSTORIA,44830,Seneca County
39.250121,-84.791274,Kroger Pharmacy #01400907,Moderna - Ages 6 months through 11 years,(513) 367-2382,www.krogerhealth.com,https://www.kroger.com/i/coronavirus-update/vaccine,10477 HARRISON AVE,HARRISON,45030,Hamilton County
39.187035,-84.605185,Sams Club #10-6450,Pfizer-BioNTech - Ages 12 years and older,5136610800,https://www.samsclub.com/club/6450,https://www.samsclub.com/pharmacy/immunization?imzType=covid,5375 N Bend Rd,Cincinnati,45247-7601,Hamilton County
39.522515,-83.456185,Walmart Inc #10-3251,Moderna - Ages 6 months through 11 years,7403333171,https://www.walmart.com/store/3251,https://www.walmart.com/pharmacy/clinical-services/immunization/scheduled?imzType=covid,1397 Leesburg Ave,Washington Court House,43160-8655,Fayette County
41.479995,-81.842441,"CVS Pharmacy, Inc. #03697",Novavax - Ages 12 years and older,(440) 356-1999,https://www.cvs.com/store-locator/details-directions/003697,https://www.cvs.com/immunizations/covid-19-vaccine,19950 DETROIT RD,ROCKY RIVER,44116,Cuyahoga County
41.462206,-82.009632,"CVS Pharmacy, Inc. #16666",Novavax - Ages 12 years and older,(440) 937-4308,https://www.cvs.com/store-locator/details-directions/016666,https://www.cvs.com/immunizations/covid-19-vaccine,35830 DETROIT RD,AVON,44011,Lorain County
41.022048,-83.648725,Kroger Pharmacy #01600510,Moderna - Ages 6 months through 11 years,(419) 423-4721,www.krogerhealth.com,https://www.kroger.com/i/coronavirus-update/vaccine,101 6TH ST,FINDLAY,45840,Hancock County
39.632678,-84.213717,"CVS Pharmacy, Inc. #16600",Novavax - Ages 12 years and older,(937) 435-4096,https://www.cvs.com/store-locator/details-directions/016600,https://www.cvs.com/immunizations/covid-19-vaccine,2300 MIAMISBURG CENTERVILLE RD,DAYTON,45459,Montgomery County
40.111228,-82.924104,Walmart Inc #10-5857,Moderna - Ages 6 months through 11 years,6149484402,https://www.walmart.com/store/5857,https://www.walmart.com/pharmacy/clinical-services/immunization/scheduled?imzType=covid,50 E Schrock Rd,Westerville,43081-2915,Franklin County
41.520543,-81.437255,"CVS Pharmacy, Inc. #03343",Novavax - Ages 12 years and older,(440) 442-1484,https://www.cvs.com/store-locator/details-directions/003343,https://www.cvs.com/immunizations/covid-19-vaccine,1491 SOM CENTER RD,MAYFIELD HEIGHTS,44124,Cuyahoga County
39.984377,-82.816428,Kroger Pharmacy #01600853,Moderna - Ages 12 years and older,(614) 575-3741,www.krogerhealth.com,https://www.kroger.com/i/coronavirus-update/vaccine,7000 E BROAD ST,COLUMBUS,43213,Franklin County
39.838268,-83.074306000000007,"CVS Pharmacy, Inc. #05458",Pfizer-BioNTech - Ages 12 years and older,(614) 277-2921,https://www.cvs.com/store-locator/details-directions/005458,https://www.cvs.com/immunizations/covid-19-vaccine,2565 LONDON GROVEPORT RD.,GROVE CITY,43123,Franklin County
41.307989,-81.834431,Rite Aid #RA103091,Moderna - Ages 12 years and older,440-572-0455,https://www.riteaid.com,https://www.riteaid.com/pharmacy/scheduler,14701 PEARL ROAD,STRONGSVILLE,44136-5026,Cuyahoga County
39.425405,-84.593666,Kroger Pharmacy #01400909,Pfizer-BioNTech - Ages 12 years and older,(513) 868-6578,www.krogerhealth.com,https://www.kroger.com/i/coronavirus-update/vaccine,1474 MAIN ST,HAMILTON,45013,Butler County
41.046694,-80.61513,"CVS Pharmacy, Inc. #04342",Novavax - Ages 12 years and older,(330) 755-0666,https://www.cvs.com/store-locator/details-directions/004342,https://www.cvs.com/immunizations/covid-19-vaccine,900 YOUNGSTOWN-POLAND ROAD,STRUTHERS,44471,Mahoning County
39.534163,-83.445847,Kroger Pharmacy #01600822,Moderna - Ages 12 years and older,(740) 335-4062,www.krogerhealth.com,https://www.kroger.com/i/coronavirus-update/vaccine,548 CLINTON AVE,WASHINGTON COURT HOUSE,43160,Fayette County
41.135209,-81.8664,"CVS Pharmacy, Inc. #04360",Pfizer-BioNTech - Ages 5 through 11 years,(330) 725-1888,https://www.cvs.com/store-locator/details-directions/004360,https://www.cvs.com/immunizations/covid-19-vaccine,401 S ELMWOOD AVE,MEDINA,44256,Medina County
39.073174,-84.348923,"CVS Pharmacy, Inc. #06123",Novavax - Ages 12 years and older,(513) 231-4591,https://www.cvs.com/store-locator/details-directions/006123,https://www.cvs.com/immunizations/covid-19-vaccine,7500 BEECHMONT AVE,CINCINNATI,45255,Hamilton County
39.425405,-84.593666,Kroger Pharmacy #01400909,Moderna - Ages 12 years and older,(513) 868-6578,www.krogerhealth.com,https://www.kroger.com/i/coronavirus-update/vaccine,1474 MAIN ST,HAMILTON,45013,Butler County
39.148749,-84.402552,Walmart Inc #10-2250,Pfizer-BioNTech - Ages 12 years and older,5133519818,https://www.walmart.com/store/2250,https://www.walmart.com/pharmacy/clinical-services/immunization/scheduled?imzType=covid,4000 Red Bank Rd,Cincinnati,45227-3416,Hamilton County
40.764658,-83.82269,Rite Aid #RA107844,Pfizer-BioNTech - Ages 12 years and older,419-634-0888,https://www.riteaid.com,https://www.riteaid.com/pharmacy/scheduler,610 S MAIN STREET,ADA,45810-1503,Hardin County
41.062147,-80.71044,Rite Aid #RA100195,Moderna - Ages 12 years and older,330-797-9485,https://www.riteaid.com,https://www.riteaid.com/pharmacy/scheduler,3527 CANFIELD ROAD,YOUNGSTOWN,44511-2816,Mahoning County
41.376205,-83.608178,Meijer #156,Moderna - Ages 6 months through 11 years,419-373-8610,https://www.meijer.com/services/pharmacy.html,https://rx.meijer.com/appt/SV0001,2111 East Wooster St,Bowling Green,43402,Wood County
41.584432,-83.666988,Kroger Pharmacy #01600525,Moderna - Ages 12 years and older,(567) 302-2689,www.krogerhealth.com,https://www.kroger.com/i/coronavirus-update/vaccine,1435 REYNOLDS RD,MAUMEE,43537,Lucas County
41.029209,-81.515719,Rite Aid #RA103151,Moderna - Ages 12 years and older,330-724-5219,https://www.riteaid.com,https://www.riteaid.com/pharmacy/scheduler,325 EAST WATERLOO ROAD,AKRON,44319-1252,Summit County
41.403098,-81.803605,Rite Aid #RA103153,Moderna - Ages 12 years and older,216-676-5561,https://www.riteaid.com,https://www.riteaid.com/pharmacy/scheduler,15149 SNOW ROAD,BROOKPARK,44142-2458,Cuyahoga County
39.629722,-84.191128,Sams Club #10-8136,Moderna - Ages 12 years and older,9374360299,https://www.samsclub.com/club/8136,https://www.samsclub.com/pharmacy/immunization?imzType=covid,1111 Miamisburgh Centerville Rd,Washington Township,45459-6713,Montgomery County
40.109281,-84.622035,"CVS Pharmacy, Inc. #06134",Novavax - Ages 12 years and older,(937) 548-8730,https://www.cvs.com/store-locator/details-directions/006134,https://www.cvs.com/immunizations/covid-19-vaccine,1009 EAST MAIN ST.,GREENVILLE,45331,Darke County
39.953591,-82.009973,"CVS Pharmacy, Inc. #04810",Novavax - Ages 12 years and older,(740) 453-3442,https://www.cvs.com/store-locator/details-directions/004810,https://www.cvs.com/immunizations/covid-19-vaccine,1208 MAPLE AVENUE,ZANESVILLE,43701,Muskingum County
39.747622,-84.140597,Rite Aid #RA103246,Moderna - Ages 6 months through 11 years,937-256-3111,https://www.riteaid.com,https://www.riteaid.com/pharmacy/scheduler,2916 LINDEN AVENUE,DAYTON,45410-3027,Montgomery County
39.730024,-82.6215,"CVS Pharmacy, Inc. #16384",Pfizer-BioNTech - Ages 12 years and older,(740) 681-1875,https://www.cvs.com/store-locator/details-directions/016384,https://www.cvs.com/immunizations/covid-19-vaccine,1300 RIVER VALLEY BLVD,LANCASTER,43130,Fairfield County
39.637937,-84.349439,"CVS Pharmacy, Inc. #05364",Pfizer-BioNTech - Ages 12 years and older,(937) 855-7296,https://www.cvs.com/store-locator/details-directions/005364,https://www.cvs.com/immunizations/covid-19-vaccine,"2375 BEECHWOOD DR.,",GERMANTOWN,45327,Montgomery County
40.203199,-83.027599,Kroger Pharmacy #01600805,Pfizer-BioNTech - Ages 12 years and older,(740) 888-1290,www.krogerhealth.com,https://www.kroger.com/i/coronavirus-update/vaccine,6417 COLUMBUS PIKE,LEWIS CENTER,43035,Delaware County
41.460114,-82.020321,"CVS Pharmacy, Inc. #02588",Novavax - Ages 12 years and older,(440) 937-4027,https://www.cvs.com/store-locator/details-directions/002588,https://www.cvs.com/immunizations/covid-19-vaccine,36008 DETROIT AVE,AVON,44011,Lorain County
40.14692,-84.248555,"CVS Pharmacy, Inc. #03402",Pfizer-BioNTech - Ages 5 through 11 years,(937) 773-3784,https://www.cvs.com/store-locator/details-directions/003402,https://www.cvs.com/immunizations/covid-19-vaccine,"115 NORTH COLLEGE ST.,",PIQUA,45356,Miami County
41.687185,-83.621374,Kroger Pharmacy #01600957,Moderna - Ages 12 years and older,(419) 471-9240,www.krogerhealth.com,https://www.kroger.com/i/coronavirus-update/vaccine,4533 MONROE ST,TOLEDO,43613,Lucas County
40.097803999999996,-83.122974,"CVS Pharmacy, Inc. #06150",Novavax - Ages 12 years and older,(614) 889-6530,https://www.cvs.com/store-locator/details-directions/006150,https://www.cvs.com/immunizations/covid-19-vaccine,305 W. BRIDGE ST.,DUBLIN,43017,Franklin County
40.246233,-82.868605,Kroger Pharmacy #01600802,Moderna - Ages 12 years and older,(740) 965-0520,www.krogerhealth.com,https://www.kroger.com/i/coronavirus-update/vaccine,131 STATE ROUTE 3,SUNBURY,43074,Delaware County
39.526862,-84.381392,"CVS Pharmacy, Inc. #06137",Novavax - Ages 12 years and older,(513) 423-0298,https://www.cvs.com/store-locator/details-directions/006137,https://www.cvs.com/immunizations/covid-19-vaccine,2424 N. VERITY PARKWAY,MIDDLETOWN,45042,Butler County
40.86211,-81.431352,"CVS Pharmacy, Inc. #16247",Moderna - Ages 12 years and older,(330) 494-4098,https://www.cvs.com/store-locator/details-directions/016247,https://www.cvs.com/immunizations/covid-19-vaccine,5584 DRESSLER RD NW,NORTH CANTON,44720,Stark County
39.614075,-84.1593,Rite Aid #RA100119,Pfizer-BioNTech - Ages 12 years and older,937-433-4909,https://www.riteaid.com,https://www.riteaid.com/pharmacy/scheduler,898 SOUTH MAIN STREET,CENTERVILLE,45458-3439,Montgomery County
41.607703,-83.561227,Rite Aid #RA106678,Moderna - Ages 12 years and older,419-666-1583,https://www.riteaid.com,https://www.riteaid.com/pharmacy/scheduler,801 DIXIE HIGHWAY,ROSSFORD,43460-1330,Wood County
40.759598,-84.109124,Rite Aid #RA102351,Pfizer-BioNTech - Ages 12 years and older,419-229-5846,https://www.riteaid.com,https://www.riteaid.com/pharmacy/scheduler,302  WEST ROBB AVE,LIMA,45801-2745,Allen County
41.023651,-80.673005,Rite Aid #RA103123,Moderna - Ages 12 years and older,330-758-2824,https://www.riteaid.com,https://www.riteaid.com/pharmacy/scheduler,307 BOARDMAN-CANFIELD RD,YOUNGSTOWN,44512-4702,Mahoning County
38.844712,-82.234094,"CVS Pharmacy, Inc. #04400",Pfizer-BioNTech - Ages 12 years and older,(740) 446-7459,https://www.cvs.com/store-locator/details-directions/004400,https://www.cvs.com/immunizations/covid-19-vaccine,3066 STATE RT. 160,GALLIPOLIS,45631,Gallia County
41.024183,-80.741276,"CVS Pharmacy, Inc. #02543",Pfizer-BioNTech - Ages 5 through 11 years,(330) 702-8031,https://www.cvs.com/store-locator/details-directions/002543,https://www.cvs.com/immunizations/covid-19-vaccine,601 EAST MAIN STREET,CANFIELD,44406,Mahoning County
41.675186,-81.315811,"CVS Pharmacy, Inc. #03326",Novavax - Ages 12 years and older,(440) 255-9159,https://www.cvs.com/store-locator/details-directions/003326,https://www.cvs.com/immunizations/covid-19-vaccine,9040 MENTOR AVE,MENTOR,44060,Lake County
41.575625,-84.136588,Walmart Inc #10-2350,Moderna - Ages 6 months through 11 years,4193378900,https://www.walmart.com/store/2350,https://www.walmart.com/pharmacy/clinical-services/immunization/scheduled?imzType=covid,485 Airport Hwy,Wauseon,43567-8709,Fulton County
40.118324,-83.08961,"CVS Pharmacy, Inc. #06161",Novavax - Ages 12 years and older,(614) 889-8662,https://www.cvs.com/store-locator/details-directions/006161,https://www.cvs.com/immunizations/covid-19-vaccine,7470 SAWMILL RD.,DUBLIN,43016,Franklin County
38.755651,-82.932257,"CVS Pharmacy, Inc. #03498",Novavax - Ages 12 years and older,(740) 456-4158,https://www.cvs.com/store-locator/details-directions/003498,https://www.cvs.com/immunizations/covid-19-vaccine,4207 GALLIA ST.,NEW BOSTON,45662,Scioto County
39.412976,-81.449314,Rite Aid #RA101379,Moderna - Ages 12 years and older,740-376-0769,https://www.riteaid.com,https://www.riteaid.com/pharmacy/scheduler,301 GREENE STREET,MARIETTA,45750-3134,Washington County
40.033399,-83.140609,Kroger Pharmacy #01600966,Pfizer-BioNTech - Ages 5 through 11 years,(614) 876-1248,www.krogerhealth.com,https://www.kroger.com/i/coronavirus-update/vaccine,4656 CEMETERY RD,HILLIARD,43026,Franklin County
39.741117,-82.642267,Walmart Inc #10-3792,Moderna - Ages 6 months through 11 years,7406870323,https://www.walmart.com/store/3792,https://www.walmart.com/pharmacy/clinical-services/immunization/scheduled?imzType=covid,2687 N Memorial Dr,Lancaster,43130-1670,Fairfield County
41.609869,-83.612559,Walmart Inc #10-5028,Moderna - Ages 6 months through 11 years,4193800994,https://www.walmart.com/store/5028,https://www.walmart.com/pharmacy/clinical-services/immunization/scheduled?imzType=covid,2925 Glendale Ave,Toledo,43614-2684,Lucas County
41.157985,-83.421715,Rite Aid #RA102320,Pfizer-BioNTech - Ages 12 years and older,419-435-7716,https://www.riteaid.com,https://www.riteaid.com/pharmacy/scheduler,113 NORTH COUNTYLINE STREET,FOSTORIA,44830-1766,Hancock County
40.011277,-80.746732,Kroger Pharmacy #01600558,Moderna - Ages 6 months through 11 years,(740) 671-5169,www.krogerhealth.com,https://www.kroger.com/i/coronavirus-update/vaccine,400 28TH ST,BELLAIRE,43906,Belmont County
41.319146,-81.623587,"CVS Pharmacy, Inc. #03645",Pfizer-BioNTech - Ages 12 years and older,(440) 546-1655,https://www.cvs.com/store-locator/details-directions/003645,https://www.cvs.com/immunizations/covid-19-vaccine,7710 CHIPPEWA RD,BRECKSVILLE,44141,Cuyahoga County
41.572944,-84.133578,Rite Aid #RA102348,Moderna - Ages 6 months through 11 years,419-337-5050,https://www.riteaid.com,https://www.riteaid.com/pharmacy/scheduler,1496 NORTH SHOOP AVENUE,WAUSEON,43567-1825,Fulton County
40.845938,-81.391367,Rite Aid #RA103061,Pfizer-BioNTech - Ages 12 years and older,330-649-9709,https://www.riteaid.com,https://www.riteaid.com/pharmacy/scheduler,"4332 CLEVELAND AVENUE, NW",CANTON,44709-2352,Stark County
40.788402,-82.737664,Rite Aid #RA102394,Moderna - Ages 12 years and older,419-683-2512,https://www.riteaid.com,https://www.riteaid.com/pharmacy/scheduler,145 WEST MAIN STREET,CRESTLINE,44827-1430,Crawford County
38.736547,-82.99484,Kroger Pharmacy #01600575,Moderna - Ages 12 years and older,(740) 354-2262,www.krogerhealth.com,https://www.kroger.com/i/coronavirus-update/vaccine,811 GAY ST,PORTSMOUTH,45662,Scioto County
41.376205,-83.608178,Meijer #156,Moderna - Ages 12 years and older,419-373-8610,https://www.meijer.com/services/pharmacy.html,https://rx.meijer.com/appt/SV0001,2111 East Wooster St,Bowling Green,43402,Wood County
41.317052,-81.816288,Costco Wholesale Corporation #625,Novavax - Ages 12 years and older,(440)-783-3424,https://www.costco.com/pharmacy/adult-immunization-program.html,https://www.costco.com/pharmacy/adult-immunization-program.html,16690 ROYALTON RD,STRONGSVILLE,44136,Cuyahoga County
40.079214,-82.851715,"CVS Pharmacy, Inc. #17770",Pfizer-BioNTech - Ages 12 years and older,(614) 245-6033,https://www.cvs.com/store-locator/details-directions/017770,https://www.cvs.com/immunizations/covid-19-vaccine,6030 N HAMILTON RD.,COLUMBUS,43081,Franklin County
39.290111,-84.525086,Kroger Pharmacy #01400943,Moderna - Ages 12 years and older,(513) 742-2000,www.krogerhealth.com,https://www.kroger.com/i/coronavirus-update/vaccine,1212 W KEMPER RD,CINCINNATI,45240,Hamilton County
39.711489,-84.202187,Walmart Inc #10-5104,Pfizer-BioNTech - Ages 12 years and older,9376432124,https://www.walmart.com/store/5104,https://www.walmart.com/pharmacy/clinical-services/immunization/scheduled?imzType=covid,1701 W Dorothy Ln,Moraine,45439-1838,Montgomery County
39.959996,-84.185588,"CVS Pharmacy, Inc. #03476",Pfizer-BioNTech - Ages 5 through 11 years,(937) 667-8428,https://www.cvs.com/store-locator/details-directions/003476,https://www.cvs.com/immunizations/covid-19-vaccine,914 W. MAIN ST.,TIPP CITY,45371,Miami County
38.964655,-84.087814,"CVS Pharmacy, Inc. #05431",Pfizer-BioNTech - Ages 5 through 11 years,(513) 734-6242,https://www.cvs.com/store-locator/details-directions/005431,https://www.cvs.com/immunizations/covid-19-vaccine,592 WEST PLANE STREET,BETHEL,45106,Clermont County
39.906598,-82.734377,Kroger Pharmacy #01600532,Moderna - Ages 12 years and older,(614) 417-0020,www.krogerhealth.com,https://www.kroger.com/i/coronavirus-update/vaccine,7833 REFUGEE RD,PICKERINGTON,43147,Fairfield County
40.549666,-82.845093,Rite Aid #RA102419,Moderna - Ages 12 years and older,419-947-8515,https://www.riteaid.com,https://www.riteaid.com/pharmacy/scheduler,510 WEST MARION ROAD,MT. GILEAD,43338-1026,Morrow County
40.144565,-82.705965,"CVS Pharmacy, Inc. #05654",Novavax - Ages 12 years and older,(740) 967-9511,https://www.cvs.com/store-locator/details-directions/005654,https://www.cvs.com/immunizations/covid-19-vaccine,797 W. COSHOCTON ST.,JOHNSTOWN,43031,Licking County
41.420643,-81.757017,Sams Club #10-6305,Moderna - Ages 12 years and older,2162650012,https://www.samsclub.com/club/6305,https://www.samsclub.com/pharmacy/immunization?imzType=covid,10250 Brookpark Rd,Cleveland,44130-1106,Cuyahoga County
41.055101,-83.606571,Kroger Pharmacy #01600327,Moderna - Ages 12 years and older,(419) 427-3662,www.krogerhealth.com,https://www.kroger.com/i/coronavirus-update/vaccine,1996 TIFFIN AVE,FINDLAY,45840,Hancock County
40.765434,-82.552357,"CVS Pharmacy, Inc. #06176",Pfizer-BioNTech - Ages 5 through 11 years,(419) 529-6001,https://www.cvs.com/store-locator/details-directions/006176,https://www.cvs.com/immunizations/covid-19-vaccine,1049 WEST FOURTH STREET,MANSFIELD,44906,Richland County
41.581821,-83.8854,Kroger Pharmacy #01600504,Pfizer-BioNTech - Ages 5 through 11 years,(419) 825-1475,www.krogerhealth.com,https://www.kroger.com/i/coronavirus-update/vaccine,113 E AIRPORT HWY,SWANTON,43558,Fulton County
39.957925,-82.944442,Kroger Pharmacy #01600315,Moderna - Ages 12 years and older,(614) 252-1064,www.krogerhealth.com,https://www.kroger.com/i/coronavirus-update/vaccine,2000 E MAIN ST,COLUMBUS,43205,Franklin County
39.721726,-82.203648,Kroger Pharmacy #01600313,Moderna - Ages 6 months through 11 years,(740) 342-5649,www.krogerhealth.com,https://www.kroger.com/i/coronavirus-update/vaccine,610 CARROLL ST,NEW LEXINGTON,43764,Perry County
41.742831,-80.768984,Rite Aid #RA100712,Pfizer-BioNTech - Ages 12 years and older,440-576-3921,https://www.riteaid.com,https://www.riteaid.com/pharmacy/scheduler,5 EAST ASHTABULA STREET,JEFFERSON,44047-1162,Ashtabula County
40.733123,-82.533676,Rite Aid #RA102403,Moderna - Ages 6 months through 11 years,419-756-1224,https://www.riteaid.com,https://www.riteaid.com/pharmacy/scheduler,875 LEXINGTON AVENUE,MANSFIELD,44907-1945,Richland County
40.06058,-82.911495,Sams Club #10-6307,Pfizer-BioNTech - Ages 12 years and older,6144764224,https://www.samsclub.com/club/6307,https://www.samsclub.com/pharmacy/immunization?imzType=covid,3950 Morse Rd,Columbus,43219-3016,Franklin County
40.080096,-82.429909,Kroger Pharmacy #01600128,Pfizer-BioNTech - Ages 5 through 11 years,(740) 258-6678,www.krogerhealth.com,https://www.kroger.com/i/coronavirus-update/vaccine,1155 N 21ST ST,NEWARK,43055,Licking County
40.547792,-82.846446,Kroger Pharmacy #01600800,Moderna - Ages 12 years and older,(419) 947-9134,www.krogerhealth.com,https://www.kroger.com/i/coronavirus-update/vaccine,555 W MARION RD,MOUNT GILEAD,43338,Morrow County
39.273459,-81.581621,"CVS Pharmacy, Inc. #02394",Novavax - Ages 12 years and older,(740) 401-1035,https://www.cvs.com/store-locator/details-directions/002394,https://www.cvs.com/immunizations/covid-19-vaccine,1013 WASHINGTON BLVD.,BELPRE,45714,Washington County
39.229898,-84.254016,Kroger Pharmacy #01400435,Moderna - Ages 12 years and older,(513) 697-4820,www.krogerhealth.com,https://www.kroger.com/i/coronavirus-update/vaccine,6388 BRANCH HILL GUINEA PIKE,LOVELAND,45140,Clermont County
40.563306,-83.11765,Kroger Pharmacy #01600808,Pfizer-BioNTech - Ages 5 through 11 years,(740) 386-2321,www.krogerhealth.com,https://www.kroger.com/i/coronavirus-update/vaccine,1428 MARION WALDO RD,MARION,43302,Marion County
40.097803999999996,-83.122974,"CVS Pharmacy, Inc. #06150",Pfizer-BioNTech - Ages 12 years and older,(614) 889-6530,https://www.cvs.com/store-locator/details-directions/006150,https://www.cvs.com/immunizations/covid-19-vaccine,305 W. BRIDGE ST.,DUBLIN,43017,Franklin County
39.897429,-83.436987,Kroger Pharmacy #01600388,Moderna - Ages 12 years and older,(740) 852-7550,www.krogerhealth.com,https://www.kroger.com/i/coronavirus-update/vaccine,230 LAFAYETTE ST,LONDON,43140,Madison County
40.238422,-83.383029,"CVS Pharmacy, Inc. #03481",Pfizer-BioNTech - Ages 5 through 11 years,(937) 644-3615,https://www.cvs.com/store-locator/details-directions/003481,https://www.cvs.com/immunizations/covid-19-vaccine,969 WEST 5TH ST,MARYSVILLE,43040,Union County
41.531133,-83.357859,Rite Aid #RA102373,Pfizer-BioNTech - Ages 12 years and older,419-855-8363,https://www.riteaid.com,https://www.riteaid.com/pharmacy/scheduler,21991 WEST STATE ROUTE 51,GENOA,43430-1251,Ottawa County
41.034404,-80.633385,Sams Club #10-6322,Pfizer-BioNTech - Ages 12 years and older,3309651643,https://www.samsclub.com/club/6322,https://www.samsclub.com/pharmacy/immunization?imzType=covid,6361 South Ave,Boardman,44512-3619,Mahoning County
40.109277,-83.017842,Kroger Pharmacy #01600273,Moderna - Ages 12 years and older,(614) 410-2007,www.krogerhealth.com,https://www.kroger.com/i/coronavirus-update/vaccine,60 WORTHINGTON MALL,COLUMBUS,43085,Franklin County
40.900987,-80.695711,Rite Aid #RA103181,Pfizer-BioNTech - Ages 12 years and older,330-482-3854,https://www.riteaid.com,https://www.riteaid.com/pharmacy/scheduler,14973 SOUTH AVENUE,COLUMBIANA,44408-9429,Mahoning County
39.215059,-84.473411,"CVS Pharmacy, Inc. #06093",Pfizer-BioNTech - Ages 12 years and older,(513) 821-7206,https://www.cvs.com/store-locator/details-directions/006093,https://www.cvs.com/immunizations/covid-19-vaccine,8372 VINE ST.,CINCINNATI,45216,Hamilton County
40.092665,-83.094179,Meijer #58,Moderna - Ages 12 years and older,614-766-6565,https://www.meijer.com/services/pharmacy.html,https://rx.meijer.com/appt/SV0001,6175 W Sawmill Rd,Dublin,43017,Franklin County
41.258457,-80.867485,"CVS Pharmacy, Inc. #03304",Novavax - Ages 12 years and older,(330) 898-4129,https://www.cvs.com/store-locator/details-directions/003304,https://www.cvs.com/immunizations/covid-19-vaccine,3933 PARKMAN ROAD NW,WARREN,44481,Trumbull County
41.420265,-81.753893,Walmart Inc #10-2073,Moderna - Ages 6 months through 11 years,2167417340,https://www.walmart.com/store/2073,https://www.walmart.com/pharmacy/clinical-services/immunization/scheduled?imzType=covid,10000 Brookpark Rd,Cleveland,44130-1102,Cuyahoga County
41.384751,-81.438137,"CVS Pharmacy, Inc. #03359",Pfizer-BioNTech - Ages 12 years and older,(440) 248-5907,https://www.cvs.com/store-locator/details-directions/003359,https://www.cvs.com/immunizations/covid-19-vaccine,33840 AURORA RD.,SOLON,44139,Cuyahoga County
41.057407,-83.594427,Walmart Inc #10-1718,Pfizer-BioNTech - Ages 12 years and older,4194251300,https://www.walmart.com/store/1718,https://www.walmart.com/pharmacy/clinical-services/immunization/scheduled?imzType=covid,2500 Tiffin Ave,Findlay,45840-9511,Hancock County
40.68598,-84.151675,Rite Aid #RA103580,Pfizer-BioNTech - Ages 12 years and older,419-991-2867,https://www.riteaid.com,https://www.riteaid.com/pharmacy/scheduler,3710 SHAWNEE ROAD,LIMA,45806-1619,Allen County
39.890689,-83.086885,"CVS Pharmacy, Inc. #01223",Novavax - Ages 12 years and older,(614) 875-0261,https://www.cvs.com/store-locator/details-directions/001223,https://www.cvs.com/immunizations/covid-19-vaccine,3575 BROADWAY,GROVE CITY,43123,Franklin County
39.23572,-84.588675,"CVS Pharmacy, Inc. #16873",Novavax - Ages 12 years and older,(513) 719-0038,https://www.cvs.com/store-locator/details-directions/016873,https://www.cvs.com/immunizations/covid-19-vaccine,9040 COLERAIN AVE,CINCINNATI,45251,Hamilton County
41.205531,-80.739634,"CVS Pharmacy, Inc. #02486",Pfizer-BioNTech - Ages 5 through 11 years,(330) 505-2601,https://www.cvs.com/store-locator/details-directions/002486,https://www.cvs.com/immunizations/covid-19-vaccine,1331 YOUNGSTOWN-WARREN RD,NILES,44446,Trumbull County
40.053507,-82.908279,Costco Wholesale Corporation #1160,Moderna - Ages 12 years and older,(614)-934-6221,https://www.costco.com/pharmacy/adult-immunization-program.html,https://www.costco.com/pharmacy/adult-immunization-program.html,3888 STELZER ROAD,COLUMBUS,43219,Franklin County
39.090178,-84.269731,Walmart Inc #10-1443,Moderna - Ages 6 months through 11 years,5137533200,https://www.walmart.com/store/1443,https://www.walmart.com/pharmacy/clinical-services/immunization/scheduled?imzType=covid,4370 Eastgate Square Dr,Cincinnati,45245-4502,Clermont County
40.68147,-82.57023,Rite Aid #RA104010,Pfizer-BioNTech - Ages 12 years and older,419-884-6107,https://www.riteaid.com,https://www.riteaid.com/pharmacy/scheduler,355 EAST MAIN STREET,LEXINGTON,44904-1336,Richland County
41.518109,-81.652982,Rite Aid #RA102640,Moderna - Ages 12 years and older,216-431-5643,https://www.riteaid.com,https://www.riteaid.com/pharmacy/scheduler,5411 SUPERIOR AVENUE,CLEVELAND,44103-1344,Cuyahoga County
40.057895,-82.914319,Walmart Inc #10-2098,Moderna - Ages 6 months through 11 years,6144762070,https://www.walmart.com/store/2098,https://www.walmart.com/pharmacy/clinical-services/immunization/scheduled?imzType=covid,3900 Morse Rd,Columbus,43219-3016,Franklin County
41.717854,-81.294748,Sams Club #10-4846,Pfizer-BioNTech - Ages 12 years and older,4403527430,https://www.samsclub.com/club/4846,https://www.samsclub.com/pharmacy/immunization?imzType=covid,5600 Emerald Ct,Mentor,44060-1869,Lake County
39.224449,-84.394776,"CVS Pharmacy, Inc. #17574",Moderna - Ages 12 years and older,(513) 898-2022,https://www.cvs.com/store-locator/details-directions/017574,https://www.cvs.com/immunizations/covid-19-vaccine,9099 PLAINFIELD RD,BLUE ASH,45236,Hamilton County
41.024475,-81.421588,Rite Aid #RA103143,Pfizer-BioNTech - Ages 12 years and older,330-733-8378,https://www.riteaid.com,https://www.riteaid.com/pharmacy/scheduler,1540 CANTON ROAD,AKRON,44312-4043,Summit County
40.06824,-82.518161,"CVS Pharmacy, Inc. #00396",Moderna - Ages 6 months through 11 years,(740) 587-0268,https://www.cvs.com/store-locator/details-directions/000396,https://www.cvs.com/immunizations/covid-19-vaccine,200 E. BROADWAY,GRANVILLE,43023,Licking County
39.882796,-83.06852,Kroger Pharmacy #01600341,Pfizer-BioNTech - Ages 12 years and older,(614) 875-0596,www.krogerhealth.com,https://www.kroger.com/i/coronavirus-update/vaccine,2474 STRINGTOWN RD,GROVE CITY,43123,Franklin County
39.926954,-83.089861,"CVS Pharmacy, Inc. #06182",Novavax - Ages 12 years and older,(614) 276-2651,https://www.cvs.com/store-locator/details-directions/006182,https://www.cvs.com/immunizations/covid-19-vaccine,3499 CLIME RD,COLUMBUS,43223,Franklin County
39.856303,-84.334829,Walmart Inc #10-5409,Moderna - Ages 12 years and older,9378369405,https://www.walmart.com/store/5409,https://www.walmart.com/pharmacy/clinical-services/immunization/scheduled?imzType=covid,7725 Hoke Rd,Clayton,45315-9725,Montgomery County
39.788723,-84.020417,"CVS Pharmacy, Inc. #03411",Moderna - Ages 12 years and older,(937) 878-3991,https://www.cvs.com/store-locator/details-directions/003411,https://www.cvs.com/immunizations/covid-19-vaccine,200 E DAYTON YELLOW SPRINGS RD,FAIRBORN,45324,Greene County
40.074244,-82.429316,"CVS Pharmacy, Inc. #02405",Novavax - Ages 12 years and older,(740) 366-9082,https://www.cvs.com/store-locator/details-directions/002405,https://www.cvs.com/immunizations/covid-19-vaccine,955 N. 21ST STREET,NEWARK,43055,Licking County
40.759598,-84.109124,Rite Aid #RA102351,Moderna - Ages 12 years and older,419-229-5846,https://www.riteaid.com,https://www.riteaid.com/pharmacy/scheduler,302  WEST ROBB AVE,LIMA,45801-2745,Allen County
41.636439,-83.467939,Rite Aid #RA107945,Moderna - Ages 12 years and older,419-690-8269,https://www.riteaid.com,https://www.riteaid.com/pharmacy/scheduler,3362 NAVARRE AVENUE,OREGON,43616-3314,Lucas County
41.253213,-81.362409,Walmart Inc #10-2313,Moderna - Ages 6 months through 11 years,3306269990,https://www.walmart.com/store/2313,https://www.walmart.com/pharmacy/clinical-services/immunization/scheduled?imzType=covid,905 Singletary Dr,Streetsboro,44241-3975,Portage County
39.6631,-84.105741,Costco Wholesale Corporation #1185,Moderna - Ages 6 months through 11 years,(937)-640-6010,https://www.costco.com/pharmacy/adult-immunization-program.html,https://www.costco.com/pharmacy/adult-immunization-program.html,5300 CORNERSTONE NORTH BL,CENTERVILLE,45440,Greene County
41.675186,-81.315811,"CVS Pharmacy, Inc. #03326",Pfizer-BioNTech - Ages 12 years and older,(440) 255-9159,https://www.cvs.com/store-locator/details-directions/003326,https://www.cvs.com/immunizations/covid-19-vaccine,9040 MENTOR AVE,MENTOR,44060,Lake County
39.986122,-83.15351,Sams Club #10-6308,Pfizer-BioNTech - Ages 12 years and older,6149210057,https://www.samsclub.com/club/6308,https://www.samsclub.com/pharmacy/immunization?imzType=covid,1755 Hilliard Rome Rd,Hilliard,43026-9469,Franklin County
41.222533,-81.439701,"CVS Pharmacy, Inc. #04359",Moderna - Ages 6 months through 11 years,(330) 650-0605,https://www.cvs.com/store-locator/details-directions/004359,https://www.cvs.com/immunizations/covid-19-vaccine,5783 DARROW RD.,HUDSON,44236,Summit County
40.054131,-82.867512,Kroger Pharmacy #01600871,Moderna - Ages 6 months through 11 years,(614) 418-1529,www.krogerhealth.com,https://www.kroger.com/i/coronavirus-update/vaccine,1365 STONERIDGE DR,GAHANNA,43230,Franklin County
41.373584,-81.861065,"CVS Pharmacy, Inc. #03035",Pfizer-BioNTech - Ages 5 through 11 years,(440) 243-6676,https://www.cvs.com/store-locator/details-directions/003035,https://www.cvs.com/immunizations/covid-19-vaccine,212 WEST BAGLEY ROAD,BEREA,44017,Cuyahoga County
39.600437,-82.942383,"CVS Pharmacy, Inc. #06195",Moderna - Ages 12 years and older,(740) 474-7596,https://www.cvs.com/store-locator/details-directions/006195,https://www.cvs.com/immunizations/covid-19-vaccine,205 EAST MAIN ST,CIRCLEVILLE,43113,Pickaway County
41.112079,-83.221489,Walmart Inc #10-1622,Moderna - Ages 6 months through 11 years,4194484402,https://www.walmart.com/store/1622,https://www.walmart.com/pharmacy/clinical-services/immunization/scheduled?imzType=covid,2801 W State Route 18,Tiffin,44883-8950,Seneca County
40.169216,-83.089233,"CVS Pharmacy, Inc. #05457",Pfizer-BioNTech - Ages 12 years and older,(614) 718-1508,https://www.cvs.com/store-locator/details-directions/005457,https://www.cvs.com/immunizations/covid-19-vaccine,3488 SELDOM SEEN RD.,POWELL,43065,Delaware County
41.035477,-81.728203,"CVS Pharmacy, Inc. #03088",Moderna - Ages 6 months through 11 years,(330) 336-6444,https://www.cvs.com/store-locator/details-directions/003088,https://www.cvs.com/immunizations/covid-19-vaccine,473 HIGH STREET,WADSWORTH,44281,Medina County
38.896848,-82.566625,Kroger Pharmacy #01600590,Moderna - Ages 12 years and older,(740) 286-6400,www.krogerhealth.com,https://www.kroger.com/i/coronavirus-update/vaccine,530 E MAIN ST,JACKSON,45640,Jackson County
39.095956,-84.612439,Kroger Pharmacy #01400944,Pfizer-BioNTech - Ages 5 through 11 years,(513) 451-7050,www.krogerhealth.com,https://www.kroger.com/i/coronavirus-update/vaccine,5080 DELHI RD,CINCINNATI,45238,Hamilton County
39.446392,-83.807355,Kroger Pharmacy #01400817,Moderna - Ages 12 years and older,(937) 655-5720,www.krogerhealth.com,https://www.kroger.com/i/coronavirus-update/vaccine,1230 ROMBACH AVE,WILMINGTON,45177,Clinton County
41.147352,-80.66165,Walmart Inc #10-3860,Moderna - Ages 6 months through 11 years,3307592066,https://www.walmart.com/store/3860,https://www.walmart.com/pharmacy/clinical-services/immunization/scheduled?imzType=covid,200 Goldie Rd,Youngstown,44505-1948,Trumbull County
39.188179,-84.36127,Kroger Pharmacy #01400402,Moderna - Ages 12 years and older,(513) 271-1360,www.krogerhealth.com,https://www.kroger.com/i/coronavirus-update/vaccine,6950 MIAMI AVE,MADEIRA,45243,Hamilton County
41.544235,-83.61863,Rite Aid #RA102326,Moderna - Ages 6 months through 11 years,419-874-3587,https://www.riteaid.com,https://www.riteaid.com/pharmacy/scheduler,1175 LOUISIANA AVE,PERRYSBURG,43551-2537,Wood County
40.122045,-82.930408,"CVS Pharmacy, Inc. #06155",Pfizer-BioNTech - Ages 5 through 11 years,(614) 890-4660,https://www.cvs.com/store-locator/details-directions/006155,https://www.cvs.com/immunizations/covid-19-vaccine,145 S. STATE ST.,WESTERVILLE,43081,Franklin County
40.89015,-81.40646,"CVS Pharmacy, Inc. #02385",Pfizer-BioNTech - Ages 5 through 11 years,(330) 966-4703,https://www.cvs.com/store-locator/details-directions/002385,https://www.cvs.com/immunizations/covid-19-vaccine,1339 N. MAIN ST.,NORTH CANTON,44720,Stark County
39.906409,-82.019325,"CVS Pharmacy, Inc. #03427",Novavax - Ages 12 years and older,(740) 452-7589,https://www.cvs.com/store-locator/details-directions/003427,https://www.cvs.com/immunizations/covid-19-vaccine,103 N MAYSVILLE ROAD,ZANESVILLE,43701,Muskingum County
40.882872,-81.571875,Rite Aid #RA102393,Moderna - Ages 12 years and older,330-854-6618,https://www.riteaid.com,https://www.riteaid.com/pharmacy/scheduler,2220 SOUTH LOCUST STREET,CANAL FULTON,44614-8406,Stark County
40.900962,-81.160279,Walmart Inc #10-2541,Pfizer-BioNTech - Ages 12 years and older,3308210026,https://www.walmart.com/store/2541,https://www.walmart.com/pharmacy/clinical-services/immunization/scheduled?imzType=covid,2700 W State St,Alliance,44601-5611,Stark County
40.147133,-82.707567,Kroger Pharmacy #01600546,Moderna - Ages 12 years and older,(740) 966-8310,www.krogerhealth.com,https://www.kroger.com/i/coronavirus-update/vaccine,800 W COSHOCTON ST,JOHNSTOWN,43031,Licking County
39.908418,-82.822489,Kroger Pharmacy #01600514,Moderna - Ages 6 months through 11 years,(614) 920-7404,www.krogerhealth.com,https://www.kroger.com/i/coronavirus-update/vaccine,3588 GENDER RD,CANAL WINCHESTER,43110,Franklin County
40.097777,-83.122271,Kroger Pharmacy #01600350,Pfizer-BioNTech - Ages 5 through 11 years,(614) 889-0710,www.krogerhealth.com,https://www.kroger.com/i/coronavirus-update/vaccine,299 W BRIDGE ST,DUBLIN,43017,Franklin County
39.187035,-84.605185,Sams Club #10-6450,Moderna - Ages 6 months through 11 years,5136610800,https://www.samsclub.com/club/6450,https://www.samsclub.com/pharmacy/immunization?imzType=covid,5375 N Bend Rd,Cincinnati,45247-7601,Hamilton County
40.092665,-83.094179,Meijer #58,Moderna - Ages 6 months through 11 years,614-766-6565,https://www.meijer.com/services/pharmacy.html,https://rx.meijer.com/appt/SV0001,6175 W Sawmill Rd,Dublin,43017,Franklin County
40.064444,-83.094106,"CVS Pharmacy, Inc. #04483",Pfizer-BioNTech - Ages 12 years and older,(614) 459-7641,https://www.cvs.com/store-locator/details-directions/004483,https://www.cvs.com/immunizations/covid-19-vaccine,"4777 SAWMILL RD, GALLERIA TOWN CENTRE",COLUMBUS,43220,Franklin County
40.834721,-81.328252,Walmart Inc #10-5285,Moderna - Ages 12 years and older,3304899035,https://www.walmart.com/store/5285,https://www.walmart.com/pharmacy/clinical-services/immunization/scheduled?imzType=covid,3200 Atlantic Blvd NE,Canton,44705-3933,Stark County
40.10273,-83.164398,Kroger Pharmacy #01600817,Moderna - Ages 6 months through 11 years,(614) 760-4246,www.krogerhealth.com,https://www.kroger.com/i/coronavirus-update/vaccine,7100 HOSPITAL DR,DUBLIN,43016,Franklin County
40.900962,-81.160279,Walmart Inc #10-2541,Moderna - Ages 6 months through 11 years,3308210026,https://www.walmart.com/store/2541,https://www.walmart.com/pharmacy/clinical-services/immunization/scheduled?imzType=covid,2700 W State St,Alliance,44601-5611,Stark County
39.877494,-83.937658,Rite Aid #RA102303,Moderna - Ages 12 years and older,937-864-1603,https://www.riteaid.com,https://www.riteaid.com/pharmacy/scheduler,101 WEST MAIN STREET,ENON,45323-1233,Clark County
41.266528,-82.224032,Walmart Inc #10-5309,Pfizer-BioNTech - Ages 12 years and older,4407746720,https://www.walmart.com/store/5309,https://www.walmart.com/pharmacy/clinical-services/immunization/scheduled?imzType=covid,46440 US Highway 20,Oberlin,44074-9475,Lorain County
40.584108,-83.127831,Rite Aid #RA100277,Moderna - Ages 6 months through 11 years,740-382-0650,https://www.riteaid.com,https://www.riteaid.com/pharmacy/scheduler,332 SOUTH MAIN STREET,MARION,43302-5006,Marion County
40.030863,-82.963472,"CVS Pharmacy, Inc. #04223",Moderna - Ages 12 years and older,(614) 263-0923,https://www.cvs.com/store-locator/details-directions/004223,https://www.cvs.com/immunizations/covid-19-vaccine,3100 CLEVELAND AVE.,COLUMBUS,43224,Franklin County
39.194842,-84.658094,Meijer #223,Moderna - Ages 12 years and older,513-598-2064,https://www.meijer.com/services/pharmacy.html,https://rx.meijer.com/appt/SV0001,6550 Harrison Rd,Cincinnati,45247,Hamilton County
39.227346,-84.439216,"CVS Pharmacy, Inc. #05426",Pfizer-BioNTech - Ages 5 through 11 years,(513) 733-8550,https://www.cvs.com/store-locator/details-directions/005426,https://www.cvs.com/immunizations/covid-19-vaccine,9197 READING RD.,CINCINNATI,45215,Hamilton County
41.674469,-83.680383,Walmart Inc #10-5030,Pfizer-BioNTech - Ages 12 years and older,4195369105,https://www.walmart.com/store/5030,https://www.walmart.com/pharmacy/clinical-services/immunization/scheduled?imzType=covid,5821 W Central Ave,Toledo,43615-1403,Lucas County
41.420861,-82.674651,"CVS Pharmacy, Inc. #17241",Pfizer-BioNTech - Ages 5 through 11 years,(419) 609-3341,https://www.cvs.com/store-locator/details-directions/017241,https://www.cvs.com/immunizations/covid-19-vaccine,4020 MILAN RD,SANDUSKY,44870,Erie County
40.064856,-83.0212,"CVS Pharmacy, Inc. #17094",Novavax - Ages 12 years and older,(614) 781-9407,https://www.cvs.com/store-locator/details-directions/017094,https://www.cvs.com/immunizations/covid-19-vaccine,55 GRACELAND BLVD,COLUMBUS,43214,Franklin County
40.089835,-83.089484,"CVS Pharmacy, Inc. #16193",Moderna - Ages 12 years and older,(614) 798-8172,https://www.cvs.com/store-locator/details-directions/016193,https://www.cvs.com/immunizations/covid-19-vaccine,6000 SAWMILL RD,DUBLIN,43017,Franklin County
40.278816,-84.178226,"CVS Pharmacy, Inc. #06179",Pfizer-BioNTech - Ages 12 years and older,(937) 492-0700,https://www.cvs.com/store-locator/details-directions/006179,https://www.cvs.com/immunizations/covid-19-vaccine,324 FOURTH ST.,SIDNEY,45365,Shelby County
41.714955,-83.68055,Rite Aid #RA106681,Moderna - Ages 6 months through 11 years,419-882-5860,https://www.riteaid.com,https://www.riteaid.com/pharmacy/scheduler,5890 MONROE STREET,SYLVANIA,43560-2200,Lucas County
40.859982,-81.484439,"CVS Pharmacy, Inc. #02063",Novavax - Ages 12 years and older,(330) 837-3095,https://www.cvs.com/store-locator/details-directions/002063,https://www.cvs.com/immunizations/covid-19-vaccine,"7292 FULTON DR, NW",CANTON,44718,Stark County
38.436998,-82.386715,Kroger Pharmacy #02900781,Pfizer-BioNTech - Ages 12 years and older,(740) 886-5579,www.krogerhealth.com,https://www.kroger.com/i/coronavirus-update/vaccine,6306 COUNTY ROAD 107,PROCTORVILLE,45669,Lawrence County
39.924452,-83.765392,Kroger Pharmacy #01400835,Pfizer-BioNTech - Ages 12 years and older,(937) 525-6770,www.krogerhealth.com,https://www.kroger.com/i/coronavirus-update/vaccine,2728 E MAIN ST,SPRINGFIELD,45503,Clark County
40.241251,-83.395345,Kroger Pharmacy #01600549,Moderna - Ages 12 years and older,(937) 209-2449,www.krogerhealth.com,https://www.kroger.com/i/coronavirus-update/vaccine,1501 W 5TH ST,MARYSVILLE,43040,Union County
40.844061,-81.76463,"CVS Pharmacy, Inc. #04605",Novavax - Ages 12 years and older,(330) 684-2602,https://www.cvs.com/store-locator/details-directions/004605,https://www.cvs.com/immunizations/covid-19-vaccine,415 N. MAIN ST.,ORRVILLE,44667,Wayne County
39.117817,-84.59815,"CVS Pharmacy, Inc. #03246",Pfizer-BioNTech - Ages 12 years and older,(513) 921-0831,https://www.cvs.com/store-locator/details-directions/003246,https://www.cvs.com/immunizations/covid-19-vaccine,4840 GLENWAY AVE,CINCINNATI,45238,Hamilton County
39.986122,-83.15351,Sams Club #10-6308,Moderna - Ages 12 years and older,6149210057,https://www.samsclub.com/club/6308,https://www.samsclub.com/pharmacy/immunization?imzType=covid,1755 Hilliard Rome Rd,Hilliard,43026-9469,Franklin County
40.08726,-82.960826,"CVS Pharmacy, Inc. #05436",Novavax - Ages 12 years and older,(614) 891-1410,https://www.cvs.com/store-locator/details-directions/005436,https://www.cvs.com/immunizations/covid-19-vaccine,2100 EAST DUBLIN-GRANVILLE ROAD,COLUMBUS,43229,Franklin County
41.235885,-80.810052,"CVS Pharmacy, Inc. #04606",Pfizer-BioNTech - Ages 12 years and older,(330) 393-5205,https://www.cvs.com/store-locator/details-directions/004606,https://www.cvs.com/immunizations/covid-19-vaccine,620 E MARKET ST,WARREN,44481,Trumbull County
40.06058,-82.911495,Sams Club #10-6307,Moderna - Ages 12 years and older,6144764224,https://www.samsclub.com/club/6307,https://www.samsclub.com/pharmacy/immunization?imzType=covid,3950 Morse Rd,Columbus,43219-3016,Franklin County
39.890278,-84.199427,Rite Aid #RA103031,Pfizer-BioNTech - Ages 12 years and older,937-898-8829,https://www.riteaid.com,https://www.riteaid.com/pharmacy/scheduler,10 W. NATIONAL ROAD,VANDALIA,45377-1933,Montgomery County
39.176404,-84.280795,Kroger Pharmacy #01400921,Moderna - Ages 6 months through 11 years,(513) 583-3810,www.krogerhealth.com,https://www.kroger.com/i/coronavirus-update/vaccine,1093 STATE ROUTE 28,MILFORD,45150,Clermont County
41.66441,-83.571089,Rite Aid #RA102317,Moderna - Ages 12 years and older,419-243-9803,https://www.riteaid.com,https://www.riteaid.com/pharmacy/scheduler,3013 MONROE STREET,TOLEDO,43606-4603,Lucas County
39.354624,-82.974266,Kroger Pharmacy #01600348,Moderna - Ages 6 months through 11 years,(740) 775-8467,www.krogerhealth.com,https://www.kroger.com/i/coronavirus-update/vaccine,887 N BRIDGE ST,CHILLICOTHE,45601,Ross County
41.942184,-80.559556,Rite Aid #RA102417,Moderna - Ages 12 years and older,440-593-6258,https://www.riteaid.com,https://www.riteaid.com/pharmacy/scheduler,364 MAIN STREET,CONNEAUT,44030-2631,Ashtabula County
38.844712,-82.234094,"CVS Pharmacy, Inc. #04400",Novavax - Ages 12 years and older,(740) 446-7459,https://www.cvs.com/store-locator/details-directions/004400,https://www.cvs.com/immunizations/covid-19-vaccine,3066 STATE RT. 160,GALLIPOLIS,45631,Gallia County
41.609684,-83.714143000000007,Rite Aid #RA102343,Moderna - Ages 6 months through 11 years,419-866-8943,https://www.riteaid.com,https://www.riteaid.com/pharmacy/scheduler,7225 AIRPORT HIGHWAY,HOLLAND,43528-7829,Lucas County
40.859982,-81.484439,"CVS Pharmacy, Inc. #02063",Moderna - Ages 6 months through 11 years,(330) 837-3095,https://www.cvs.com/store-locator/details-directions/002063,https://www.cvs.com/immunizations/covid-19-vaccine,"7292 FULTON DR, NW",CANTON,44718,Stark County
40.148072,-82.919901,Kroger Pharmacy #01600847,Moderna - Ages 6 months through 11 years,(614) 794-5550,www.krogerhealth.com,https://www.kroger.com/i/coronavirus-update/vaccine,7345 STATE ROUTE 3,WESTERVILLE,43082,Delaware County
39.550186,-83.422621,"CVS Pharmacy, Inc. #03408",Moderna - Ages 12 years and older,(740) 335-6162,https://www.cvs.com/store-locator/details-directions/003408,https://www.cvs.com/immunizations/covid-19-vaccine,1795 COLUMBUS AVENUE,WASHINGTON COURT HOUSE,43160,Fayette County
40.729764,-81.106867,Rite Aid #RA102398,Moderna - Ages 12 years and older,330-868-4171,https://www.riteaid.com,https://www.riteaid.com/pharmacy/scheduler,300 EAST LINCOLN WAY,MINERVA,44657-8927,Stark County
40.69203,-82.508098,Walmart Inc #10-5471,Moderna - Ages 12 years and older,4197562850,https://www.walmart.com/store/5471,https://www.walmart.com/pharmacy/clinical-services/immunization/scheduled?imzType=covid,2485 Possum Run Rd,Mansfield,44903-9447,Richland County
41.720305,-83.625157,Rite Aid #RA101217,Moderna - Ages 12 years and older,419-473-2451,https://www.riteaid.com,https://www.riteaid.com/pharmacy/scheduler,5765 SECOR ROAD,TOLEDO,43623-0000,Lucas County
39.377157,-84.376054,Kroger Pharmacy #01400383,Pfizer-BioNTech - Ages 5 through 11 years,(513) 342-3260,www.krogerhealth.com,https://www.kroger.com/i/coronavirus-update/vaccine,7300 YANKEE RD,MIDDLETOWN,45044,Butler County
40.006409,-82.664041,Kroger Pharmacy #01600591,Moderna - Ages 12 years and older,(740) 964-5105,www.krogerhealth.com,https://www.kroger.com/i/coronavirus-update/vaccine,350 E BROAD ST,PATASKALA,43062,Licking County
41.461519,-81.692884,Walmart Inc #10-4285,Moderna - Ages 6 months through 11 years,2166612406,https://www.walmart.com/store/4285,https://www.walmart.com/pharmacy/clinical-services/immunization/scheduled?imzType=covid,3400 Steelyard Dr,Cleveland,44109-2386,Cuyahoga County
39.890689,-83.086885,"CVS Pharmacy, Inc. #01223",Moderna - Ages 12 years and older,(614) 875-0261,https://www.cvs.com/store-locator/details-directions/001223,https://www.cvs.com/immunizations/covid-19-vaccine,3575 BROADWAY,GROVE CITY,43123,Franklin County
40.054419,-83.069736,"CVS Pharmacy, Inc. #06149",Novavax - Ages 12 years and older,(614) 451-6555,https://www.cvs.com/store-locator/details-directions/006149,https://www.cvs.com/immunizations/covid-19-vaccine,1885 WEST HENDERSON ROAD,UPPER ARLINGTON,43220,Franklin County
41.034275,-84.034751,Walmart Inc #10-2542,Moderna - Ages 6 months through 11 years,4195236995,https://www.walmart.com/store/2542,https://www.walmart.com/pharmacy/clinical-services/immunization/scheduled?imzType=covid,1720 N Perry St,Ottawa,45875-1153,Putnam County
41.309151,-82.974266,Rite Aid #RA103230,Moderna - Ages 6 months through 11 years,419-547-7991,https://www.riteaid.com,https://www.riteaid.com/pharmacy/scheduler,710 NORTH MAIN STREET,CLYDE,43410-1647,Sandusky County
41.639753,-83.459353,Walmart Inc #10-5029,Moderna - Ages 6 months through 11 years,4196982034,https://www.walmart.com/store/5029,https://www.walmart.com/pharmacy/clinical-services/immunization/scheduled?imzType=covid,3721 Navarre Ave,Oregon,43616-3433,Lucas County
41.059421,-83.649223,Rite Aid #RA102359,Pfizer-BioNTech - Ages 12 years and older,419-424-1828,https://www.riteaid.com,https://www.riteaid.com/pharmacy/scheduler,1501 NORTH MAIN STREET,FINDLAY,45840-3752,Hancock County
41.291922,-80.84859,Rite Aid #RA100713,Moderna - Ages 6 months through 11 years,330-847-0016,https://www.riteaid.com,https://www.riteaid.com/pharmacy/scheduler,5001 MAHONING AVENUE,WARREN,44483-1407,Trumbull County
39.800722,-84.193497,Rite Aid #RA103134,Moderna - Ages 6 months through 11 years,937-275-7032,https://www.riteaid.com,https://www.riteaid.com/pharmacy/scheduler,3700 NORTH DIXIE DRIVE,DAYTON,45414-5235,Montgomery County
39.721726,-82.203648,Kroger Pharmacy #01600313,Moderna - Ages 12 years and older,(740) 342-5649,www.krogerhealth.com,https://www.kroger.com/i/coronavirus-update/vaccine,610 CARROLL ST,NEW LEXINGTON,43764,Perry County
39.729615,-82.615083,Kroger Pharmacy #01600264,Pfizer-BioNTech - Ages 12 years and older,(740) 654-2044,www.krogerhealth.com,https://www.kroger.com/i/coronavirus-update/vaccine,1621 N MEMORIAL DR,LANCASTER,43130,Fairfield County
40.9775,-81.522013,Rite Aid #RA102456,Pfizer-BioNTech - Ages 12 years and older,330-644-9911,https://www.riteaid.com,https://www.riteaid.com/pharmacy/scheduler,4053 SOUTH MAIN STREET,AKRON,44319-3668,Summit County
41.445733,-82.164607,Rite Aid #RA104683,Moderna - Ages 6 months through 11 years,440-244-1950,https://www.riteaid.com,https://www.riteaid.com/pharmacy/scheduler,2709 BROADWAY AVENUE,LORAIN,44052-4835,Lorain County
41.707048,-83.603494,Rite Aid #RA102340,Moderna - Ages 12 years and older,419-473-1221,https://www.riteaid.com,https://www.riteaid.com/pharmacy/scheduler,2434 WEST LASKEY ROAD,TOLEDO,43613-3504,Lucas County
41.461519,-81.692884,Walmart Inc #10-4285,Moderna - Ages 12 years and older,2166612406,https://www.walmart.com/store/4285,https://www.walmart.com/pharmacy/clinical-services/immunization/scheduled?imzType=covid,3400 Steelyard Dr,Cleveland,44109-2386,Cuyahoga County
39.479846,-84.420877,Kroger Pharmacy #01400335,Moderna - Ages 12 years and older,(513) 423-7097,www.krogerhealth.com,https://www.kroger.com/i/coronavirus-update/vaccine,428 OXFORD STATE RD,MIDDLETOWN,45044,Butler County
41.616979,-83.696331,Sams Club #10-8139,Moderna - Ages 12 years and older,4198668366,https://www.samsclub.com/club/8139,https://www.samsclub.com/pharmacy/immunization?imzType=covid,1300 E Mall Dr,Holland,43528-8467,Lucas County
40.899486,-80.818055,Walmart Inc #10-2910,Moderna - Ages 6 months through 11 years,3303378313,https://www.walmart.com/store/2910,https://www.walmart.com/pharmacy/clinical-services/immunization/scheduled?imzType=covid,2875 E State St,Salem,44460-9303,Columbiana County
40.859982,-81.484439,"CVS Pharmacy, Inc. #02063",Moderna - Ages 12 years and older,(330) 837-3095,https://www.cvs.com/store-locator/details-directions/002063,https://www.cvs.com/immunizations/covid-19-vaccine,"7292 FULTON DR, NW",CANTON,44718,Stark County
41.580162,-83.887801,Rite Aid #RA102355,Moderna - Ages 6 months through 11 years,419-825-1161,https://www.riteaid.com,https://www.riteaid.com/pharmacy/scheduler,105 WEST AIRPORT HIGHWAY,SWANTON,43558-1410,Fulton County
38.738638,-82.995764,"CVS Pharmacy, Inc. #03416",Novavax - Ages 12 years and older,(740) 354-3259,https://www.cvs.com/store-locator/details-directions/003416,https://www.cvs.com/immunizations/covid-19-vaccine,802 11TH ST.,PORTSMOUTH,45662,Scioto County
41.340379,-81.439015,"CVS Pharmacy, Inc. #04437",Novavax - Ages 12 years and older,(330) 425-4300,https://www.cvs.com/store-locator/details-directions/004437,https://www.cvs.com/immunizations/covid-19-vaccine,10085 DARROW ROAD,TWINSBURG,44087,Summit County
40.065076,-83.02555,Kroger Pharmacy #01600819,Moderna - Ages 12 years and older,(614) 410-1108,www.krogerhealth.com,https://www.kroger.com/i/coronavirus-update/vaccine,199 GRACELAND BLVD,COLUMBUS,43214,Franklin County
40.064856,-83.0212,"CVS Pharmacy, Inc. #17094",Moderna - Ages 12 years and older,(614) 781-9407,https://www.cvs.com/store-locator/details-directions/017094,https://www.cvs.com/immunizations/covid-19-vaccine,55 GRACELAND BLVD,COLUMBUS,43214,Franklin County
39.772409,-84.054736,Walmart Inc #10-2124,Moderna - Ages 6 months through 11 years,9374268227,https://www.walmart.com/store/2124,https://www.walmart.com/pharmacy/clinical-services/immunization/scheduled?imzType=covid,3360 Pentagon Blvd,Beavercreek,45431-1702,Greene County
39.451718,-82.22072,Kroger Pharmacy #01600529,Pfizer-BioNTech - Ages 12 years and older,(740) 753-1984,www.krogerhealth.com,https://www.kroger.com/i/coronavirus-update/vaccine,965 POPLAR ST,NELSONVILLE,45764,Athens County
40.075741,-80.87263,Kroger Pharmacy #01600812,Moderna - Ages 6 months through 11 years,(740) 695-7170,www.krogerhealth.com,https://www.kroger.com/i/coronavirus-update/vaccine,50789 VALLEY PLAZA DR,ST CLAIRSVILLE,43950,Belmont County
39.296376,-84.389838,Kroger Pharmacy #01400429,Pfizer-BioNTech - Ages 5 through 11 years,(513) 733-4945,www.krogerhealth.com,https://www.kroger.com/i/coronavirus-update/vaccine,12164 LEBANON RD,CINCINNATI,45241,Hamilton County
39.953466,-82.900228,Walmart Inc #10-3447,Moderna - Ages 6 months through 11 years,6142397509,https://www.walmart.com/store/3447,https://www.walmart.com/pharmacy/clinical-services/immunization/scheduled?imzType=covid,3657 E Main St,Whitehall,43213-2924,Franklin County
39.951953,-83.156357,Kroger Pharmacy #01600623,Moderna - Ages 6 months through 11 years,(614) 870-4354,www.krogerhealth.com,https://www.kroger.com/i/coronavirus-update/vaccine,5800 W BROAD ST,GALLOWAY,43119,Franklin County
40.799197,-81.398233,"CVS Pharmacy, Inc. #10372",Novavax - Ages 12 years and older,(330) 453-4845,https://www.cvs.com/store-locator/details-directions/010372,https://www.cvs.com/immunizations/covid-19-vaccine,2210 WEST TUSCARAWAS STREET,CANTON,44708,Stark County
39.073806,-84.313333,"CVS Pharmacy, Inc. #16470",Novavax - Ages 12 years and older,(513) 474-6367,https://www.cvs.com/store-locator/details-directions/016470,https://www.cvs.com/immunizations/covid-19-vaccine,8680 BEECHMONT AVE,CINCINNATI,45255,Hamilton County
40.55411,-84.383938,Kroger Pharmacy #01400910,Moderna - Ages 12 years and older,(419) 394-8930,www.krogerhealth.com,https://www.kroger.com/i/coronavirus-update/vaccine,475 FORTMAN DR,ST MARYS,45885,Auglaize County
41.594419,-81.549294,Rite Aid #RA104071,Moderna - Ages 12 years and older,216-383-7600,https://www.riteaid.com,https://www.riteaid.com/pharmacy/scheduler,475 E 185TH STREET,EUCLID,44119-1355,Cuyahoga County
39.772274,-84.058369,Sams Club #10-6517,Moderna - Ages 6 months through 11 years,9374261511,https://www.samsclub.com/club/6517,https://www.samsclub.com/pharmacy/immunization?imzType=covid,3446 Pentagon Blvd,Beavercreek,45431-1704,Greene County
39.745077,-84.396537,Rite Aid #RA100449,Moderna - Ages 12 years and older,937-687-3456,https://www.riteaid.com,https://www.riteaid.com/pharmacy/scheduler,590 WEST MAIN STREET,NEW LEBANON,45345-1426,Montgomery County
41.101783,-81.438619,Rite Aid #RA101351,Pfizer-BioNTech - Ages 12 years and older,330-633-1150,https://www.riteaid.com,https://www.riteaid.com/pharmacy/scheduler,45 EAST AVENUE,TALLMADGE,44278-2339,Summit County
39.77739,-84.073723,Meijer #107,Moderna - Ages 12 years and older,937-426-3600,https://www.meijer.com/services/pharmacy.html,https://rx.meijer.com/appt/SV0001,3822 Colonel Glenn Highway,Fairborn,45324,Greene County
41.585388,-81.226767,Walmart Inc #10-3293,Moderna - Ages 6 months through 11 years,4402862250,https://www.walmart.com/store/3293,https://www.walmart.com/pharmacy/clinical-services/immunization/scheduled?imzType=covid,223 Meadowlands Dr,Chardon,44024-8366,Geauga County
40.092602,-83.017423,"CVS Pharmacy, Inc. #03407",Novavax - Ages 12 years and older,(614) 888-6366,https://www.cvs.com/store-locator/details-directions/003407,https://www.cvs.com/immunizations/covid-19-vaccine,918 N. HIGH ST.,WORTHINGTON,43085,Franklin County
39.223056,-84.516419,"CVS Pharmacy, Inc. #06101",Novavax - Ages 12 years and older,(513) 931-9359,https://www.cvs.com/store-locator/details-directions/006101,https://www.cvs.com/immunizations/covid-19-vaccine,8560 WINTON RD.,CINCINNATI,45231,Hamilton County
40.127117,-84.622076,Kroger Pharmacy #01400833,Moderna - Ages 12 years and older,(937) 548-1736,www.krogerhealth.com,https://www.kroger.com/i/coronavirus-update/vaccine,200 LEASE AVE,GREENVILLE,45331,Darke County
41.462206,-82.009632,"CVS Pharmacy, Inc. #16666",Pfizer-BioNTech - Ages 5 through 11 years,(440) 937-4308,https://www.cvs.com/store-locator/details-directions/016666,https://www.cvs.com/immunizations/covid-19-vaccine,35830 DETROIT RD,AVON,44011,Lorain County
40.04053,-82.864146,"CVS Pharmacy, Inc. #07247",Moderna - Ages 12 years and older,(614) 428-5201,https://www.cvs.com/store-locator/details-directions/007247,https://www.cvs.com/immunizations/covid-19-vaccine,900 N. HAMILTON RD.,GAHANNA,43230,Franklin County
41.349361,-81.389644,Walmart Inc #10-3250,Moderna - Ages 6 months through 11 years,3305620000,https://www.walmart.com/store/3250,https://www.walmart.com/pharmacy/clinical-services/immunization/scheduled?imzType=covid,7235 Market Place Dr,Aurora,44202-8758,Geauga County
41.461898,-81.477325,Rite Aid #RA103041,Moderna - Ages 12 years and older,216-831-1616,https://www.riteaid.com,https://www.riteaid.com/pharmacy/scheduler,28600 CHAGRIN BOULEVARD,BEACHWOOD,44122-4532,Cuyahoga County
39.951873,-82.982832,"CVS Pharmacy, Inc. #03484",Novavax - Ages 12 years and older,(614) 464-2480,https://www.cvs.com/store-locator/details-directions/003484,https://www.cvs.com/immunizations/covid-19-vaccine,591 E. LIVINGSTON AVE.,COLUMBUS,43215,Franklin County
40.312673,-83.110559,Kroger Pharmacy #01600804,Moderna - Ages 12 years and older,(740) 362-8426,www.krogerhealth.com,https://www.kroger.com/i/coronavirus-update/vaccine,801 N HOUK RD,DELAWARE,43015,Delaware County
40.734391,-82.793651,Rite Aid #RA103102,Pfizer-BioNTech - Ages 12 years and older,419-468-5340,https://www.riteaid.com,https://www.riteaid.com/pharmacy/scheduler,304 HARDING WAY WEST,GALION,44833-1729,Crawford County
41.364439,-83.132985,Kroger Pharmacy #01600536,Pfizer-BioNTech - Ages 5 through 11 years,(419) 332-9187,www.krogerhealth.com,https://www.kroger.com/i/coronavirus-update/vaccine,1700 CEDAR ST,FREMONT,43420,Sandusky County
41.364408,-83.650886,Rite Aid #RA107728,Moderna - Ages 6 months through 11 years,419-354-3911,https://www.riteaid.com,https://www.riteaid.com/pharmacy/scheduler,722-740 SOUTH MAIN STREET,BOWLING GREEN,43402-3830,Wood County
41.394588,-82.005927,"CVS Pharmacy, Inc. #03376",Moderna - Ages 6 months through 11 years,(440) 327-2194,https://www.cvs.com/store-locator/details-directions/003376,https://www.cvs.com/immunizations/covid-19-vaccine,35000 CENTER RIDGE ROAD,NORTH RIDGEVILLE,44039,Lorain County
39.252138,-84.792048,"CVS Pharmacy, Inc. #06089",Novavax - Ages 12 years and older,(513) 367-4871,https://www.cvs.com/store-locator/details-directions/006089,https://www.cvs.com/immunizations/covid-19-vaccine,10534 HARRISON AVE.,HARRISON,45030,Hamilton County
41.460114,-82.020321,"CVS Pharmacy, Inc. #02588",Moderna - Ages 6 months through 11 years,(440) 937-4027,https://www.cvs.com/store-locator/details-directions/002588,https://www.cvs.com/immunizations/covid-19-vaccine,36008 DETROIT AVE,AVON,44011,Lorain County
41.313444,-81.834439,"CVS Pharmacy, Inc. #04300",Novavax - Ages 12 years and older,(440) 238-8360,https://www.cvs.com/store-locator/details-directions/004300,https://www.cvs.com/immunizations/covid-19-vaccine,13777 PEARL RD.,STRONGSVILLE,44136,Cuyahoga County
39.483517,-82.079951,Kroger Pharmacy #01600831,Moderna - Ages 12 years and older,(740) 767-3851,www.krogerhealth.com,https://www.kroger.com/i/coronavirus-update/vaccine,19471 LAKE DR,TRIMBLE,45782,Athens County
41.12805,-81.60512,"CVS Pharmacy, Inc. #16381",Moderna - Ages 12 years and older,(330) 865-9014,https://www.cvs.com/store-locator/details-directions/016381,https://www.cvs.com/immunizations/covid-19-vaccine,2801 W MARKET ST,FAIRLAWN,44333,Summit County
41.662557,-83.684355,Kroger Pharmacy #01600870,Moderna - Ages 12 years and older,(419) 578-6465,www.krogerhealth.com,https://www.kroger.com/i/coronavirus-update/vaccine,2257 N HOLLAND SYLVANIA RD,TOLEDO,43615,Lucas County
41.089888,-80.589799,Rite Aid #RA103146,Moderna - Ages 12 years and older,330-747-2426,https://www.riteaid.com,https://www.riteaid.com/pharmacy/scheduler,693 MCCARTNEY ROAD,YOUNGSTOWN,44505-5016,Mahoning County
39.360788,-84.278738,Kroger Pharmacy #01400426,Moderna - Ages 12 years and older,(513) 398-8820,www.krogerhealth.com,https://www.kroger.com/i/coronavirus-update/vaccine,5210 ST RT 741,MASON,45040,Warren County
40.740448,-84.111103,Rite Aid #RA102319,Moderna - Ages 12 years and older,419-222-7797,https://www.riteaid.com,https://www.riteaid.com/pharmacy/scheduler,506  WEST MARKET STREET,LIMA,45801-4718,Allen County
41.253809,-80.790451,Rite Aid #RA103062,Moderna - Ages 12 years and older,330-372-4105,https://www.riteaid.com,https://www.riteaid.com/pharmacy/scheduler,2154 ELM ROAD NE,WARREN,44483-4005,Trumbull County
40.14978,-82.925654,Meijer #181,Moderna - Ages 12 years and older,614-865-2010,https://www.meijer.com/services/pharmacy.html,https://rx.meijer.com/appt/SV0001,100 Polaris Parkway,Westerville,43082,Delaware County
40.110416,-83.18935,Costco Wholesale Corporation #1243,Pfizer-BioNTech - Ages 12 years and older,(614)-733-5012,https://www.costco.com/pharmacy/adult-immunization-program.html,https://www.costco.com/pharmacy/adult-immunization-program.html,7300 STATE ROUTE 161 E,Plain City,43064,Union County
41.161243,-81.4893,"CVS Pharmacy, Inc. #04572",Moderna - Ages 6 months through 11 years,(330) 922-1298,https://www.cvs.com/store-locator/details-directions/004572,https://www.cvs.com/immunizations/covid-19-vaccine,641 GRAHAM RD.,CUYAHOGA FALLS,44221,Summit County
40.203199,-83.027599,Kroger Pharmacy #01600805,Moderna - Ages 6 months through 11 years,(740) 888-1290,www.krogerhealth.com,https://www.kroger.com/i/coronavirus-update/vaccine,6417 COLUMBUS PIKE,LEWIS CENTER,43035,Delaware County
40.141983,-84.264694,Kroger Pharmacy #01400932,Pfizer-BioNTech - Ages 5 through 11 years,(937) 615-7020,www.krogerhealth.com,https://www.kroger.com/i/coronavirus-update/vaccine,1508 COVINGTON AVE,PIQUA,45356,Miami County
39.869453,-84.103266,Meijer #241,Moderna - Ages 12 years and older,937-237-4610,https://www.meijer.com/services/pharmacy.html,https://rx.meijer.com/appt/SV0001,7150 Executive Blvd,Huber Heights,45424,Montgomery County
41.606357,-81.438973,"CVS Pharmacy, Inc. #04351",Novavax - Ages 12 years and older,(440) 946-7252,https://www.cvs.com/store-locator/details-directions/004351,https://www.cvs.com/immunizations/covid-19-vaccine,6005 SOM CENTER RD.,WILLOUGHBY,44094,Lake County
40.823615,-81.933382,Rite Aid #RA103028,Moderna - Ages 6 months through 11 years,330-262-9045,https://www.riteaid.com,https://www.riteaid.com/pharmacy/scheduler,1955 CLEVELAND ROAD,WOOSTER,44691-2256,Wayne County
39.882796,-83.06852,Kroger Pharmacy #01600341,Moderna - Ages 6 months through 11 years,(614) 875-0596,www.krogerhealth.com,https://www.kroger.com/i/coronavirus-update/vaccine,2474 STRINGTOWN RD,GROVE CITY,43123,Franklin County
40.07557,-80.875483,Walmart Inc #10-2199,Moderna - Ages 6 months through 11 years,7406958410,https://www.walmart.com/store/2199,https://www.walmart.com/pharmacy/clinical-services/immunization/scheduled?imzType=covid,50739 Valley Plaza Dr,Saint Clairsville,43950-1751,Belmont County
39.955217,-82.772382,"CVS Pharmacy, Inc. #01756",Novavax - Ages 12 years and older,(614) 863-2000,https://www.cvs.com/store-locator/details-directions/001756,https://www.cvs.com/immunizations/covid-19-vaccine,8467 E. MAIN ST.,REYNOLDSBURG,43068,Licking County
39.788723,-84.020417,"CVS Pharmacy, Inc. #03411",Novavax - Ages 12 years and older,(937) 878-3991,https://www.cvs.com/store-locator/details-directions/003411,https://www.cvs.com/immunizations/covid-19-vaccine,200 E DAYTON YELLOW SPRINGS RD,FAIRBORN,45324,Greene County
41.155994,-81.410899,"CVS Pharmacy, Inc. #16382",Pfizer-BioNTech - Ages 12 years and older,(330) 688-7450,https://www.cvs.com/store-locator/details-directions/016382,https://www.cvs.com/immunizations/covid-19-vaccine,4200 KENT RD,STOW,44224,Summit County
39.224449,-84.394776,"CVS Pharmacy, Inc. #17574",Novavax - Ages 12 years and older,(513) 898-2022,https://www.cvs.com/store-locator/details-directions/017574,https://www.cvs.com/immunizations/covid-19-vaccine,9099 PLAINFIELD RD,BLUE ASH,45236,Hamilton County
39.143634,-84.522342,"CVS Pharmacy, Inc. #06126",Novavax - Ages 12 years and older,(513) 281-4475,https://www.cvs.com/store-locator/details-directions/006126,https://www.cvs.com/immunizations/covid-19-vaccine,371 LUDLOW AVE.,CINCINNATI,45220,Hamilton County
40.10273,-83.164398,Kroger Pharmacy #01600817,Moderna - Ages 12 years and older,(614) 760-4246,www.krogerhealth.com,https://www.kroger.com/i/coronavirus-update/vaccine,7100 HOSPITAL DR,DUBLIN,43016,Franklin County
39.899472,-84.184064,Kroger Pharmacy #01400747,Moderna - Ages 12 years and older,(937) 264-2420,www.krogerhealth.com,https://www.kroger.com/i/coronavirus-update/vaccine,780 NORTHWOODS BLVD,VANDALIA,45377,Montgomery County
41.391346,-83.648642,Kroger Pharmacy #01600878,Moderna - Ages 6 months through 11 years,(419) 353-5116,www.krogerhealth.com,https://www.kroger.com/i/coronavirus-update/vaccine,1094 N MAIN ST,BOWLING GREEN,43402,Wood County
39.922705,-83.770111,"CVS Pharmacy, Inc. #06186",Pfizer-BioNTech - Ages 5 through 11 years,(937) 323-6423,https://www.cvs.com/store-locator/details-directions/006186,https://www.cvs.com/immunizations/covid-19-vaccine,2565 EAST MAIN ST.,SPRINGFIELD,45503,Clark County
40.898649,-81.405658,Rite Aid #RA102401,Pfizer-BioNTech - Ages 12 years and older,330-499-3448,https://www.riteaid.com,https://www.riteaid.com/pharmacy/scheduler,7800 CLEVELAND AVE NW,NORTH CANTON,44720-5658,Stark County
40.244638,-82.864651,"CVS Pharmacy, Inc. #03364",Pfizer-BioNTech - Ages 12 years and older,(740) 965-3061,https://www.cvs.com/store-locator/details-directions/003364,https://www.cvs.com/immunizations/covid-19-vaccine,111 W CHERRY ST,SUNBURY,43074,Delaware County
39.853322,-82.823711,Walmart Inc #10-5184,Pfizer-BioNTech - Ages 12 years and older,6148333930,https://www.walmart.com/store/5184,https://www.walmart.com/pharmacy/clinical-services/immunization/scheduled?imzType=covid,6674 Winchester Blvd,Canal Winchester,43110-2048,Franklin County
39.671216,-84.219317,Meijer #103,Moderna - Ages 12 years and older,937-436-4544,https://www.meijer.com/services/pharmacy.html,https://rx.meijer.com/appt/SV0001,5858 Springboro Pike,Dayton,45449,Montgomery County
40.800394,-81.510502,"CVS Pharmacy, Inc. #08248",Novavax - Ages 12 years and older,(330) 830-6459,https://www.cvs.com/store-locator/details-directions/008248,https://www.cvs.com/immunizations/covid-19-vaccine,1130 LINCOLN WAY EAST,MASSILLON,44646,Stark County
41.595634,-83.665512,Rite Aid #RA101092,Moderna - Ages 12 years and older,419-865-3130,https://www.riteaid.com,https://www.riteaid.com/pharmacy/scheduler,2450 SOUTH REYNOLDS ROAD,TOLEDO,43614-1419,Lucas County
41.534215,-83.632848,Costco Wholesale Corporation #1194,Moderna - Ages 6 months through 11 years,(567)-368-6010,https://www.costco.com/pharmacy/adult-immunization-program.html,https://www.costco.com/pharmacy/adult-immunization-program.html,26400 N.DIXIE HWY,PERRYSBURG,43551,Wood County
41.120987,-81.477501,"CVS Pharmacy, Inc. #16246",Pfizer-BioNTech - Ages 12 years and older,(330) 928-0294,https://www.cvs.com/store-locator/details-directions/016246,https://www.cvs.com/immunizations/covid-19-vaccine,449 HOWE AVE,CUYAHOGA FALLS,44221,Summit County
39.22411,-84.5481,Kroger Pharmacy #01400390,Pfizer-BioNTech - Ages 12 years and older,(513) 728-2720,www.krogerhealth.com,https://www.kroger.com/i/coronavirus-update/vaccine,7132 HAMILTON AVE,CINCINNATI,45231,Hamilton County
41.311369,-81.527757,"CVS Pharmacy, Inc. #16962",Novavax - Ages 12 years and older,(330) 468-9183,https://www.cvs.com/store-locator/details-directions/016962,https://www.cvs.com/immunizations/covid-19-vaccine,8282 GOLDEN LINK BLVD,NORTHFIELD,44067,Summit County
40.834721,-81.328252,Walmart Inc #10-5285,Moderna - Ages 6 months through 11 years,3304899035,https://www.walmart.com/store/5285,https://www.walmart.com/pharmacy/clinical-services/immunization/scheduled?imzType=covid,3200 Atlantic Blvd NE,Canton,44705-3933,Stark County
41.319283,-80.730537,Rite Aid #RA102452,Moderna - Ages 6 months through 11 years,330-638-8747,https://www.riteaid.com,https://www.riteaid.com/pharmacy/scheduler,569 SOUTH HIGH STREET,CORTLAND,44410-1506,Trumbull County
41.40538,-81.709847,Rite Aid #RA103053,Moderna - Ages 6 months through 11 years,440-884-3549,https://www.riteaid.com,https://www.riteaid.com/pharmacy/scheduler,5795 STATE ROAD,PARMA,44134-2541,Cuyahoga County
41.295211,-84.361516,Rite Aid #RA102364,Pfizer-BioNTech - Ages 12 years and older,419-782-0155,https://www.riteaid.com,https://www.riteaid.com/pharmacy/scheduler,618 NORTH CLINTON STREET,DEFIANCE,43512-1609,Defiance County
41.698934,-83.654293,"CVS Pharmacy, Inc. #16165",Pfizer-BioNTech - Ages 5 through 11 years,(419) 843-1622,https://www.cvs.com/store-locator/details-directions/016165,https://www.cvs.com/immunizations/covid-19-vaccine,5225 MONROE ST,TOLEDO,43623,Lucas County
39.930592,-83.145049,"CVS Pharmacy, Inc. #04621",Pfizer-BioNTech - Ages 12 years and older,(614) 853-3836,https://www.cvs.com/store-locator/details-directions/004621,https://www.cvs.com/immunizations/covid-19-vaccine,1001 NORTON RD.,GALLOWAY,43119,Franklin County
40.83195,-81.365455,Rite Aid #RA102388,Moderna - Ages 12 years and older,330-456-0515,https://www.riteaid.com,https://www.riteaid.com/pharmacy/scheduler,"3030 MARKET AVENUE, N.E.",CANTON,44714-1428,Stark County
40.079214,-82.851715,"CVS Pharmacy, Inc. #17770",Novavax - Ages 12 years and older,(614) 245-6033,https://www.cvs.com/store-locator/details-directions/017770,https://www.cvs.com/immunizations/covid-19-vaccine,6030 N HAMILTON RD.,COLUMBUS,43081,Franklin County
39.338349,-84.560647,"CVS Pharmacy, Inc. #06080",Novavax - Ages 12 years and older,(513) 829-8050,https://www.cvs.com/store-locator/details-directions/006080,https://www.cvs.com/immunizations/covid-19-vaccine,590 NILLES RD.,FAIRFIELD,45014,Butler County
39.984377,-82.816428,Kroger Pharmacy #01600853,Pfizer-BioNTech - Ages 12 years and older,(614) 575-3741,www.krogerhealth.com,https://www.kroger.com/i/coronavirus-update/vaccine,7000 E BROAD ST,COLUMBUS,43213,Franklin County
39.888268,-84.046725,Rite Aid #RA101187,Moderna - Ages 6 months through 11 years,937-849-1366,https://www.riteaid.com,https://www.riteaid.com/pharmacy/scheduler,564 MCADAMS DRIVE,NEW CARLISLE,45344-2501,Clark County
39.360788,-84.278738,Kroger Pharmacy #01400426,Moderna - Ages 6 months through 11 years,(513) 398-8820,www.krogerhealth.com,https://www.kroger.com/i/coronavirus-update/vaccine,5210 ST RT 741,MASON,45040,Warren County
40.103597,-83.72008,Kroger Pharmacy #01600824,Moderna - Ages 6 months through 11 years,(937) 653-7668,www.krogerhealth.com,https://www.kroger.com/i/coronavirus-update/vaccine,1637 E US HIGHWAY 36 STE 14,URBANA,43078,Champaign County
39.854162,-82.899388,Kroger Pharmacy #01600861,Moderna - Ages 12 years and older,(614) 830-2015,www.krogerhealth.com,https://www.kroger.com/i/coronavirus-update/vaccine,6011 GROVEPORT RD,GROVEPORT,43125,Franklin County
39.70403,-84.124053,Kroger Pharmacy #01400825,Pfizer-BioNTech - Ages 12 years and older,(937) 299-8437,www.krogerhealth.com,https://www.kroger.com/i/coronavirus-update/vaccine,2115 E DOROTHY LN,KETTERING,45420,Montgomery County
39.145143,-84.620113,"CVS Pharmacy, Inc. #17534",Moderna - Ages 12 years and older,(513) 719-1077,https://www.cvs.com/store-locator/details-directions/017534,https://www.cvs.com/immunizations/covid-19-vaccine,6150 GLENWAY AVE,CINCINNATI,45211,Hamilton County
40.106377,-83.736806,"CVS Pharmacy, Inc. #03452",Pfizer-BioNTech - Ages 12 years and older,(937) 653-7139,https://www.cvs.com/store-locator/details-directions/003452,https://www.cvs.com/immunizations/covid-19-vaccine,719 SCIOTO ST,URBANA,43078,Champaign County
41.163266,-83.415488,Kroger Pharmacy #01600856,Pfizer-BioNTech - Ages 12 years and older,(419) 435-4190,www.krogerhealth.com,https://www.kroger.com/i/coronavirus-update/vaccine,126 W HIGH ST,FOSTORIA,44830,Seneca County
41.378079,-81.736139,"CVS Pharmacy, Inc. #16245",Novavax - Ages 12 years and older,(440) 842-9170,https://www.cvs.com/store-locator/details-directions/016245,https://www.cvs.com/immunizations/covid-19-vaccine,6850 RIDGE RD,PARMA,44129,Cuyahoga County
39.806257,-84.221849,Rite Aid #RA103088,Pfizer-BioNTech - Ages 12 years and older,937-274-1530,https://www.riteaid.com,https://www.riteaid.com/pharmacy/scheduler,4328 NORTH MAIN STREET,DAYTON,45405-5013,Montgomery County
39.954526,-82.819669,"CVS Pharmacy, Inc. #06953",Novavax - Ages 12 years and older,(614) 866-2280,https://www.cvs.com/store-locator/details-directions/006953,https://www.cvs.com/immunizations/covid-19-vaccine,6659 E. MAIN ST.,REYNOLDSBURG,43068,Franklin County
40.238422,-83.383029,"CVS Pharmacy, Inc. #03481",Pfizer-BioNTech - Ages 12 years and older,(937) 644-3615,https://www.cvs.com/store-locator/details-directions/003481,https://www.cvs.com/immunizations/covid-19-vaccine,969 WEST 5TH ST,MARYSVILLE,43040,Union County
40.074244,-82.429316,"CVS Pharmacy, Inc. #02405",Moderna - Ages 12 years and older,(740) 366-9082,https://www.cvs.com/store-locator/details-directions/002405,https://www.cvs.com/immunizations/covid-19-vaccine,955 N. 21ST STREET,NEWARK,43055,Licking County
41.261865,-82.61694,Walmart Inc #10-1986,Moderna - Ages 6 months through 11 years,4196632212,https://www.walmart.com/store/1986,https://www.walmart.com/pharmacy/clinical-services/immunization/scheduled?imzType=covid,340 Westwind Dr,Norwalk,44857-9104,Huron County
39.989116,-81.575409,Walmart Inc #10-3262,Moderna - Ages 6 months through 11 years,7404395743,https://www.walmart.com/store/3262,https://www.walmart.com/pharmacy/clinical-services/immunization/scheduled?imzType=covid,61205 Southgate Rd,Cambridge,43725-8002,Guernsey County
39.958664,-82.875671,Kroger Pharmacy #01600806,Moderna - Ages 12 years and older,(614) 759-2746,www.krogerhealth.com,https://www.kroger.com/i/coronavirus-update/vaccine,850 S HAMILTON RD,WHITEHALL,43213,Franklin County
41.391346,-83.648642,Kroger Pharmacy #01600878,Pfizer-BioNTech - Ages 5 through 11 years,(419) 353-5116,www.krogerhealth.com,https://www.kroger.com/i/coronavirus-update/vaccine,1094 N MAIN ST,BOWLING GREEN,43402,Wood County
41.420643,-81.757017,Sams Club #10-6305,Moderna - Ages 6 months through 11 years,2162650012,https://www.samsclub.com/club/6305,https://www.samsclub.com/pharmacy/immunization?imzType=covid,10250 Brookpark Rd,Cleveland,44130-1106,Cuyahoga County
39.949762,-83.002061,Kroger Pharmacy #01600569,Moderna - Ages 12 years and older,(614) 340-7980,www.krogerhealth.com,https://www.kroger.com/i/coronavirus-update/vaccine,150 W SYCAMORE ST,COLUMBUS,43215,Franklin County
41.513681,-82.919859,Rite Aid #RA103179,Moderna - Ages 12 years and older,419-734-5583,https://www.riteaid.com,https://www.riteaid.com/pharmacy/scheduler,1626 EAST PERRY STREET,PORT CLINTON,43452-1332,Ottawa County
41.340379,-81.439015,"CVS Pharmacy, Inc. #04437",Pfizer-BioNTech - Ages 12 years and older,(330) 425-4300,https://www.cvs.com/store-locator/details-directions/004437,https://www.cvs.com/immunizations/covid-19-vaccine,10085 DARROW ROAD,TWINSBURG,44087,Summit County
39.991123,-83.148986,"CVS Pharmacy, Inc. #17422",Moderna - Ages 12 years and older,(614) 219-5161,https://www.cvs.com/store-locator/details-directions/017422,https://www.cvs.com/immunizations/covid-19-vaccine,1970 HILLIARD ROME RD,HILLIARD,43026,Franklin County
39.250951,-84.2955,"CVS Pharmacy, Inc. #06085",Pfizer-BioNTech - Ages 12 years and older,(513) 683-0400,https://www.cvs.com/store-locator/details-directions/006085,https://www.cvs.com/immunizations/covid-19-vaccine,10554 LOVELAND-MADERIA ROAD,LOVELAND,45140,Hamilton County
40.77109,-84.161412,Meijer #110,Moderna - Ages 12 years and older,419-331-6410,https://www.meijer.com/services/pharmacy.html,https://rx.meijer.com/appt/SV0001,3298 Elida Rd,Lima,45805,Allen County
39.772409,-84.054736,Walmart Inc #10-2124,Pfizer-BioNTech - Ages 12 years and older,9374268227,https://www.walmart.com/store/2124,https://www.walmart.com/pharmacy/clinical-services/immunization/scheduled?imzType=covid,3360 Pentagon Blvd,Beavercreek,45431-1702,Greene County
39.328161,-82.101092,"CVS Pharmacy, Inc. #06193",Pfizer-BioNTech - Ages 5 through 11 years,(740) 592-6024,https://www.cvs.com/store-locator/details-directions/006193,https://www.cvs.com/immunizations/covid-19-vaccine,32 S. COURT ST.,ATHENS,45701,Athens County
39.352641,-83.379732,Rite Aid #RA103466,Moderna - Ages 12 years and older,937-981-7133,https://www.riteaid.com,https://www.riteaid.com/pharmacy/scheduler,109 JEFFERSON STREET,GREENFIELD,45123-1364,Highland County
38.712783,-82.856259,Kroger Pharmacy #01600664,Pfizer-BioNTech - Ages 12 years and older,(740) 574-6569,www.krogerhealth.com,https://www.kroger.com/i/coronavirus-update/vaccine,9101 OHIO RIVER RD,WHEELERSBURG,45694,Scioto County
39.764682,-84.158037,Rite Aid #RA103030,Pfizer-BioNTech - Ages 12 years and older,937-258-8101,https://www.riteaid.com,https://www.riteaid.com/pharmacy/scheduler,2532 EAST THIRD STREET,DAYTON,45403-2019,Montgomery County
39.866632,-84.140521,Kroger Pharmacy #01400758,Pfizer-BioNTech - Ages 5 through 11 years,(937) 233-7680,www.krogerhealth.com,https://www.kroger.com/i/coronavirus-update/vaccine,7747 OLD TROY PIKE,HUBER HEIGHTS,45424,Montgomery County
41.46002,-84.54679,Walmart Inc #10-2191,Moderna - Ages 6 months through 11 years,4196361535,https://www.walmart.com/store/2191,https://www.walmart.com/pharmacy/clinical-services/immunization/scheduled?imzType=covid,1215 S Main St,Bryan,43506-2442,Williams County
41.205531,-80.739634,"CVS Pharmacy, Inc. #02486",Pfizer-BioNTech - Ages 12 years and older,(330) 505-2601,https://www.cvs.com/store-locator/details-directions/002486,https://www.cvs.com/immunizations/covid-19-vaccine,1331 YOUNGSTOWN-WARREN RD,NILES,44446,Trumbull County
38.864244,-83.897074,"CVS Pharmacy, Inc. #05429",Novavax - Ages 12 years and older,(937) 378-2218,https://www.cvs.com/store-locator/details-directions/005429,https://www.cvs.com/immunizations/covid-19-vaccine,521 EAST STATE STREET,GEORGETOWN,45121,Brown County
40.829116,-81.907791,"CVS Pharmacy, Inc. #03321",Pfizer-BioNTech - Ages 12 years and older,(330) 264-7788,https://www.cvs.com/store-locator/details-directions/003321,https://www.cvs.com/immunizations/covid-19-vaccine,2284 BACK ORRVILLE RD.,WOOSTER,44691,Wayne County
41.265162,-81.506549,Costco Wholesale Corporation #1226,Pfizer-BioNTech - Ages 12 years and older,(330)-341-7010,https://www.costco.com/pharmacy/adult-immunization-program.html,https://www.costco.com/pharmacy/adult-immunization-program.html,6720 BASS PRO DRIVE,BOSTON HEIGHTS,44236,Summit County
39.935067,-82.96385,"CVS Pharmacy, Inc. #03238",Pfizer-BioNTech - Ages 5 through 11 years,(614) 449-9771,https://www.cvs.com/store-locator/details-directions/003238,https://www.cvs.com/immunizations/covid-19-vaccine,1500 LOCKBOURNE RD,COLUMBUS,43206,Franklin County
41.500491,-81.565768,"CVS Pharmacy, Inc. #03634",Novavax - Ages 12 years and older,(216) 932-4808,https://www.cvs.com/store-locator/details-directions/003634,https://www.cvs.com/immunizations/covid-19-vaccine,2160 LEE RD,CLEVELAND HEIGHTS,44118,Cuyahoga County
39.935695,-84.025769,"CVS Pharmacy, Inc. #03457",Novavax - Ages 12 years and older,(937) 845-3848,https://www.cvs.com/store-locator/details-directions/003457,https://www.cvs.com/immunizations/covid-19-vaccine,201 SOUTH MAIN ST.,NEW CARLISLE,45344,Clark County
40.132571,-82.886521,"CVS Pharmacy, Inc. #06162",Novavax - Ages 12 years and older,(614) 891-8300,https://www.cvs.com/store-locator/details-directions/006162,https://www.cvs.com/immunizations/covid-19-vaccine,1202 COUNTY LINE ROAD,WESTERVILLE,43081,Delaware County
40.125628,-84.617496,Walmart Inc #10-2035,Moderna - Ages 6 months through 11 years,9375479644,https://www.walmart.com/store/2035,https://www.walmart.com/pharmacy/clinical-services/immunization/scheduled?imzType=covid,1501 Wagner Ave,Greenville,45331-2763,Darke County
40.265687,-83.073552,Walmart Inc #10-1990,Moderna - Ages 6 months through 11 years,7403639931,https://www.walmart.com/store/1990,https://www.walmart.com/pharmacy/clinical-services/immunization/scheduled?imzType=covid,1760 Columbus Pike,Delaware,43015-2726,Delaware County
40.473231,-83.895708,Rite Aid #RA102305,Moderna - Ages 12 years and older,937-843-2048,https://www.riteaid.com,https://www.riteaid.com/pharmacy/scheduler,120 WEST MAIN STREET,RUSSELLS POINT,43348-0089,Logan County
39.227182,-84.397731,Kroger Pharmacy #01400942,Moderna - Ages 12 years and older,(513) 792-1501,www.krogerhealth.com,https://www.kroger.com/i/coronavirus-update/vaccine,4100 HUNT RD,BLUE ASH,45236,Hamilton County
41.611545,-83.606405,Kroger Pharmacy #01600982,Moderna - Ages 6 months through 11 years,(419) 385-4675,www.krogerhealth.com,https://www.kroger.com/i/coronavirus-update/vaccine,2555 GLENDALE AVE,TOLEDO,43614,Lucas County
40.761901,-82.594645,Walmart Inc #10-1539,Moderna - Ages 6 months through 11 years,4195292950,https://www.walmart.com/store/1539,https://www.walmart.com/pharmacy/clinical-services/immunization/scheduled?imzType=covid,359 N Lexington Springmill Rd,Mansfield,44906-3808,Richland County
41.66441,-83.571089,Rite Aid #RA102317,Pfizer-BioNTech - Ages 12 years and older,419-243-9803,https://www.riteaid.com,https://www.riteaid.com/pharmacy/scheduler,3013 MONROE STREET,TOLEDO,43606-4603,Lucas County
41.505026,-81.617636,Rite Aid #RA103043,Moderna - Ages 12 years and older,216-721-2020,https://www.riteaid.com,https://www.riteaid.com/pharmacy/scheduler,10090 CHESTER AVE,CLEVELAND,44106-2057,Cuyahoga County
40.011202,-82.865745,Kroger Pharmacy #01600522,Pfizer-BioNTech - Ages 5 through 11 years,(614) 416-6420,www.krogerhealth.com,https://www.kroger.com/i/coronavirus-update/vaccine,300 S HAMILTON RD,GAHANNA,43230,Franklin County
39.338349,-84.560647,"CVS Pharmacy, Inc. #06080",Pfizer-BioNTech - Ages 5 through 11 years,(513) 829-8050,https://www.cvs.com/store-locator/details-directions/006080,https://www.cvs.com/immunizations/covid-19-vaccine,590 NILLES RD.,FAIRFIELD,45014,Butler County
39.896279,-83.438217,"CVS Pharmacy, Inc. #06191",Moderna - Ages 12 years and older,(740) 852-5644,https://www.cvs.com/store-locator/details-directions/006191,https://www.cvs.com/immunizations/covid-19-vaccine,214 LAFAYETTE ST.,LONDON,43140,Madison County
41.061199,-80.644528,Rite Aid #RA100408,Moderna - Ages 6 months through 11 years,330-782-0807,https://www.riteaid.com,https://www.riteaid.com/pharmacy/scheduler,540 EAST MIDLOTHIAN BLVD.,YOUNGSTOWN,44502-2545,Mahoning County
41.13537,-81.632149,Sams Club #10-6404,Moderna - Ages 6 months through 11 years,3306655336,https://www.samsclub.com/club/6404,https://www.samsclub.com/pharmacy/immunization?imzType=covid,3750 W Market St Unit J,Fairlawn,44333-4802,Summit County
40.89015,-81.40646,"CVS Pharmacy, Inc. #02385",Pfizer-BioNTech - Ages 12 years and older,(330) 966-4703,https://www.cvs.com/store-locator/details-directions/002385,https://www.cvs.com/immunizations/covid-19-vaccine,1339 N. MAIN ST.,NORTH CANTON,44720,Stark County
40.75059,-81.373882,Rite Aid #RA102409,Pfizer-BioNTech - Ages 12 years and older,330-484-3947,https://www.riteaid.com,https://www.riteaid.com/pharmacy/scheduler,4042 CLEVELAND AVENUE SOUTH,CANTON,44707-1334,Stark County
39.989245,-83.005419,Kroger Pharmacy #01600587,Pfizer-BioNTech - Ages 12 years and older,(614) 294-1696,www.krogerhealth.com,https://www.kroger.com/i/coronavirus-update/vaccine,1350 N HIGH ST,COLUMBUS,43201,Franklin County
41.237306,-81.353068,"CVS Pharmacy, Inc. #17239",Novavax - Ages 12 years and older,(330) 626-6401,https://www.cvs.com/store-locator/details-directions/017239,https://www.cvs.com/immunizations/covid-19-vaccine,1144 STATE RTE 303,STREETSBORO,44241,Portage County
39.711489,-84.202187,Walmart Inc #10-5104,Moderna - Ages 6 months through 11 years,9376432124,https://www.walmart.com/store/5104,https://www.walmart.com/pharmacy/clinical-services/immunization/scheduled?imzType=covid,1701 W Dorothy Ln,Moraine,45439-1838,Montgomery County
39.093435,-84.386565,Kroger Pharmacy #01400438,Pfizer-BioNTech - Ages 12 years and older,(513) 232-4474,www.krogerhealth.com,https://www.kroger.com/i/coronavirus-update/vaccine,2120 BEECHMONT AVE,CINCINNATI,45230,Hamilton County
41.135209,-81.8664,"CVS Pharmacy, Inc. #04360",Novavax - Ages 12 years and older,(330) 725-1888,https://www.cvs.com/store-locator/details-directions/004360,https://www.cvs.com/immunizations/covid-19-vaccine,401 S ELMWOOD AVE,MEDINA,44256,Medina County
40.881032,-82.655687,Rite Aid #RA101282,Pfizer-BioNTech - Ages 12 years and older,419-347-1506,https://www.riteaid.com,https://www.riteaid.com/pharmacy/scheduler,11 MANSFIELD AVENUE,SHELBY,44875-1367,Richland County
39.039623,-83.923465,Kroger Pharmacy #01400920,Moderna - Ages 6 months through 11 years,(937) 444-6911,www.krogerhealth.com,https://www.kroger.com/i/coronavirus-update/vaccine,210 STERLING RUN BLVD,MOUNT ORAB,45154,Brown County
39.705486,-84.170929,"CVS Pharmacy, Inc. #02528",Novavax - Ages 12 years and older,(937) 395-4681,https://www.cvs.com/store-locator/details-directions/002528,https://www.cvs.com/immunizations/covid-19-vaccine,2801 FAR HILLS AVE.,OAKWOOD,45419,Montgomery County
39.817452,-84.127334,Kroger Pharmacy #01400754,Moderna - Ages 6 months through 11 years,(937) 233-8930,www.krogerhealth.com,https://www.kroger.com/i/coronavirus-update/vaccine,4506 BRANDT PIKE,DAYTON,45424,Montgomery County
39.029733,-84.221087,"CVS Pharmacy, Inc. #07776",Novavax - Ages 12 years and older,(513) 943-6201,https://www.cvs.com/store-locator/details-directions/007776,https://www.cvs.com/immunizations/covid-19-vaccine,52 W. MAIN ST.,AMELIA,45102,Clermont County
41.714902,-83.693674,Kroger Pharmacy #01600940,Moderna - Ages 12 years and older,(419) 885-4738,www.krogerhealth.com,https://www.kroger.com/i/coronavirus-update/vaccine,6235 MONROE ST,SYLVANIA,43560,Lucas County
39.97089,-82.895351,"CVS Pharmacy, Inc. #17088",Novavax - Ages 12 years and older,(614) 236-1583,https://www.cvs.com/store-locator/details-directions/017088,https://www.cvs.com/immunizations/covid-19-vaccine,3955 E BROAD ST,WHITEHALL,43213,Franklin County
41.236325,-81.821659,Meijer #323,Moderna - Ages 12 years and older,234-803-0520,https://www.meijer.com/services/pharmacy.html,https://rx.meijer.com/appt/SV0001,3800 Center Road,Brunswick,44212,Medina County
40.056926,-82.887026,"CVS Pharmacy, Inc. #02735",Pfizer-BioNTech - Ages 12 years and older,(614) 473-1123,https://www.cvs.com/store-locator/details-directions/002735,https://www.cvs.com/immunizations/covid-19-vaccine,4280 MORSE RD,COLUMBUS,43230,Franklin County
39.361023,-82.976743,Sams Club #10-4963,Moderna - Ages 12 years and older,7407796700,https://www.samsclub.com/club/4963,https://www.samsclub.com/pharmacy/immunization?imzType=covid,1270 N Bridge St,Chillicothe,45601-1852,Ross County
39.248362,-84.599212,Kroger Pharmacy #01400968,Moderna - Ages 6 months through 11 years,(513) 639-9920,www.krogerhealth.com,https://www.kroger.com/i/coronavirus-update/vaccine,3636 SPRINGDALE RD,CINCINNATI,45251,Hamilton County
40.839034,-81.763748,Rite Aid #RA104814,Moderna - Ages 12 years and older,330-683-8711,https://www.riteaid.com,https://www.riteaid.com/pharmacy/scheduler,222 SOUTH MAIN STREET,ORRVILLE,44667-1910,Wayne County
40.086808,-83.08984,Sams Club #10-6242,Moderna - Ages 6 months through 11 years,6147607771,https://www.samsclub.com/club/6242,https://www.samsclub.com/pharmacy/immunization?imzType=covid,5870 Sawmill Rd,Dublin,43017-1589,Franklin County
40.138135,-82.978885,"CVS Pharmacy, Inc. #16590",Novavax - Ages 12 years and older,(614) 781-0950,https://www.cvs.com/store-locator/details-directions/016590,https://www.cvs.com/immunizations/covid-19-vaccine,1485 POLARIS PKWY,COLUMBUS,43240,Delaware County
41.350315,-81.784469,"CVS Pharmacy, Inc. #04054",Pfizer-BioNTech - Ages 12 years and older,(440) 845-6444,https://www.cvs.com/store-locator/details-directions/004054,https://www.cvs.com/immunizations/covid-19-vaccine,8001 WEST 130TH STREET,NORTH ROYALTON,44133,Cuyahoga County
39.58205,-82.948475,Walmart Inc #10-1427,Moderna - Ages 6 months through 11 years,7404773678,https://www.walmart.com/store/1427,https://www.walmart.com/pharmacy/clinical-services/immunization/scheduled?imzType=covid,1470 S Court St,Circleville,43113-2165,Pickaway County
41.388178,-81.5254,"CVS Pharmacy, Inc. #04330",Novavax - Ages 12 years and older,(440) 439-5766,https://www.cvs.com/store-locator/details-directions/004330,https://www.cvs.com/immunizations/covid-19-vaccine,140 SOLON ROAD,BEDFORD,44146,Cuyahoga County
39.231638,-84.164825,Kroger Pharmacy #01400344,Moderna - Ages 12 years and older,(513) 722-7460,www.krogerhealth.com,https://www.kroger.com/i/coronavirus-update/vaccine,6725 DICK FLYNN BLVD,GOSHEN,45122,Clermont County
39.949762,-83.002061,Kroger Pharmacy #01600569,Pfizer-BioNTech - Ages 5 through 11 years,(614) 340-7980,www.krogerhealth.com,https://www.kroger.com/i/coronavirus-update/vaccine,150 W SYCAMORE ST,COLUMBUS,43215,Franklin County
40.579769,-83.127287,"CVS Pharmacy, Inc. #03432",Novavax - Ages 12 years and older,(740) 383-6244,https://www.cvs.com/store-locator/details-directions/003432,https://www.cvs.com/immunizations/covid-19-vaccine,535 DELAWARE AVE,MARION,43302,Marion County
41.448561,-81.645889,"CVS Pharmacy, Inc. #04316",Pfizer-BioNTech - Ages 12 years and older,(216) 271-0970,https://www.cvs.com/store-locator/details-directions/004316,https://www.cvs.com/immunizations/covid-19-vaccine,6301 HARVARD AVENUE,CLEVELAND,44105,Cuyahoga County
39.717606,-82.577581,Kroger Pharmacy #01600801,Moderna - Ages 6 months through 11 years,(740) 654-1019,www.krogerhealth.com,https://www.kroger.com/i/coronavirus-update/vaccine,401 N EWING ST,LANCASTER,43130,Fairfield County
41.618872,-83.482525,Meijer #116,Moderna - Ages 12 years and older,419-697-2010,https://www.meijer.com/services/pharmacy.html,https://rx.meijer.com/appt/SV0001,1725 S Wheeling St,Oregon,43616,Lucas County
39.148749,-84.402552,Walmart Inc #10-2250,Moderna - Ages 6 months through 11 years,5133519818,https://www.walmart.com/store/2250,https://www.walmart.com/pharmacy/clinical-services/immunization/scheduled?imzType=covid,4000 Red Bank Rd,Cincinnati,45227-3416,Hamilton County
39.54577,-82.433634,Kroger Pharmacy #01600542,Pfizer-BioNTech - Ages 12 years and older,(740) 380-2041,www.krogerhealth.com,https://www.kroger.com/i/coronavirus-update/vaccine,31550 CHIEFTAIN DR,LOGAN,43138,Hocking County
39.976326,-83.012218,"CVS Pharmacy, Inc. #05949",Moderna - Ages 6 months through 11 years,(614) 224-9275,https://www.cvs.com/store-locator/details-directions/005949,https://www.cvs.com/immunizations/covid-19-vaccine,759 NEIL AVE,COLUMBUS,43215,Franklin County
41.458114,-81.689142,"CVS Pharmacy, Inc. #17305",Novavax - Ages 12 years and older,(216) 325-1108,https://www.cvs.com/store-locator/details-directions/017305,https://www.cvs.com/immunizations/covid-19-vaccine,3535 STEELYARD DR,CLEVELAND,44109,Cuyahoga County
41.441156,-82.185937,"CVS Pharmacy, Inc. #03353",Pfizer-BioNTech - Ages 12 years and older,(440) 282-9189,https://www.cvs.com/store-locator/details-directions/003353,https://www.cvs.com/immunizations/covid-19-vaccine,3230 OBERLIN AVE.,LORAIN,44053,Lorain County
39.982787,-82.020619,Kroger Pharmacy #01600891,Moderna - Ages 12 years and older,(740) 453-8837,www.krogerhealth.com,https://www.kroger.com/i/coronavirus-update/vaccine,3387 MAPLE AVE,ZANESVILLE,43701,Muskingum County
39.848106,-84.194609,Sams Club #10-6380,Moderna - Ages 12 years and older,9374546200,https://www.samsclub.com/club/6380,https://www.samsclub.com/pharmacy/immunization?imzType=covid,6955 Miller Ln,Dayton,45414-2658,Montgomery County
41.118096,-81.470123,Sams Club #10-4750,Pfizer-BioNTech - Ages 12 years and older,3309293789,https://www.samsclub.com/club/4750,https://www.samsclub.com/pharmacy/immunization?imzType=covid,1189 Buchholzer Blvd,Cuyahoga Falls,44221-5145,Summit County
40.241251,-83.395345,Kroger Pharmacy #01600549,Moderna - Ages 6 months through 11 years,(937) 209-2449,www.krogerhealth.com,https://www.kroger.com/i/coronavirus-update/vaccine,1501 W 5TH ST,MARYSVILLE,43040,Union County
39.934077,-82.793188,"CVS Pharmacy, Inc. #17504",Novavax - Ages 12 years and older,(614) 655-5002,https://www.cvs.com/store-locator/details-directions/017504,https://www.cvs.com/immunizations/covid-19-vaccine,2437 TAYLOR PARK DR,REYNOLDSBURG,43068,Fairfield County
41.245468,-82.618671,Rite Aid #RA101433,Moderna - Ages 6 months through 11 years,419-668-9775,https://www.riteaid.com,https://www.riteaid.com/pharmacy/scheduler,99 WHITTLESEY AVENUE,NORWALK,44857-1463,Huron County
39.159445,-84.280219,Walmart Inc #10-5499,Moderna - Ages 6 months through 11 years,5132480067,https://www.walmart.com/store/5499,https://www.walmart.com/pharmacy/clinical-services/immunization/scheduled?imzType=covid,201 Chamber Dr,Milford,45150-2516,Clermont County
39.717606,-82.577581,Kroger Pharmacy #01600801,Pfizer-BioNTech - Ages 5 through 11 years,(740) 654-1019,www.krogerhealth.com,https://www.kroger.com/i/coronavirus-update/vaccine,401 N EWING ST,LANCASTER,43130,Fairfield County
39.888055,-83.001725,Kroger Pharmacy #01600815,Pfizer-BioNTech - Ages 12 years and older,(614) 492-1081,www.krogerhealth.com,https://www.kroger.com/i/coronavirus-update/vaccine,3637 S HIGH ST,COLUMBUS,43207,Franklin County
40.110416,-83.18935,Costco Wholesale Corporation #1243,Novavax - Ages 12 years and older,(614)-733-5012,https://www.costco.com/pharmacy/adult-immunization-program.html,https://www.costco.com/pharmacy/adult-immunization-program.html,7300 STATE ROUTE 161 E,Plain City,43064,Union County
38.729508,-82.86031,Rite Aid #RA101897,Moderna - Ages 12 years and older,740-574-5054,https://www.riteaid.com,https://www.riteaid.com/pharmacy/scheduler,8130 OHIO RIVER ROAD,WHEELERSBURG,45694-1625,Scioto County
41.508565,-83.749462,Kroger Pharmacy #01600531,Pfizer-BioNTech - Ages 5 through 11 years,(419) 878-1040,www.krogerhealth.com,https://www.kroger.com/i/coronavirus-update/vaccine,8730 WATERVILLE-SWANTON RD,WATERVILLE,43566,Lucas County
41.396199,-84.132217,Rite Aid #RA102313,Pfizer-BioNTech - Ages 12 years and older,419-592-9086,https://www.riteaid.com,https://www.riteaid.com/pharmacy/scheduler,1111 SCOTT STREET,NAPOLEON,43545-1080,Henry County
41.367156,-82.10139,Rite Aid #RA104245,Moderna - Ages 12 years and older,440-322-7780,https://www.riteaid.com,https://www.riteaid.com/pharmacy/scheduler,142 BROAD STREET,ELYRIA,44035-5591,Lorain County
40.580226,-83.101179,Rite Aid #RA100256,Pfizer-BioNTech - Ages 12 years and older,740-389-2700,https://www.riteaid.com,https://www.riteaid.com/pharmacy/scheduler,1081 MOUNT VERNON AVENUE,MARION,43302-5643,Marion County
39.290111,-84.525086,Kroger Pharmacy #01400943,Moderna - Ages 6 months through 11 years,(513) 742-2000,www.krogerhealth.com,https://www.kroger.com/i/coronavirus-update/vaccine,1212 W KEMPER RD,CINCINNATI,45240,Hamilton County
39.130969,-82.98069,Rite Aid #RA104708,Pfizer-BioNTech - Ages 12 years and older,740-941-3017,https://www.riteaid.com,https://www.riteaid.com/pharmacy/scheduler,501 EAST EMMITT AVENUE,WAVERLY,45690-1206,Pike County
40.264572,-83.070868,Kroger Pharmacy #01600857,Moderna - Ages 6 months through 11 years,(740) 363-0035,www.krogerhealth.com,https://www.kroger.com/i/coronavirus-update/vaccine,1840 COLUMBUS PIKE,DELAWARE,43015,Delaware County
41.646696,-83.522304,Rite Aid #RA102310,Moderna - Ages 6 months through 11 years,419-691-5851,https://www.riteaid.com,https://www.riteaid.com/pharmacy/scheduler,210 MAIN STREET,TOLEDO,43605-2036,Lucas County
39.336091,-82.068973,Kroger Pharmacy #01600901,Moderna - Ages 12 years and older,(740) 566-4180,www.krogerhealth.com,https://www.kroger.com/i/coronavirus-update/vaccine,919 E STATE ST,ATHENS,45701,Athens County
41.434112,-81.879542,"CVS Pharmacy, Inc. #03339",Pfizer-BioNTech - Ages 5 through 11 years,(440) 686-1586,https://www.cvs.com/store-locator/details-directions/003339,https://www.cvs.com/immunizations/covid-19-vaccine,23351 LORAIN ROAD,NORTH OLMSTED,44070,Cuyahoga County
41.357683,-83.137341,Rite Aid #RA103058,Moderna - Ages 12 years and older,419-332-2186,https://www.riteaid.com,https://www.riteaid.com/pharmacy/scheduler,2020 WEST STATE STREET,FREMONT,43420-1554,Sandusky County
40.842618,-84.328772,Rite Aid #RA103185,Pfizer-BioNTech - Ages 12 years and older,419-695-8055,https://www.riteaid.com,https://www.riteaid.com/pharmacy/scheduler,940 ELIDA AVENUE,DELPHOS,45833-1778,Allen County
40.085704,-80.734694,"CVS Pharmacy, Inc. #06270",Moderna - Ages 6 months through 11 years,(740) 633-0831,https://www.cvs.com/store-locator/details-directions/006270,https://www.cvs.com/immunizations/covid-19-vaccine,404 AETNA ST.,MARTINS FERRY,43935,Belmont County
41.686104,-81.294121,"CVS Pharmacy, Inc. #17388",Novavax - Ages 12 years and older,(440) 210-5054,https://www.cvs.com/store-locator/details-directions/017388,https://www.cvs.com/immunizations/covid-19-vaccine,9669 MENTOR AVE,MENTOR,44060,Lake County
41.345776,-81.68367,Rite Aid #RA104764,Moderna - Ages 12 years and older,440-717-1697,https://www.riteaid.com,https://www.riteaid.com/pharmacy/scheduler,8085 BROADVIEW ROAD,BROADVIEW HEIGHTS,44147-1203,Cuyahoga County
39.354624,-82.974266,Kroger Pharmacy #01600348,Pfizer-BioNTech - Ages 5 through 11 years,(740) 775-8467,www.krogerhealth.com,https://www.kroger.com/i/coronavirus-update/vaccine,887 N BRIDGE ST,CHILLICOTHE,45601,Ross County
41.351013,-82.067101,Walmart Inc #10-4255,Moderna - Ages 6 months through 11 years,4403650135,https://www.walmart.com/store/4255,https://www.walmart.com/pharmacy/clinical-services/immunization/scheduled?imzType=covid,1000 Chestnut Commons Dr,Elyria,44035-9602,Lorain County
39.910196,-82.823457,"CVS Pharmacy, Inc. #05717",Novavax - Ages 12 years and older,(614) 837-5588,https://www.cvs.com/store-locator/details-directions/005717,https://www.cvs.com/immunizations/covid-19-vaccine,3506 GENDER RD.,CANAL WINCHESTER,43110,Franklin County
39.671216,-84.219317,Meijer #103,Moderna - Ages 6 months through 11 years,937-436-4544,https://www.meijer.com/services/pharmacy.html,https://rx.meijer.com/appt/SV0001,5858 Springboro Pike,Dayton,45449,Montgomery County
41.057075,-83.599751,Meijer #51,Moderna - Ages 12 years and older,419-423-7141,https://www.meijer.com/services/pharmacy.html,https://rx.meijer.com/appt/SV0001,2200 Tiffin Ave,Findlay,45840,Hancock County
39.854162,-82.899388,Kroger Pharmacy #01600861,Pfizer-BioNTech - Ages 5 through 11 years,(614) 830-2015,www.krogerhealth.com,https://www.kroger.com/i/coronavirus-update/vaccine,6011 GROVEPORT RD,GROVEPORT,43125,Franklin County
39.142839,-84.622894,Kroger Pharmacy #01400948,Moderna - Ages 6 months through 11 years,(513) 719-2420,www.krogerhealth.com,https://www.kroger.com/i/coronavirus-update/vaccine,6165 GLENWAY AVE,CINCINNATI,45211,Hamilton County
39.729615,-82.615083,Kroger Pharmacy #01600264,Moderna - Ages 6 months through 11 years,(740) 654-2044,www.krogerhealth.com,https://www.kroger.com/i/coronavirus-update/vaccine,1621 N MEMORIAL DR,LANCASTER,43130,Fairfield County
39.31753,-84.316165,Kroger Pharmacy #01400448,Moderna - Ages 12 years and older,(513) 229-5920,www.krogerhealth.com,https://www.kroger.com/i/coronavirus-update/vaccine,5100 TERRA FIRMA DR,MASON,45040,Warren County
41.432484,-82.704742,Rite Aid #RA104937,Pfizer-BioNTech - Ages 12 years and older,419-624-8442,https://www.riteaid.com,https://www.riteaid.com/pharmacy/scheduler,334 WEST PERKINS AVENUE,SANDUSKY,44870-4804,Erie County
41.411322,-82.664402,Meijer #142,Moderna - Ages 12 years and older,419-627-7910,https://www.meijer.com/services/pharmacy.html,https://rx.meijer.com/appt/SV0001,4702 Milan Rd,Sandusky,44870,Erie County
39.189717,-84.598596,Kroger Pharmacy #01400370,Pfizer-BioNTech - Ages 12 years and older,(513) 598-7520,www.krogerhealth.com,https://www.kroger.com/i/coronavirus-update/vaccine,3491 NORTHBEND RD,CINCINNATI,45239,Hamilton County
40.227918,-83.33719,Meijer #235,Moderna - Ages 12 years and older,937-553-6110,https://www.meijer.com/services/pharmacy.html,https://rx.meijer.com/appt/SV0001,930 Coleman's Crossing Blvd,Marysville,43040,Union County
40.720237,-82.543905,"CVS Pharmacy, Inc. #06169",Pfizer-BioNTech - Ages 12 years and older,(419) 756-1321,https://www.cvs.com/store-locator/details-directions/006169,https://www.cvs.com/immunizations/covid-19-vaccine,1411 LEXINGTON AVENUE,MANSFIELD,44907,Richland County
39.26111,-84.601964,Walmart Inc #10-4609,Pfizer-BioNTech - Ages 12 years and older,5133850083,https://www.walmart.com/store/4609,https://www.walmart.com/pharmacy/clinical-services/immunization/scheduled?imzType=covid,10240 Colerain Ave,Cincinnati,45251-4904,Hamilton County
39.127391,-84.597373,Kroger Pharmacy #01400432,Moderna - Ages 6 months through 11 years,(513) 922-8194,www.krogerhealth.com,https://www.kroger.com/i/coronavirus-update/vaccine,2310 FERGUSON RD,CINCINNATI,45238,Hamilton County
41.384751,-81.438137,"CVS Pharmacy, Inc. #03359",Novavax - Ages 12 years and older,(440) 248-5907,https://www.cvs.com/store-locator/details-directions/003359,https://www.cvs.com/immunizations/covid-19-vaccine,33840 AURORA RD.,SOLON,44139,Cuyahoga County
40.794197,-81.422232,Walmart Inc #10-5410,Moderna - Ages 12 years and older,3304799620,https://www.walmart.com/store/5410,https://www.walmart.com/pharmacy/clinical-services/immunization/scheduled?imzType=covid,4004 Tuscarawas St W,Canton,44708-5503,Stark County
39.095956,-84.612439,Kroger Pharmacy #01400944,Moderna - Ages 12 years and older,(513) 451-7050,www.krogerhealth.com,https://www.kroger.com/i/coronavirus-update/vaccine,5080 DELHI RD,CINCINNATI,45238,Hamilton County
40.517411,-81.468707,"CVS Pharmacy, Inc. #04353",Pfizer-BioNTech - Ages 5 through 11 years,(330) 364-7508,https://www.cvs.com/store-locator/details-directions/004353,https://www.cvs.com/immunizations/covid-19-vaccine,"300 OXFORD ST.,",DOVER,44622,Tuscarawas County
40.058855,-82.952424,"CVS Pharmacy, Inc. #03413",Pfizer-BioNTech - Ages 12 years and older,(614) 475-3611,https://www.cvs.com/store-locator/details-directions/003413,https://www.cvs.com/immunizations/covid-19-vaccine,4400 CLEVELAND AVE,COLUMBUS,43224,Franklin County
41.134083,-80.666244,Rite Aid #RA100703,Pfizer-BioNTech - Ages 12 years and older,330-759-2062,https://www.riteaid.com,https://www.riteaid.com/pharmacy/scheduler,2704 BELMONT AVENUE,YOUNGSTOWN,44505-1820,Trumbull County
40.777245,-82.47553,Rite Aid #RA102395,Moderna - Ages 6 months through 11 years,419-589-8843,https://www.riteaid.com,https://www.riteaid.com/pharmacy/scheduler,1075 ASHLAND ROAD,MANSFIELD,44905-2156,Richland County
39.104044,-84.512609,"CVS Pharmacy, Inc. #06131",Pfizer-BioNTech - Ages 12 years and older,(513) 721-5450,https://www.cvs.com/store-locator/details-directions/006131,https://www.cvs.com/immunizations/covid-19-vaccine,36 E. SEVENTH ST.,CINCINNATI,45202,Hamilton County
39.17193,-84.760115,Kroger Pharmacy #01400445,Moderna - Ages 12 years and older,(513) 353-0860,www.krogerhealth.com,https://www.kroger.com/i/coronavirus-update/vaccine,4001 HAMILTON CLEVES RD,CLEVES,45002,Hamilton County
41.474207,-84.55506,"CVS Pharmacy, Inc. #06181",Novavax - Ages 12 years and older,(419) 636-5021,https://www.cvs.com/store-locator/details-directions/006181,https://www.cvs.com/immunizations/covid-19-vaccine,341 WEST HIGH ST,BRYAN,43506,Williams County
41.60826,-83.710116,Kroger Pharmacy #01600907,Pfizer-BioNTech - Ages 12 years and older,(567) 297-4110,www.krogerhealth.com,https://www.kroger.com/i/coronavirus-update/vaccine,7059 ORCHARD CENTRE DR,HOLLAND,43528,Lucas County
39.109816,-84.571678,Kroger Pharmacy #01400482,Moderna - Ages 6 months through 11 years,(513) 598-7890,www.krogerhealth.com,https://www.kroger.com/i/coronavirus-update/vaccine,3609 WARSAW AVE,CINCINNATI,45205,Hamilton County
41.373584,-81.861065,"CVS Pharmacy, Inc. #03035",Pfizer-BioNTech - Ages 12 years and older,(440) 243-6676,https://www.cvs.com/store-locator/details-directions/003035,https://www.cvs.com/immunizations/covid-19-vaccine,212 WEST BAGLEY ROAD,BEREA,44017,Cuyahoga County
39.662357,-84.103761,Kroger Pharmacy #01400960,Moderna - Ages 12 years and older,(937) 528-7060,www.krogerhealth.com,https://www.kroger.com/i/coronavirus-update/vaccine,5400 CORNERSTONE NORTH BLVD,KETTERING,45440,Greene County
41.448743,-81.92168,Rite Aid #RA104975,Pfizer-BioNTech - Ages 12 years and older,440-871-7177,https://www.riteaid.com,https://www.riteaid.com/pharmacy/scheduler,27175 CENTER RIDGE ROAD,WESTLAKE,44145-4024,Cuyahoga County
41.157985,-83.421715,Rite Aid #RA102320,Moderna - Ages 12 years and older,419-435-7716,https://www.riteaid.com,https://www.riteaid.com/pharmacy/scheduler,113 NORTH COUNTYLINE STREET,FOSTORIA,44830-1766,Hancock County
39.956773,-83.096797,Kroger Pharmacy #01600598,Moderna - Ages 6 months through 11 years,(614) 274-8108,www.krogerhealth.com,https://www.kroger.com/i/coronavirus-update/vaccine,3600 SOLDANO BLVD,COLUMBUS,43228,Franklin County
41.484871,-81.811249,Rite Aid #RA104278,Moderna - Ages 12 years and older,216-521-8826,https://www.riteaid.com,https://www.riteaid.com/pharmacy/scheduler,16207 DETROIT AVENUE,LAKEWOOD,44107-3784,Cuyahoga County
39.824913,-84.121847,"CVS Pharmacy, Inc. #03080",Pfizer-BioNTech - Ages 12 years and older,(937) 233-3324,https://www.cvs.com/store-locator/details-directions/003080,https://www.cvs.com/immunizations/covid-19-vaccine,4996 BRANDT PIKE,HUBER HEIGHTS,45424,Montgomery County
41.226591,-80.741254,Sams Club #10-6327,Moderna - Ages 12 years and older,3308567411,https://www.samsclub.com/club/6327,https://www.samsclub.com/pharmacy/immunization?imzType=covid,1040 Niles Courtland Rd SE,Warren,44484-2539,Trumbull County
41.237306,-81.353068,"CVS Pharmacy, Inc. #17239",Moderna - Ages 12 years and older,(330) 626-6401,https://www.cvs.com/store-locator/details-directions/017239,https://www.cvs.com/immunizations/covid-19-vaccine,1144 STATE RTE 303,STREETSBORO,44241,Portage County
41.674469,-83.680383,Walmart Inc #10-5030,Moderna - Ages 6 months through 11 years,4195369105,https://www.walmart.com/store/5030,https://www.walmart.com/pharmacy/clinical-services/immunization/scheduled?imzType=covid,5821 W Central Ave,Toledo,43615-1403,Lucas County
40.766338,-81.523299,Walmart Inc #10-2914,Moderna - Ages 6 months through 11 years,3308340500,https://www.walmart.com/store/2914,https://www.walmart.com/pharmacy/clinical-services/immunization/scheduled?imzType=covid,1 Massillon Marketplace Dr SW,Massillon,44646-2018,Stark County
40.140081,-82.98997,Kroger Pharmacy #01600839,Pfizer-BioNTech - Ages 12 years and older,(614) 430-2445,www.krogerhealth.com,https://www.kroger.com/i/coronavirus-update/vaccine,1177 POLARIS PKWY,COLUMBUS,43240,Delaware County
40.264572,-83.070868,Kroger Pharmacy #01600857,Moderna - Ages 12 years and older,(740) 363-0035,www.krogerhealth.com,https://www.kroger.com/i/coronavirus-update/vaccine,1840 COLUMBUS PIKE,DELAWARE,43015,Delaware County
39.6631,-84.105741,Costco Wholesale Corporation #1185,Pfizer-BioNTech - Ages 12 years and older,(937)-640-6010,https://www.costco.com/pharmacy/adult-immunization-program.html,https://www.costco.com/pharmacy/adult-immunization-program.html,5300 CORNERSTONE NORTH BL,CENTERVILLE,45440,Greene County
39.922705,-83.770111,"CVS Pharmacy, Inc. #06186",Novavax - Ages 12 years and older,(937) 323-6423,https://www.cvs.com/store-locator/details-directions/006186,https://www.cvs.com/immunizations/covid-19-vaccine,2565 EAST MAIN ST.,SPRINGFIELD,45503,Clark County
40.002615,-83.13952,"CVS Pharmacy, Inc. #02540",Novavax - Ages 12 years and older,(614) 850-2407,https://www.cvs.com/store-locator/details-directions/002540,https://www.cvs.com/immunizations/covid-19-vaccine,4961 ROBERTS ROAD,HILLIARD,43026,Franklin County
39.275448,-81.580721,Kroger Pharmacy #02900799,Moderna - Ages 6 months through 11 years,(740) 423-7271,www.krogerhealth.com,https://www.kroger.com/i/coronavirus-update/vaccine,1008 WASHINGTON BLVD,BELPRE,45714,Washington County
40.054208,-83.07221,Kroger Pharmacy #01600328,Pfizer-BioNTech - Ages 12 years and older,(614) 457-1939,www.krogerhealth.com,https://www.kroger.com/i/coronavirus-update/vaccine,1955 HENDERSON RD,UPPER ARLINGTON,43220,Franklin County
39.336091,-82.068973,Kroger Pharmacy #01600901,Pfizer-BioNTech - Ages 12 years and older,(740) 566-4180,www.krogerhealth.com,https://www.kroger.com/i/coronavirus-update/vaccine,919 E STATE ST,ATHENS,45701,Athens County
41.134083,-80.666244,Rite Aid #RA100703,Moderna - Ages 6 months through 11 years,330-759-2062,https://www.riteaid.com,https://www.riteaid.com/pharmacy/scheduler,2704 BELMONT AVENUE,YOUNGSTOWN,44505-1820,Trumbull County
39.26111,-84.601964,Walmart Inc #10-4609,Moderna - Ages 12 years and older,5133850083,https://www.walmart.com/store/4609,https://www.walmart.com/pharmacy/clinical-services/immunization/scheduled?imzType=covid,10240 Colerain Ave,Cincinnati,45251-4904,Hamilton County
39.31125,-84.27488,Kroger Pharmacy #01400376,Pfizer-BioNTech - Ages 5 through 11 years,(513) 683-4224,www.krogerhealth.com,https://www.kroger.com/i/coronavirus-update/vaccine,2900 W SR 22 & 3,MAINEVILLE,45039,Warren County
41.717854,-81.294748,Sams Club #10-4846,Moderna - Ages 12 years and older,4403527430,https://www.samsclub.com/club/4846,https://www.samsclub.com/pharmacy/immunization?imzType=covid,5600 Emerald Ct,Mentor,44060-1869,Lake County
40.038467,-83.123851,"CVS Pharmacy, Inc. #17085",Pfizer-BioNTech - Ages 12 years and older,(614) 876-7089,https://www.cvs.com/store-locator/details-directions/017085,https://www.cvs.com/immunizations/covid-19-vaccine,4211 TRUEMAN BLVD,HILLIARD,43026,Franklin County
41.373099,-81.945042,"CVS Pharmacy, Inc. #04811",Moderna - Ages 6 months through 11 years,(440) 235-1600,https://www.cvs.com/store-locator/details-directions/004811,https://www.cvs.com/immunizations/covid-19-vaccine,27120 BAGLEY RD.,OLMSTED TOWNSHIP,44138,Cuyahoga County
39.175356,-84.279941,"CVS Pharmacy, Inc. #06079",Pfizer-BioNTech - Ages 5 through 11 years,(513) 831-2623,https://www.cvs.com/store-locator/details-directions/006079,https://www.cvs.com/immunizations/covid-19-vaccine,921 LILA AVE.,MILFORD,45150,Clermont County
41.245468,-82.618671,Rite Aid #RA101433,Pfizer-BioNTech - Ages 12 years and older,419-668-9775,https://www.riteaid.com,https://www.riteaid.com/pharmacy/scheduler,99 WHITTLESEY AVENUE,NORWALK,44857-1463,Huron County
39.767904,-84.634024,Walmart Inc #10-5374,Pfizer-BioNTech - Ages 12 years and older,9374561777,https://www.walmart.com/store/5374,https://www.walmart.com/pharmacy/clinical-services/immunization/scheduled?imzType=covid,100A E Washington Jackson Rd,Eaton,45320-9729,Preble County
41.460114,-82.020321,"CVS Pharmacy, Inc. #02588",Moderna - Ages 12 years and older,(440) 937-4027,https://www.cvs.com/store-locator/details-directions/002588,https://www.cvs.com/immunizations/covid-19-vaccine,36008 DETROIT AVE,AVON,44011,Lorain County
40.110416,-83.18935,Costco Wholesale Corporation #1243,Moderna - Ages 12 years and older,(614)-733-5012,https://www.costco.com/pharmacy/adult-immunization-program.html,https://www.costco.com/pharmacy/adult-immunization-program.html,7300 STATE ROUTE 161 E,Plain City,43064,Union County
39.093435,-84.386565,Kroger Pharmacy #01400438,Moderna - Ages 12 years and older,(513) 232-4474,www.krogerhealth.com,https://www.kroger.com/i/coronavirus-update/vaccine,2120 BEECHMONT AVE,CINCINNATI,45230,Hamilton County
40.533461,-81.919548,Walmart Inc #10-1724,Moderna - Ages 6 months through 11 years,3306742888,https://www.walmart.com/store/1724,https://www.walmart.com/pharmacy/clinical-services/immunization/scheduled?imzType=covid,1640 S Washington St,Millersburg,44654-8901,Holmes County
41.41312,-82.242541,"CVS Pharmacy, Inc. #17416",Moderna - Ages 12 years and older,(440) 985-7101,https://www.cvs.com/store-locator/details-directions/017416,https://www.cvs.com/immunizations/covid-19-vaccine,8000 OAK POINT RD,AMHERST,44001,Lorain County
41.611545,-83.606405,Kroger Pharmacy #01600982,Moderna - Ages 12 years and older,(419) 385-4675,www.krogerhealth.com,https://www.kroger.com/i/coronavirus-update/vaccine,2555 GLENDALE AVE,TOLEDO,43614,Lucas County
41.583894,-81.211863,"CVS Pharmacy, Inc. #03317",Novavax - Ages 12 years and older,(440) 286-9445,https://www.cvs.com/store-locator/details-directions/003317,https://www.cvs.com/immunizations/covid-19-vaccine,296 CENTER ST.,CHARDON,44024,Geauga County
40.056849,-84.236112,Walmart Inc #10-1410,Moderna - Ages 6 months through 11 years,9373397211,https://www.walmart.com/store/1410,https://www.walmart.com/pharmacy/clinical-services/immunization/scheduled?imzType=covid,1801 W Main St,Troy,45373-2303,Miami County
39.760277,-84.193404,"CVS Pharmacy, Inc. #03453",Novavax - Ages 12 years and older,(937) 228-9145,https://www.cvs.com/store-locator/details-directions/003453,https://www.cvs.com/immunizations/covid-19-vaccine,32 N. LUDLOW ST.,DAYTON,45402,Montgomery County
40.517411,-81.468707,"CVS Pharmacy, Inc. #04353",Pfizer-BioNTech - Ages 12 years and older,(330) 364-7508,https://www.cvs.com/store-locator/details-directions/004353,https://www.cvs.com/immunizations/covid-19-vaccine,"300 OXFORD ST.,",DOVER,44622,Tuscarawas County
40.227918,-83.33719,Meijer #235,Moderna - Ages 6 months through 11 years,937-553-6110,https://www.meijer.com/services/pharmacy.html,https://rx.meijer.com/appt/SV0001,930 Coleman's Crossing Blvd,Marysville,43040,Union County
39.229898,-84.254016,Kroger Pharmacy #01400435,Moderna - Ages 6 months through 11 years,(513) 697-4820,www.krogerhealth.com,https://www.kroger.com/i/coronavirus-update/vaccine,6388 BRANCH HILL GUINEA PIKE,LOVELAND,45140,Clermont County
41.466458,-82.015834,Walmart Inc #10-5066,Moderna - Ages 6 months through 11 years,4409374750,https://www.walmart.com/store/5066,https://www.walmart.com/pharmacy/clinical-services/immunization/scheduled?imzType=covid,35901 Chester Rd,Avon,44011-1069,Lorain County
39.688243,-84.143767,Rite Aid #RA103139,Moderna - Ages 12 years and older,937-294-2651,https://www.riteaid.com,https://www.riteaid.com/pharmacy/scheduler,1320 EAST STROOP ROAD,KETTERING,45429-4926,Montgomery County
39.951579,-83.129801,"CVS Pharmacy, Inc. #06949",Novavax - Ages 12 years and older,(614) 878-7565,https://www.cvs.com/store-locator/details-directions/006949,https://www.cvs.com/immunizations/covid-19-vaccine,4801 W. BROAD ST.,COLUMBUS,43228,Franklin County
39.683395,-83.942753,"CVS Pharmacy, Inc. #03404",Novavax - Ages 12 years and older,(937) 372-8047,https://www.cvs.com/store-locator/details-directions/003404,https://www.cvs.com/immunizations/covid-19-vaccine,35 S. ALLISON AVE.,XENIA,45385,Greene County
39.336989,-82.078584,"CVS Pharmacy, Inc. #06184",Moderna - Ages 6 months through 11 years,(740) 593-8501,https://www.cvs.com/store-locator/details-directions/006184,https://www.cvs.com/immunizations/covid-19-vaccine,555 E. STATE ST.,ATHENS,45701,Athens County
39.906665,-82.779293,Kroger Pharmacy #01600538,Pfizer-BioNTech - Ages 12 years and older,(614) 759-2765,www.krogerhealth.com,https://www.kroger.com/i/coronavirus-update/vaccine,1045 HILL RD N,PICKERINGTON,43147,Fairfield County
41.686471,-83.526135,Rite Aid #RA102346,Moderna - Ages 12 years and older,419-729-2907,https://www.riteaid.com,https://www.riteaid.com/pharmacy/scheduler,810 EAST MANHATTAN BLVD.,TOLEDO,43608-1471,Lucas County
41.477669,-81.920444,"CVS Pharmacy, Inc. #02469",Novavax - Ages 12 years and older,(440) 808-3921,https://www.cvs.com/store-locator/details-directions/002469,https://www.cvs.com/immunizations/covid-19-vaccine,625 DOVER CENTER ROAD,BAY VILLAGE,44140,Cuyahoga County
41.236325,-81.821659,Meijer #323,Moderna - Ages 6 months through 11 years,234-803-0520,https://www.meijer.com/services/pharmacy.html,https://rx.meijer.com/appt/SV0001,3800 Center Road,Brunswick,44212,Medina County
39.550186,-83.422621,"CVS Pharmacy, Inc. #03408",Novavax - Ages 12 years and older,(740) 335-6162,https://www.cvs.com/store-locator/details-directions/003408,https://www.cvs.com/immunizations/covid-19-vaccine,1795 COLUMBUS AVENUE,WASHINGTON COURT HOUSE,43160,Fayette County
39.295777,-84.303118,Costco Wholesale Corporation #384,Pfizer-BioNTech - Ages 12 years and older,(513)-774-9239,https://www.costco.com/pharmacy/adult-immunization-program.html,https://www.costco.com/pharmacy/adult-immunization-program.html,9691 WATERSTONE BLVD,CINCINNATI,45249,Warren County
41.580162,-83.887801,Rite Aid #RA102355,Pfizer-BioNTech - Ages 12 years and older,419-825-1161,https://www.riteaid.com,https://www.riteaid.com/pharmacy/scheduler,105 WEST AIRPORT HIGHWAY,SWANTON,43558-1410,Fulton County
41.448743,-81.92168,Rite Aid #RA104975,Moderna - Ages 12 years and older,440-871-7177,https://www.riteaid.com,https://www.riteaid.com/pharmacy/scheduler,27175 CENTER RIDGE ROAD,WESTLAKE,44145-4024,Cuyahoga County
39.982787,-82.020619,Kroger Pharmacy #01600891,Moderna - Ages 6 months through 11 years,(740) 453-8837,www.krogerhealth.com,https://www.kroger.com/i/coronavirus-update/vaccine,3387 MAPLE AVE,ZANESVILLE,43701,Muskingum County
39.64134,-84.269499,"CVS Pharmacy, Inc. #06138",Novavax - Ages 12 years and older,(937) 866-6651,https://www.cvs.com/store-locator/details-directions/006138,https://www.cvs.com/immunizations/covid-19-vaccine,1205 EAST CENTRAL AVENUE,MIAMISBURG,45342,Montgomery County
41.662557,-83.684355,Kroger Pharmacy #01600870,Moderna - Ages 6 months through 11 years,(419) 578-6465,www.krogerhealth.com,https://www.kroger.com/i/coronavirus-update/vaccine,2257 N HOLLAND SYLVANIA RD,TOLEDO,43615,Lucas County
41.005979,-81.6392,Rite Aid #RA104296,Moderna - Ages 12 years and older,330-706-1004,https://www.riteaid.com,https://www.riteaid.com/pharmacy/scheduler,1403 WOOSTER ROAD WEST,BARBERTON,44203-7374,Summit County
40.046815,-82.452638,"CVS Pharmacy, Inc. #03174",Novavax - Ages 12 years and older,(740) 344-6977,https://www.cvs.com/store-locator/details-directions/003174,https://www.cvs.com/immunizations/covid-19-vaccine,1370 WEST MAIN STREET,NEWARK,43055,Licking County
41.158873,-81.440891,"CVS Pharmacy, Inc. #03360",Novavax - Ages 12 years and older,(330) 688-6031,https://www.cvs.com/store-locator/details-directions/003360,https://www.cvs.com/immunizations/covid-19-vaccine,3352 KENT ROAD,STOW,44224,Summit County
39.251152,-84.603918,Meijer #240,Moderna - Ages 6 months through 11 years,513-245-7564,https://www.meijer.com/services/pharmacy.html,https://rx.meijer.com/appt/SV0001,3711 Stone Creek Blvd,Cincinnati,45251,Hamilton County
41.261683,-81.344448,"CVS Pharmacy, Inc. #04807",Pfizer-BioNTech - Ages 12 years and older,(330) 626-1866,https://www.cvs.com/store-locator/details-directions/004807,https://www.cvs.com/immunizations/covid-19-vaccine,9940 STATE ROUTE 43,STREETSBORO,44241,Portage County
41.457801,-81.850952,"CVS Pharmacy, Inc. #17340",Novavax - Ages 12 years and older,(216) 325-0753,https://www.cvs.com/store-locator/details-directions/017340,https://www.cvs.com/immunizations/covid-19-vaccine,20900 WESTGATE MALL,FAIRVIEW PARK,44126,Cuyahoga County
41.944296,-80.560945,"CVS Pharmacy, Inc. #04331",Novavax - Ages 12 years and older,(440) 593-6214,https://www.cvs.com/store-locator/details-directions/004331,https://www.cvs.com/immunizations/covid-19-vaccine,380 STATE ST.,CONNEAUT,44030,Ashtabula County
38.864244,-83.897074,"CVS Pharmacy, Inc. #05429",Pfizer-BioNTech - Ages 12 years and older,(937) 378-2218,https://www.cvs.com/store-locator/details-directions/005429,https://www.cvs.com/immunizations/covid-19-vaccine,521 EAST STATE STREET,GEORGETOWN,45121,Brown County
41.88282,-80.798759,Rite Aid #RA103032,Pfizer-BioNTech - Ages 12 years and older,440-993-0906,https://www.riteaid.com,https://www.riteaid.com/pharmacy/scheduler,2148 LAKE AVENUE,ASHTABULA,44004-3436,Ashtabula County
39.229009,-84.353305,"CVS Pharmacy, Inc. #06094",Moderna - Ages 12 years and older,(513) 793-4451,https://www.cvs.com/store-locator/details-directions/006094,https://www.cvs.com/immunizations/covid-19-vaccine,9546 MONTGOMERY RD.,MONTGOMERY,45242,Hamilton County
40.04053,-82.864146,"CVS Pharmacy, Inc. #07247",Novavax - Ages 12 years and older,(614) 428-5201,https://www.cvs.com/store-locator/details-directions/007247,https://www.cvs.com/immunizations/covid-19-vaccine,900 N. HAMILTON RD.,GAHANNA,43230,Franklin County
39.160004,-84.42705,Kroger Pharmacy #01400465,Moderna - Ages 12 years and older,(513) 782-5120,www.krogerhealth.com,https://www.kroger.com/i/coronavirus-update/vaccine,4613 MARBURG AVE,CINCINNATI,45209,Hamilton County
40.833622,-81.423507,Rite Aid #RA102415,Pfizer-BioNTech - Ages 12 years and older,330-477-7269,https://www.riteaid.com,https://www.riteaid.com/pharmacy/scheduler,"3010 WHIPPLE AVENUE, NW",CANTON,44718-3027,Stark County
39.639664,-84.109536,Kroger Pharmacy #01400935,Moderna - Ages 6 months through 11 years,(937) 848-5985,www.krogerhealth.com,https://www.kroger.com/i/coronavirus-update/vaccine,6480 WILMINGTON PIKE,CENTERVILLE,45459,Greene County
40.740448,-84.111103,Rite Aid #RA102319,Pfizer-BioNTech - Ages 12 years and older,419-222-7797,https://www.riteaid.com,https://www.riteaid.com/pharmacy/scheduler,506  WEST MARKET STREET,LIMA,45801-4718,Allen County
41.466184,-81.754008,"CVS Pharmacy, Inc. #03333",Novavax - Ages 12 years and older,(216) 281-3061,https://www.cvs.com/store-locator/details-directions/003333,https://www.cvs.com/immunizations/covid-19-vaccine,3171 WEST BLVD.,CLEVELAND,44111,Cuyahoga County
41.12943,-81.50765,"CVS Pharmacy, Inc. #04309",Pfizer-BioNTech - Ages 12 years and older,(330) 929-4203,https://www.cvs.com/store-locator/details-directions/004309,https://www.cvs.com/immunizations/covid-19-vaccine,1711 STATE RD,CUYAHOGA FALLS,44223,Summit County
40.10848,-83.716068,Walmart Inc #10-1239,Moderna - Ages 6 months through 11 years,9376535313,https://www.walmart.com/store/1239,https://www.walmart.com/pharmacy/clinical-services/immunization/scheduled?imzType=covid,1840 E US Highway 36,Urbana,43078-9600,Champaign County
40.839034,-81.763748,Rite Aid #RA104814,Moderna - Ages 6 months through 11 years,330-683-8711,https://www.riteaid.com,https://www.riteaid.com/pharmacy/scheduler,222 SOUTH MAIN STREET,ORRVILLE,44667-1910,Wayne County
39.839676,-84.422937,Rite Aid #RA101659,Moderna - Ages 6 months through 11 years,937-833-2174,https://www.riteaid.com,https://www.riteaid.com/pharmacy/scheduler,437 NORTH WOLF CREEK STREET,BROOKVILLE,45309-1214,Montgomery County
41.466124,-81.989646,Meijer #308,Moderna - Ages 12 years and older,440-695-2450,https://www.meijer.com/services/pharmacy.html,https://rx.meijer.com/appt/SV0001,1810 Nagel Rd,Avon,44011,Lorain County
39.750089,-82.654927,Meijer #144,Moderna - Ages 12 years and older,740-681-2410,https://www.meijer.com/services/pharmacy.html,https://rx.meijer.com/appt/SV0001,2900 Columbus-Lancaster Rd,Lancaster,43130,Fairfield County
39.662357,-84.103761,Kroger Pharmacy #01400960,Moderna - Ages 6 months through 11 years,(937) 528-7060,www.krogerhealth.com,https://www.kroger.com/i/coronavirus-update/vaccine,5400 CORNERSTONE NORTH BLVD,KETTERING,45440,Greene County
39.839676,-84.422937,Rite Aid #RA101659,Pfizer-BioNTech - Ages 12 years and older,937-833-2174,https://www.riteaid.com,https://www.riteaid.com/pharmacy/scheduler,437 NORTH WOLF CREEK STREET,BROOKVILLE,45309-1214,Montgomery County
41.686104,-81.294121,"CVS Pharmacy, Inc. #17388",Pfizer-BioNTech - Ages 12 years and older,(440) 210-5054,https://www.cvs.com/store-locator/details-directions/017388,https://www.cvs.com/immunizations/covid-19-vaccine,9669 MENTOR AVE,MENTOR,44060,Lake County
40.646356,-83.609648000000007,Rite Aid #RA102363,Pfizer-BioNTech - Ages 12 years and older,419-673-5220,https://www.riteaid.com,https://www.riteaid.com/pharmacy/scheduler,130 SOUTH DETROIT STREET,KENTON,43326-1902,Hardin County
39.332488,-83.016677,"CVS Pharmacy, Inc. #06189",Pfizer-BioNTech - Ages 5 through 11 years,(740) 702-1100,https://www.cvs.com/store-locator/details-directions/006189,https://www.cvs.com/immunizations/covid-19-vaccine,11 CENTENNIAL BLVD.,CHILLICOTHE,45601,Ross County
40.385285,-82.485175,Rite Aid #RA102416,Moderna - Ages 12 years and older,740-393-2822,https://www.riteaid.com,https://www.riteaid.com/pharmacy/scheduler,4 NEWARK ROAD,MT. VERNON,43050-4113,Knox County
40.127117,-84.622076,Kroger Pharmacy #01400833,Moderna - Ages 6 months through 11 years,(937) 548-1736,www.krogerhealth.com,https://www.kroger.com/i/coronavirus-update/vaccine,200 LEASE AVE,GREENVILLE,45331,Darke County
39.56246,-84.302013,"CVS Pharmacy, Inc. #06136",Pfizer-BioNTech - Ages 12 years and older,(937) 746-4849,https://www.cvs.com/store-locator/details-directions/006136,https://www.cvs.com/immunizations/covid-19-vaccine,150 SOUTH MAIN STREET,FRANKLIN,45005,Warren County
39.940448,-82.002137,Rite Aid #RA101459,Pfizer-BioNTech - Ages 12 years and older,740-452-5485,https://www.riteaid.com,https://www.riteaid.com/pharmacy/scheduler,825 MAIN STREET,ZANESVILLE,43701-3733,Muskingum County
39.073806,-84.313333,"CVS Pharmacy, Inc. #16470",Pfizer-BioNTech - Ages 12 years and older,(513) 474-6367,https://www.cvs.com/store-locator/details-directions/016470,https://www.cvs.com/immunizations/covid-19-vaccine,8680 BEECHMONT AVE,CINCINNATI,45255,Hamilton County
40.731243,-84.079253,Rite Aid #RA102367,Moderna - Ages 6 months through 11 years,419-228-2296,https://www.riteaid.com,https://www.riteaid.com/pharmacy/scheduler,1415 BELLEFONTAINE AVENUE,LIMA,45804-3168,Allen County
40.367562,-80.639807,Kroger Pharmacy #01600512,Moderna - Ages 6 months through 11 years,(740) 266-2893,www.krogerhealth.com,https://www.kroger.com/i/coronavirus-update/vaccine,264 S HOLLYWOOD BLVD,STEUBENVILLE,43952,Jefferson County
39.224217,-84.591941,Walmart Inc #10-1521,Pfizer-BioNTech - Ages 12 years and older,5132459458,https://www.walmart.com/store/1521,https://www.walmart.com/pharmacy/clinical-services/immunization/scheduled?imzType=covid,8451 Colerain Ave,Cincinnati,45239-3926,Hamilton County
40.969902,-81.695993,"CVS Pharmacy, Inc. #04393",Novavax - Ages 12 years and older,(330) 658-2711,https://www.cvs.com/store-locator/details-directions/004393,https://www.cvs.com/immunizations/covid-19-vaccine,105 NORTH PORTAGE ST,DOYLESTOWN,44230,Wayne County
41.565988,-83.654882,Rite Aid #RA106679,Pfizer-BioNTech - Ages 12 years and older,419-893-5533,https://www.riteaid.com,https://www.riteaid.com/pharmacy/scheduler,105 GOLDEN GATE PLAZA,MAUMEE,43537-2875,Lucas County
39.6631,-84.105741,Costco Wholesale Corporation #1185,Moderna - Ages 12 years and older,(937)-640-6010,https://www.costco.com/pharmacy/adult-immunization-program.html,https://www.costco.com/pharmacy/adult-immunization-program.html,5300 CORNERSTONE NORTH BL,CENTERVILLE,45440,Greene County
41.676421,-83.625864000000007,Costco Wholesale Corporation #1007,Novavax - Ages 12 years and older,(419)-381-5009,https://www.costco.com/pharmacy/adult-immunization-program.html,https://www.costco.com/pharmacy/adult-immunization-program.html,3405 WEST CENTRAL AVE,TOLEDO,43606,Lucas County
39.480565,-84.420641,"CVS Pharmacy, Inc. #06133",Novavax - Ages 12 years and older,(513) 423-9243,https://www.cvs.com/store-locator/details-directions/006133,https://www.cvs.com/immunizations/covid-19-vaccine,440 OXFORD STATE RD.,MIDDLETOWN,45044,Butler County
40.060608,-82.986527,"CVS Pharmacy, Inc. #06158",Novavax - Ages 12 years and older,(614) 268-8090,https://www.cvs.com/store-locator/details-directions/006158,https://www.cvs.com/immunizations/covid-19-vaccine,1211 MORSE RD.,COLUMBUS,43229,Franklin County
41.520513,-81.466476,"CVS Pharmacy, Inc. #04607",Moderna - Ages 6 months through 11 years,(440) 646-1555,https://www.cvs.com/store-locator/details-directions/004607,https://www.cvs.com/immunizations/covid-19-vaccine,5901 MAYFIELD RD.,MAYFIELD HEIGHTS,44124,Cuyahoga County
41.044655,-83.649597,Rite Aid #RA104736,Moderna - Ages 6 months through 11 years,419-420-9485,https://www.riteaid.com,https://www.riteaid.com/pharmacy/scheduler,301 NORTH MAIN STREET,FINDLAY,45840-3503,Hancock County
38.411098,-82.524445,Walmart Inc #10-1478,Moderna - Ages 6 months through 11 years,7408943235,https://www.walmart.com/store/1478,https://www.walmart.com/pharmacy/clinical-services/immunization/scheduled?imzType=covid,354 Private Drive 288,South Point,45680-7900,Lawrence County
41.405113,-82.209891,Rite Aid #RA104947,Moderna - Ages 12 years and older,440-988-5832,https://www.riteaid.com,https://www.riteaid.com/pharmacy/scheduler,100 SOUTH LEAVITT ROAD,AMHERST,44001-1780,Lorain County
39.824913,-84.121847,"CVS Pharmacy, Inc. #03080",Novavax - Ages 12 years and older,(937) 233-3324,https://www.cvs.com/store-locator/details-directions/003080,https://www.cvs.com/immunizations/covid-19-vaccine,4996 BRANDT PIKE,HUBER HEIGHTS,45424,Montgomery County
40.581886,-83.083363,"CVS Pharmacy, Inc. #06171",Pfizer-BioNTech - Ages 5 through 11 years,(740) 389-2331,https://www.cvs.com/store-locator/details-directions/006171,https://www.cvs.com/immunizations/covid-19-vaccine,137 MCMAHAN BLVD.,MARION,43302,Marion County
39.271616,-84.326101,Kroger Pharmacy #01400353,Moderna - Ages 12 years and older,(513) 247-7760,www.krogerhealth.com,https://www.kroger.com/i/coronavirus-update/vaccine,11390 MONTGOMERY RD,CINCINNATI,45249,Hamilton County
40.275656,-81.868235,Rite Aid #RA104247,Pfizer-BioNTech - Ages 12 years and older,740-622-7284,https://www.riteaid.com,https://www.riteaid.com/pharmacy/scheduler,218 CHESTNUT STREET,COSHOCTON,43812-1131,Coshocton County
39.451718,-82.22072,Kroger Pharmacy #01600529,Pfizer-BioNTech - Ages 5 through 11 years,(740) 753-1984,www.krogerhealth.com,https://www.kroger.com/i/coronavirus-update/vaccine,965 POPLAR ST,NELSONVILLE,45764,Athens County
39.42089,-84.589552,"CVS Pharmacy, Inc. #06083",Novavax - Ages 12 years and older,(513) 863-8906,https://www.cvs.com/store-locator/details-directions/006083,https://www.cvs.com/immunizations/covid-19-vaccine,28 N. BROOKWOOD AVE.,HAMILTON,45013,Butler County
40.142577,-83.095018,"CVS Pharmacy, Inc. #17666",Novavax - Ages 12 years and older,(614) 356-4367,https://www.cvs.com/store-locator/details-directions/017666,https://www.cvs.com/immunizations/covid-19-vaccine,10560 SAWMILL PKWY,POWELL,43065,Delaware County
40.000954,-83.008042,"CVS Pharmacy, Inc. #17729",Novavax - Ages 12 years and older,(614) 298-8051,https://www.cvs.com/store-locator/details-directions/017729,https://www.cvs.com/immunizations/covid-19-vaccine,1892 NORTH HIGH ST,COLUMBUS,43201,Franklin County
40.789123,-82.591995,Meijer #126,Moderna - Ages 6 months through 11 years,419-747-8310,https://www.meijer.com/services/pharmacy.html,https://rx.meijer.com/appt/SV0001,1355 N Lexington-Springmill Rd,Mansfield,44906,Richland County
39.227182,-84.397731,Kroger Pharmacy #01400942,Moderna - Ages 6 months through 11 years,(513) 792-1501,www.krogerhealth.com,https://www.kroger.com/i/coronavirus-update/vaccine,4100 HUNT RD,BLUE ASH,45236,Hamilton County
41.044741,-83.641909,"CVS Pharmacy, Inc. #05813",Novavax - Ages 12 years and older,(419) 423-3236,https://www.cvs.com/store-locator/details-directions/005813,https://www.cvs.com/immunizations/covid-19-vaccine,463 TIFFAN AVE.,FINDLAY,45840,Hancock County
40.823615,-81.933382,Rite Aid #RA103028,Moderna - Ages 12 years and older,330-262-9045,https://www.riteaid.com,https://www.riteaid.com/pharmacy/scheduler,1955 CLEVELAND ROAD,WOOSTER,44691-2256,Wayne County
41.102668,-81.384656,Meijer #317,Moderna - Ages 12 years and older,330-977-5610,https://www.meijer.com/services/pharmacy.html,https://rx.meijer.com/appt/SV0001,247 Tallmadge Rd,Kent,44240,Portage County
39.685518,-84.133578,Meijer #102,Moderna - Ages 6 months through 11 years,937-298-4220,https://www.meijer.com/services/pharmacy.html,https://rx.meijer.com/appt/SV0001,4075 Wilmington Pike,Kettering,45440,Montgomery County
40.109281,-84.622035,"CVS Pharmacy, Inc. #06134",Pfizer-BioNTech - Ages 5 through 11 years,(937) 548-8730,https://www.cvs.com/store-locator/details-directions/006134,https://www.cvs.com/immunizations/covid-19-vaccine,1009 EAST MAIN ST.,GREENVILLE,45331,Darke County
41.244923,-80.842233,Rite Aid #RA103109,Moderna - Ages 6 months through 11 years,330-392-7555,https://www.riteaid.com,https://www.riteaid.com/pharmacy/scheduler,1560 PARKMAN ROAD NW,WARREN,44485-2159,Trumbull County
41.796666,-80.946605,Rite Aid #RA101167,Moderna - Ages 12 years and older,440-466-3323,https://www.riteaid.com,https://www.riteaid.com/pharmacy/scheduler,633 SOUTH BROADWAY,GENEVA,44041-1914,Ashtabula County
41.44541,-82.119591,Rite Aid #RA104766,Moderna - Ages 6 months through 11 years,440-277-6181,https://www.riteaid.com,https://www.riteaid.com/pharmacy/scheduler,2853 GROVE AVENUE,LORAIN,44055-2063,Lorain County
40.575228,-81.090082,Rite Aid #RA103468,Moderna - Ages 6 months through 11 years,330-627-5229,https://www.riteaid.com,https://www.riteaid.com/pharmacy/scheduler,340 WEST MAIN STREET,CARROLLTON,44615-1348,Carroll County
39.31753,-84.316165,Kroger Pharmacy #01400448,Moderna - Ages 6 months through 11 years,(513) 229-5920,www.krogerhealth.com,https://www.kroger.com/i/coronavirus-update/vaccine,5100 TERRA FIRMA DR,MASON,45040,Warren County
41.01874,-84.050896,Rite Aid #RA102350,Pfizer-BioNTech - Ages 12 years and older,419-523-6030,https://www.riteaid.com,https://www.riteaid.com/pharmacy/scheduler,305 WEST MAIN STREET,OTTAWA,45875-1725,Putnam County
39.526862,-84.381392,"CVS Pharmacy, Inc. #06137",Pfizer-BioNTech - Ages 5 through 11 years,(513) 423-0298,https://www.cvs.com/store-locator/details-directions/006137,https://www.cvs.com/immunizations/covid-19-vaccine,2424 N. VERITY PARKWAY,MIDDLETOWN,45042,Butler County
39.641453,-84.266407,Kroger Pharmacy #01400759,Moderna - Ages 6 months through 11 years,(937) 847-2834,www.krogerhealth.com,https://www.kroger.com/i/coronavirus-update/vaccine,155 N HEINCKE RD,MIAMISBURG,45342,Montgomery County
39.425405,-84.593666,Kroger Pharmacy #01400909,Moderna - Ages 6 months through 11 years,(513) 868-6578,www.krogerhealth.com,https://www.kroger.com/i/coronavirus-update/vaccine,1474 MAIN ST,HAMILTON,45013,Butler County
40.734391,-82.793651,Rite Aid #RA103102,Moderna - Ages 12 years and older,419-468-5340,https://www.riteaid.com,https://www.riteaid.com/pharmacy/scheduler,304 HARDING WAY WEST,GALION,44833-1729,Crawford County
39.158672,-84.455498,Kroger Pharmacy #01400418,Pfizer-BioNTech - Ages 5 through 11 years,(513) 841-6620,www.krogerhealth.com,https://www.kroger.com/i/coronavirus-update/vaccine,4500 MONTGOMERY RD,NORWOOD,45212,Hamilton County
41.396199,-84.132217,Rite Aid #RA102313,Moderna - Ages 6 months through 11 years,419-592-9086,https://www.riteaid.com,https://www.riteaid.com/pharmacy/scheduler,1111 SCOTT STREET,NAPOLEON,43545-1080,Henry County
41.118096,-81.470123,Sams Club #10-4750,Moderna - Ages 12 years and older,3309293789,https://www.samsclub.com/club/4750,https://www.samsclub.com/pharmacy/immunization?imzType=covid,1189 Buchholzer Blvd,Cuyahoga Falls,44221-5145,Summit County
41.034404,-80.633385,Sams Club #10-6322,Moderna - Ages 12 years and older,3309651643,https://www.samsclub.com/club/6322,https://www.samsclub.com/pharmacy/immunization?imzType=covid,6361 South Ave,Boardman,44512-3619,Mahoning County
40.312673,-83.110559,Kroger Pharmacy #01600804,Pfizer-BioNTech - Ages 12 years and older,(740) 362-8426,www.krogerhealth.com,https://www.kroger.com/i/coronavirus-update/vaccine,801 N HOUK RD,DELAWARE,43015,Delaware County
40.393502,-81.33689,"CVS Pharmacy, Inc. #10961",Novavax - Ages 12 years and older,(740) 922-2591,https://www.cvs.com/store-locator/details-directions/010961,https://www.cvs.com/immunizations/covid-19-vaccine,21 GRANT ST.,DENNISON,44621,Tuscarawas County
40.002318,-83.155718,Kroger Pharmacy #01600867,Moderna - Ages 6 months through 11 years,(614) 771-4172,www.krogerhealth.com,https://www.kroger.com/i/coronavirus-update/vaccine,2525 HILLIARD ROME RD,HILLIARD,43026,Franklin County
40.808799,-81.371277,Rite Aid #RA103700,Moderna - Ages 6 months through 11 years,330-456-4791,https://www.riteaid.com,https://www.riteaid.com/pharmacy/scheduler,114 12TH STREET NE,CANTON,44704-1024,Stark County
39.387819,-84.504685,"CVS Pharmacy, Inc. #17063",Pfizer-BioNTech - Ages 12 years and older,(513) 714-0006,https://www.cvs.com/store-locator/details-directions/017063,https://www.cvs.com/immunizations/covid-19-vaccine,3369 PRINCETON RD,HAMILTON,45011,Butler County
39.528574,-84.767028,Walmart Inc #10-2275,Moderna - Ages 6 months through 11 years,5135244122,https://www.walmart.com/store/2275,https://www.walmart.com/pharmacy/clinical-services/immunization/scheduled?imzType=covid,5720 College Corner Pike,Oxford,45056-1178,Butler County
40.725014,-84.073228,Sams Club #10-6375,Pfizer-BioNTech - Ages 12 years and older,4192224050,https://www.samsclub.com/club/6375,https://www.samsclub.com/pharmacy/immunization?imzType=covid,1150 Greely Chapel Rd,Lima,45804-4162,Allen County
39.093141,-84.266665,Sams Club #10-6528,Moderna - Ages 6 months through 11 years,5137534865,https://www.samsclub.com/club/6528,https://www.samsclub.com/pharmacy/immunization?imzType=covid,815 Clepper Ln,Cincinnati,45245-1535,Clermont County
40.729764,-81.106867,Rite Aid #RA102398,Moderna - Ages 6 months through 11 years,330-868-4171,https://www.riteaid.com,https://www.riteaid.com/pharmacy/scheduler,300 EAST LINCOLN WAY,MINERVA,44657-8927,Stark County
41.40538,-81.709847,Rite Aid #RA103053,Moderna - Ages 12 years and older,440-884-3549,https://www.riteaid.com,https://www.riteaid.com/pharmacy/scheduler,5795 STATE ROAD,PARMA,44134-2541,Cuyahoga County
41.616979,-83.696331,Sams Club #10-8139,Pfizer-BioNTech - Ages 12 years and older,4198668366,https://www.samsclub.com/club/8139,https://www.samsclub.com/pharmacy/immunization?imzType=covid,1300 E Mall Dr,Holland,43528-8467,Lucas County
39.68959,-83.958385,Kroger Pharmacy #01400829,Pfizer-BioNTech - Ages 5 through 11 years,(937) 376-5534,www.krogerhealth.com,https://www.kroger.com/i/coronavirus-update/vaccine,1700 W PARK SQUARE,XENIA,45385,Greene County
39.227346,-84.439216,"CVS Pharmacy, Inc. #05426",Novavax - Ages 12 years and older,(513) 733-8550,https://www.cvs.com/store-locator/details-directions/005426,https://www.cvs.com/immunizations/covid-19-vaccine,9197 READING RD.,CINCINNATI,45215,Hamilton County
41.16129,-81.85902,Walmart Inc #10-1894,Moderna - Ages 6 months through 11 years,3307231122,https://www.walmart.com/store/1894,https://www.walmart.com/pharmacy/clinical-services/immunization/scheduled?imzType=covid,4141 Pearl Rd,Medina,44256-7649,Medina County
39.641453,-84.266407,Kroger Pharmacy #01400759,Pfizer-BioNTech - Ages 12 years and older,(937) 847-2834,www.krogerhealth.com,https://www.kroger.com/i/coronavirus-update/vaccine,155 N HEINCKE RD,MIAMISBURG,45342,Montgomery County
39.17078,-84.44954,"CVS Pharmacy, Inc. #06111",Novavax - Ages 12 years and older,(513) 731-2600,https://www.cvs.com/store-locator/details-directions/006111,https://www.cvs.com/immunizations/covid-19-vaccine,5229 MONTGOMERY RD.,NORWOOD,45212,Hamilton County
41.042793,-82.726407,Rite Aid #RA103357,Pfizer-BioNTech - Ages 12 years and older,419-935-3900,https://www.riteaid.com,https://www.riteaid.com/pharmacy/scheduler,4 EAST WALTON STREET,WILLARD,44890-9419,Huron County
39.220322,-84.519106,Kroger Pharmacy #01400384,Moderna - Ages 12 years and older,(513) 728-8650,www.krogerhealth.com,https://www.kroger.com/i/coronavirus-update/vaccine,8421 WINTON RD,CINCINNATI,45231,Hamilton County
39.381031,-84.547405,Kroger Pharmacy #01400934,Pfizer-BioNTech - Ages 12 years and older,(513) 868-5440,www.krogerhealth.com,https://www.kroger.com/i/coronavirus-update/vaccine,1450 S ERIE HWY,HAMILTON,45011,Butler County
39.598379,-82.931669,Kroger Pharmacy #01600844,Pfizer-BioNTech - Ages 5 through 11 years,(740) 477-5763,www.krogerhealth.com,https://www.kroger.com/i/coronavirus-update/vaccine,175 LANCASTER PIKE,CIRCLEVILLE,43113,Pickaway County
41.470222,-81.706809,Rite Aid #RA103157,Moderna - Ages 12 years and older,216-961-9414,https://www.riteaid.com,https://www.riteaid.com/pharmacy/scheduler,3402 CLARK AVENUE,CLEVELAND,44109-1136,Cuyahoga County
41.601658,-83.626238,"CVS Pharmacy, Inc. #11155",Novavax - Ages 12 years and older,(419) 389-9112,https://www.cvs.com/store-locator/details-directions/011155,https://www.cvs.com/immunizations/covid-19-vaccine,2104 S. BYRNE RD,TOLEDO,43614,Lucas County
39.260148,-84.471242,Kroger Pharmacy #01400433,Moderna - Ages 12 years and older,(513) 771-2970,www.krogerhealth.com,https://www.kroger.com/i/coronavirus-update/vaccine,10595 SPRINGFIELD PIKE,CINCINNATI,45215,Hamilton County
39.575503,-84.230267,"CVS Pharmacy, Inc. #06139",Novavax - Ages 12 years and older,(937) 748-1135,https://www.cvs.com/store-locator/details-directions/006139,https://www.cvs.com/immunizations/covid-19-vaccine,710 N. MAIN ST.,SPRINGBORO,45066,Warren County
41.534215,-83.632848,Costco Wholesale Corporation #1194,Novavax - Ages 12 years and older,(567)-368-6010,https://www.costco.com/pharmacy/adult-immunization-program.html,https://www.costco.com/pharmacy/adult-immunization-program.html,26400 N.DIXIE HWY,PERRYSBURG,43551,Wood County
41.108989,-81.508743,"CVS Pharmacy, Inc. #03041",Novavax - Ages 12 years and older,(330) 762-6231,https://www.cvs.com/store-locator/details-directions/003041,https://www.cvs.com/immunizations/covid-19-vaccine,235 EAST CUYAHOGA FALLS AVE,AKRON,44310,Summit County
41.693127,-83.565929,Rite Aid #RA102309,Pfizer-BioNTech - Ages 12 years and older,419-478-8177,https://www.riteaid.com,https://www.riteaid.com/pharmacy/scheduler,1012 WEST SYLVANIA AVENUE,TOLEDO,43612-1702,Lucas County
39.164395,-84.514846,Kroger Pharmacy #01400428,Moderna - Ages 12 years and older,(513) 681-7916,www.krogerhealth.com,https://www.kroger.com/i/coronavirus-update/vaccine,4777 KENARD AVE,CINCINNATI,45232,Hamilton County
39.352641,-83.379732,Rite Aid #RA103466,Pfizer-BioNTech - Ages 12 years and older,937-981-7133,https://www.riteaid.com,https://www.riteaid.com/pharmacy/scheduler,109 JEFFERSON STREET,GREENFIELD,45123-1364,Highland County
41.607703,-83.561227,Rite Aid #RA106678,Pfizer-BioNTech - Ages 12 years and older,419-666-1583,https://www.riteaid.com,https://www.riteaid.com/pharmacy/scheduler,801 DIXIE HIGHWAY,ROSSFORD,43460-1330,Wood County
41.163266,-83.415488,Kroger Pharmacy #01600856,Moderna - Ages 6 months through 11 years,(419) 435-4190,www.krogerhealth.com,https://www.kroger.com/i/coronavirus-update/vaccine,126 W HIGH ST,FOSTORIA,44830,Seneca County
41.350315,-81.784469,"CVS Pharmacy, Inc. #04054",Pfizer-BioNTech - Ages 5 through 11 years,(440) 845-6444,https://www.cvs.com/store-locator/details-directions/004054,https://www.cvs.com/immunizations/covid-19-vaccine,8001 WEST 130TH STREET,NORTH ROYALTON,44133,Cuyahoga County
40.025796,-82.444978,Kroger Pharmacy #01600926,Pfizer-BioNTech - Ages 5 through 11 years,(740) 522-3693,www.krogerhealth.com,https://www.kroger.com/i/coronavirus-update/vaccine,910 HEBRON RD,HEATH,43056,Licking County
41.226591,-80.741254,Sams Club #10-6327,Pfizer-BioNTech - Ages 12 years and older,3308567411,https://www.samsclub.com/club/6327,https://www.samsclub.com/pharmacy/immunization?imzType=covid,1040 Niles Courtland Rd SE,Warren,44484-2539,Trumbull County
40.016995,-83.011715,"CVS Pharmacy, Inc. #06950",Novavax - Ages 12 years and older,(614) 267-5607,https://www.cvs.com/store-locator/details-directions/006950,https://www.cvs.com/immunizations/covid-19-vaccine,2680 N. HIGH ST.,COLUMBUS,43202,Franklin County
41.312857,-81.538464,"CVS Pharmacy, Inc. #04301",Moderna - Ages 6 months through 11 years,(330) 468-1661,https://www.cvs.com/store-locator/details-directions/004301,https://www.cvs.com/immunizations/covid-19-vaccine,9302 OLDE EIGHT RD.,NORTHFIELD CENTER,44067,Summit County
41.403098,-81.803605,Rite Aid #RA103153,Pfizer-BioNTech - Ages 12 years and older,216-676-5561,https://www.riteaid.com,https://www.riteaid.com/pharmacy/scheduler,15149 SNOW ROAD,BROOKPARK,44142-2458,Cuyahoga County
41.01786,-81.491697,Walmart Inc #10-1911,Moderna - Ages 6 months through 11 years,3306459556,https://www.walmart.com/store/1911,https://www.walmart.com/pharmacy/clinical-services/immunization/scheduled?imzType=covid,2887 S Arlington St,Akron,44312-4715,Summit County
39.210287,-84.475895,Kroger Pharmacy #01400405,Pfizer-BioNTech - Ages 12 years and older,(513) 821-9660,www.krogerhealth.com,https://www.kroger.com/i/coronavirus-update/vaccine,8241 VINE ST,CINCINNATI,45216,Hamilton County
39.141613,-84.361681,Kroger Pharmacy #01400421,Moderna - Ages 6 months through 11 years,(513) 271-9320,www.krogerhealth.com,https://www.kroger.com/i/coronavirus-update/vaccine,7385 WOOSTER PIKE,MARIEMONT,45227,Hamilton County
41.102668,-81.384656,Meijer #317,Moderna - Ages 6 months through 11 years,330-977-5610,https://www.meijer.com/services/pharmacy.html,https://rx.meijer.com/appt/SV0001,247 Tallmadge Rd,Kent,44240,Portage County
41.120987,-81.477501,"CVS Pharmacy, Inc. #16246",Novavax - Ages 12 years and older,(330) 928-0294,https://www.cvs.com/store-locator/details-directions/016246,https://www.cvs.com/immunizations/covid-19-vaccine,449 HOWE AVE,CUYAHOGA FALLS,44221,Summit County
41.01786,-81.491697,Walmart Inc #10-1911,Pfizer-BioNTech - Ages 12 years and older,3306459556,https://www.walmart.com/store/1911,https://www.walmart.com/pharmacy/clinical-services/immunization/scheduled?imzType=covid,2887 S Arlington St,Akron,44312-4715,Summit County
38.736547,-82.99484,Kroger Pharmacy #01600575,Pfizer-BioNTech - Ages 12 years and older,(740) 354-2262,www.krogerhealth.com,https://www.kroger.com/i/coronavirus-update/vaccine,811 GAY ST,PORTSMOUTH,45662,Scioto County
39.764336,-81.1146,Rite Aid #RA102795,Pfizer-BioNTech - Ages 12 years and older,740-472-5311,https://www.riteaid.com,https://www.riteaid.com/pharmacy/scheduler,148 NORTH MAIN STREET,WOODSFIELD,43793-1002,Monroe County
41.412454,-81.928885,"CVS Pharmacy, Inc. #02587",Novavax - Ages 12 years and older,(440) 716-5166,https://www.cvs.com/store-locator/details-directions/002587,https://www.cvs.com/immunizations/covid-19-vaccine,27713 LORAIN RD.,NORTH OLMSTED,44070,Cuyahoga County
38.895833,-82.569818,"CVS Pharmacy, Inc. #03419",Novavax - Ages 12 years and older,(740) 286-6401,https://www.cvs.com/store-locator/details-directions/003419,https://www.cvs.com/immunizations/covid-19-vaccine,353 E. MAIN ST.,JACKSON,45640,Jackson County
41.572944,-84.133578,Rite Aid #RA102348,Moderna - Ages 12 years and older,419-337-5050,https://www.riteaid.com,https://www.riteaid.com/pharmacy/scheduler,1496 NORTH SHOOP AVENUE,WAUSEON,43567-1825,Fulton County
39.425721,-84.600482,Walmart Inc #10-2441,Moderna - Ages 6 months through 11 years,5137370564,https://www.walmart.com/store/2441,https://www.walmart.com/pharmacy/clinical-services/immunization/scheduled?imzType=covid,1505 Main St,Hamilton,45013-1079,Butler County
39.159445,-84.280219,Walmart Inc #10-5499,Pfizer-BioNTech - Ages 12 years and older,5132480067,https://www.walmart.com/store/5499,https://www.walmart.com/pharmacy/clinical-services/immunization/scheduled?imzType=covid,201 Chamber Dr,Milford,45150-2516,Clermont County
39.869453,-84.103266,Meijer #241,Moderna - Ages 6 months through 11 years,937-237-4610,https://www.meijer.com/services/pharmacy.html,https://rx.meijer.com/appt/SV0001,7150 Executive Blvd,Huber Heights,45424,Montgomery County
41.244923,-80.842233,Rite Aid #RA103109,Pfizer-BioNTech - Ages 12 years and older,330-392-7555,https://www.riteaid.com,https://www.riteaid.com/pharmacy/scheduler,1560 PARKMAN ROAD NW,WARREN,44485-2159,Trumbull County
40.873379,-81.333721,Rite Aid #RA103192,Moderna - Ages 12 years and older,330-492-6203,https://www.riteaid.com,https://www.riteaid.com/pharmacy/scheduler,2574 EASTON STREET NE,CANTON,44721-2662,Stark County
40.028491,-82.452088,Walmart Inc #10-1594,Moderna - Ages 6 months through 11 years,7405225841,https://www.walmart.com/store/1594,https://www.walmart.com/pharmacy/clinical-services/immunization/scheduled?imzType=covid,911 Hebron Rd,Heath,43056-1182,Licking County
39.369773,-84.386196,"CVS Pharmacy, Inc. #02342",Novavax - Ages 12 years and older,(513) 759-3301,https://www.cvs.com/store-locator/details-directions/002342,https://www.cvs.com/immunizations/covid-19-vaccine,7217 CINCINNATI-DAYTON ROAD,WEST CHESTER,45069,Butler County
41.469676,-81.608088,"CVS Pharmacy, Inc. #05366",Pfizer-BioNTech - Ages 12 years and older,(216) 752-8656,https://www.cvs.com/store-locator/details-directions/005366,https://www.cvs.com/immunizations/covid-19-vaccine,10825 KINSMAN RD.,CLEVELAND,44104,Cuyahoga County
40.054131,-82.867512,Kroger Pharmacy #01600871,Pfizer-BioNTech - Ages 5 through 11 years,(614) 418-1529,www.krogerhealth.com,https://www.kroger.com/i/coronavirus-update/vaccine,1365 STONERIDGE DR,GAHANNA,43230,Franklin County
39.248362,-84.599212,Kroger Pharmacy #01400968,Moderna - Ages 12 years and older,(513) 639-9920,www.krogerhealth.com,https://www.kroger.com/i/coronavirus-update/vaccine,3636 SPRINGDALE RD,CINCINNATI,45251,Hamilton County
40.363021,-83.758224,"CVS Pharmacy, Inc. #06178",Novavax - Ages 12 years and older,(937) 593-1040,https://www.cvs.com/store-locator/details-directions/006178,https://www.cvs.com/immunizations/covid-19-vaccine,143 E. SANDUSKY AVE.,BELLEFONTAINE,43311,Logan County
39.906665,-82.779293,Kroger Pharmacy #01600538,Pfizer-BioNTech - Ages 5 through 11 years,(614) 759-2765,www.krogerhealth.com,https://www.kroger.com/i/coronavirus-update/vaccine,1045 HILL RD N,PICKERINGTON,43147,Fairfield County
40.620312,-80.576349,Rite Aid #RA103060,Pfizer-BioNTech - Ages 12 years and older,330-386-6210,https://www.riteaid.com,https://www.riteaid.com/pharmacy/scheduler,614 BRADSHAW AVENUE,EAST LIVERPOOL,43920-3240,Columbiana County
41.484893,-81.805255,"CVS Pharmacy, Inc. #03340",Novavax - Ages 12 years and older,(216) 221-7961,https://www.cvs.com/store-locator/details-directions/003340,https://www.cvs.com/immunizations/covid-19-vaccine,15501 DETROIT AVE.,LAKEWOOD,44107,Cuyahoga County
41.385182,-81.640453,"CVS Pharmacy, Inc. #04208",Moderna - Ages 12 years and older,(216) 447-0990,https://www.cvs.com/store-locator/details-directions/004208,https://www.cvs.com/immunizations/covid-19-vaccine,6527 BRECKSVILLE RD,INDEPENDENCE,44131,Cuyahoga County
41.678383,-81.30706,Walmart Inc #10-1857,Moderna - Ages 6 months through 11 years,4409743300,https://www.walmart.com/store/1857,https://www.walmart.com/pharmacy/clinical-services/immunization/scheduled?imzType=covid,9303 Mentor Ave,Mentor,44060-6413,Lake County
41.607703,-83.561227,Rite Aid #RA106678,Moderna - Ages 6 months through 11 years,419-666-1583,https://www.riteaid.com,https://www.riteaid.com/pharmacy/scheduler,801 DIXIE HIGHWAY,ROSSFORD,43460-1330,Wood County
41.211588,-80.750286,"CVS Pharmacy, Inc. #16644",Novavax - Ages 12 years and older,(330) 505-9463,https://www.cvs.com/store-locator/details-directions/016644,https://www.cvs.com/immunizations/covid-19-vaccine,5555 YOUNGSTOWN WARREN RD,NILES,44446,Trumbull County
39.984377,-82.816428,Kroger Pharmacy #01600853,Pfizer-BioNTech - Ages 5 through 11 years,(614) 575-3741,www.krogerhealth.com,https://www.kroger.com/i/coronavirus-update/vaccine,7000 E BROAD ST,COLUMBUS,43213,Franklin County
41.044446,-81.729724,Rite Aid #RA104811,Moderna - Ages 12 years and older,330-336-2550,https://www.riteaid.com,https://www.riteaid.com/pharmacy/scheduler,780 HIGH STREET,WADSWORTH,44281-1610,Medina County
39.248362,-84.599212,Kroger Pharmacy #01400968,Pfizer-BioNTech - Ages 5 through 11 years,(513) 639-9920,www.krogerhealth.com,https://www.kroger.com/i/coronavirus-update/vaccine,3636 SPRINGDALE RD,CINCINNATI,45251,Hamilton County
41.405547,-81.794391,"CVS Pharmacy, Inc. #03028",Novavax - Ages 12 years and older,(216) 676-4380,https://www.cvs.com/store-locator/details-directions/003028,https://www.cvs.com/immunizations/covid-19-vaccine,14372 SNOW RD,BROOKPARK,44142,Cuyahoga County
39.903571,-83.811098,Rite Aid #RA101186,Pfizer-BioNTech - Ages 12 years and older,937-323-5536,https://www.riteaid.com,https://www.riteaid.com/pharmacy/scheduler,1805 SOUTH LIMESTONE STREET,SPRINGFIELD,45505-4015,Clark County
41.466184,-81.754008,"CVS Pharmacy, Inc. #03333",Pfizer-BioNTech - Ages 5 through 11 years,(216) 281-3061,https://www.cvs.com/store-locator/details-directions/003333,https://www.cvs.com/immunizations/covid-19-vaccine,3171 WEST BLVD.,CLEVELAND,44111,Cuyahoga County
41.470222,-81.706809,Rite Aid #RA103157,Moderna - Ages 6 months through 11 years,216-961-9414,https://www.riteaid.com,https://www.riteaid.com/pharmacy/scheduler,3402 CLARK AVENUE,CLEVELAND,44109-1136,Cuyahoga County
41.312857,-81.538464,"CVS Pharmacy, Inc. #04301",Novavax - Ages 12 years and older,(330) 468-1661,https://www.cvs.com/store-locator/details-directions/004301,https://www.cvs.com/immunizations/covid-19-vaccine,9302 OLDE EIGHT RD.,NORTHFIELD CENTER,44067,Summit County
40.902289,-81.100859,Rite Aid #RA103167,Moderna - Ages 12 years and older,330-823-6921,https://www.riteaid.com,https://www.riteaid.com/pharmacy/scheduler,304 EAST STATE STREET,ALLIANCE,44601-4938,Stark County
41.420643,-81.757017,Sams Club #10-6305,Pfizer-BioNTech - Ages 12 years and older,2162650012,https://www.samsclub.com/club/6305,https://www.samsclub.com/pharmacy/immunization?imzType=covid,10250 Brookpark Rd,Cleveland,44130-1106,Cuyahoga County
39.745077,-84.396537,Rite Aid #RA100449,Moderna - Ages 6 months through 11 years,937-687-3456,https://www.riteaid.com,https://www.riteaid.com/pharmacy/scheduler,590 WEST MAIN STREET,NEW LEBANON,45345-1426,Montgomery County
39.444597,-83.826669,"CVS Pharmacy, Inc. #06098",Pfizer-BioNTech - Ages 12 years and older,(937) 382-3232,https://www.cvs.com/store-locator/details-directions/006098,https://www.cvs.com/immunizations/covid-19-vaccine,120 MAIN STREET E.,WILMINGTON,45177,Clinton County
41.698934,-83.654293,"CVS Pharmacy, Inc. #16165",Pfizer-BioNTech - Ages 12 years and older,(419) 843-1622,https://www.cvs.com/store-locator/details-directions/016165,https://www.cvs.com/immunizations/covid-19-vaccine,5225 MONROE ST,TOLEDO,43623,Lucas County
40.584108,-83.127831,Rite Aid #RA100277,Pfizer-BioNTech - Ages 12 years and older,740-382-0650,https://www.riteaid.com,https://www.riteaid.com/pharmacy/scheduler,332 SOUTH MAIN STREET,MARION,43302-5006,Marion County
40.823391,-81.501765,Rite Aid #RA102413,Pfizer-BioNTech - Ages 12 years and older,330-833-3194,https://www.riteaid.com,https://www.riteaid.com/pharmacy/scheduler,2110 WALES AVENUE NORTHEAST,MASSILLON,44646-2302,Stark County
39.45393,-84.181427,Kroger Pharmacy #01400447,Moderna - Ages 12 years and older,(513) 228-7370,www.krogerhealth.com,https://www.kroger.com/i/coronavirus-update/vaccine,1425 COLUMBUS AVE,LEBANON,45036,Warren County
41.519929,-82.863221,Walmart Inc #10-1445,Pfizer-BioNTech - Ages 12 years and older,4197323369,https://www.walmart.com/store/1445,https://www.walmart.com/pharmacy/clinical-services/immunization/scheduled?imzType=covid,2826 E Harbor Rd,Port Clinton,43452-2611,Ottawa County
39.863115,-84.098316,Walmart Inc #10-1495,Moderna - Ages 6 months through 11 years,9372371988,https://www.walmart.com/store/1495,https://www.walmart.com/pharmacy/clinical-services/immunization/scheduled?imzType=covid,7680 Brandt Pike,Huber Heights,45424-2340,Montgomery County
40.808799,-81.371277,Rite Aid #RA103700,Moderna - Ages 12 years and older,330-456-4791,https://www.riteaid.com,https://www.riteaid.com/pharmacy/scheduler,114 12TH STREET NE,CANTON,44704-1024,Stark County
39.210287,-84.475895,Kroger Pharmacy #01400405,Moderna - Ages 6 months through 11 years,(513) 821-9660,www.krogerhealth.com,https://www.kroger.com/i/coronavirus-update/vaccine,8241 VINE ST,CINCINNATI,45216,Hamilton County
41.405113,-82.209891,Rite Aid #RA104947,Pfizer-BioNTech - Ages 12 years and older,440-988-5832,https://www.riteaid.com,https://www.riteaid.com/pharmacy/scheduler,100 SOUTH LEAVITT ROAD,AMHERST,44001-1780,Lorain County
39.347753,-82.971326,Walmart Inc #10-2400,Moderna - Ages 6 months through 11 years,7407744800,https://www.walmart.com/store/2400,https://www.walmart.com/pharmacy/clinical-services/immunization/scheduled?imzType=covid,85 River Trce,Chillicothe,45601-2686,Ross County
39.359139,-84.45845,Kroger Pharmacy #01400959,Pfizer-BioNTech - Ages 5 through 11 years,(513) 682-8040,www.krogerhealth.com,https://www.kroger.com/i/coronavirus-update/vaccine,8000 PRINCETON GLENDALE RD,WEST CHESTER,45069,Butler County
41.128549,-81.609302,Rite Aid #RA103144,Moderna - Ages 12 years and older,330-867-8492,https://www.riteaid.com,https://www.riteaid.com/pharmacy/scheduler,2975 WEST MARKET STREET,FAIRLAWN,44333-3606,Summit County
40.770889,-82.486063,"CVS Pharmacy, Inc. #06175",Novavax - Ages 12 years and older,(419) 589-2030,https://www.cvs.com/store-locator/details-directions/006175,https://www.cvs.com/immunizations/covid-19-vaccine,755 ASHLAND ROAD,MANSFIELD,44905,Richland County
40.900962,-81.160279,Walmart Inc #10-2541,Moderna - Ages 12 years and older,3308210026,https://www.walmart.com/store/2541,https://www.walmart.com/pharmacy/clinical-services/immunization/scheduled?imzType=covid,2700 W State St,Alliance,44601-5611,Stark County
41.285748,-81.098143,Rite Aid #RA101803,Moderna - Ages 6 months through 11 years,330-527-2828,https://www.riteaid.com,https://www.riteaid.com/pharmacy/scheduler,10764 NORTH STREET,GARRETTSVILLE,44231-1016,Portage County
41.626824,-81.429014,Rite Aid #RA103011,Pfizer-BioNTech - Ages 12 years and older,440-942-4288,https://www.riteaid.com,https://www.riteaid.com/pharmacy/scheduler,36212 EUCLID AVENUE,WILLOUGHBY,44094-4413,Lake County
40.030863,-82.963472,"CVS Pharmacy, Inc. #04223",Novavax - Ages 12 years and older,(614) 263-0923,https://www.cvs.com/store-locator/details-directions/004223,https://www.cvs.com/immunizations/covid-19-vaccine,3100 CLEVELAND AVE.,COLUMBUS,43224,Franklin County
40.074047,-83.137593,Walmart Inc #10-2471,Moderna - Ages 6 months through 11 years,6147179660,https://www.walmart.com/store/2471,https://www.walmart.com/pharmacy/clinical-services/immunization/scheduled?imzType=covid,5900 Britton Pkwy,Dublin,43016-1207,Franklin County
39.177142,-84.641253,Kroger Pharmacy #01400444,Pfizer-BioNTech - Ages 5 through 11 years,(513) 574-5044,www.krogerhealth.com,https://www.kroger.com/i/coronavirus-update/vaccine,5910 HARRISON AVE.,CINCINNATI,45248,Hamilton County
39.723409,-84.150912,"CVS Pharmacy, Inc. #03467",Novavax - Ages 12 years and older,(937) 254-6223,https://www.cvs.com/store-locator/details-directions/003467,https://www.cvs.com/immunizations/covid-19-vaccine,1300 WILMINGTON AVENUE,DAYTON,45420,Montgomery County
40.15058,-82.976701,Costco Wholesale Corporation #632,Moderna - Ages 12 years and older,(614)-987-1909,https://www.costco.com/pharmacy/adult-immunization-program.html,https://www.costco.com/pharmacy/adult-immunization-program.html,1500 GEMINI PLACE,COLUMBUS,43240,Delaware County
39.423737,-84.458177,Kroger Pharmacy #01400439,Moderna - Ages 12 years and older,(513) 867-5420,www.krogerhealth.com,https://www.kroger.com/i/coronavirus-update/vaccine,5250 NEWTOWN DRIVE,LIBERTY TOWNSHIP,45011,Butler County
40.788402,-82.737664,Rite Aid #RA102394,Pfizer-BioNTech - Ages 12 years and older,419-683-2512,https://www.riteaid.com,https://www.riteaid.com/pharmacy/scheduler,145 WEST MAIN STREET,CRESTLINE,44827-1430,Crawford County
40.122198,-83.092347,Kroger Pharmacy #01600581,Moderna - Ages 12 years and older,(614) 923-2340,www.krogerhealth.com,https://www.kroger.com/i/coronavirus-update/vaccine,7625 SAWMILL RD,DUBLIN,43016,Franklin County
40.774676,-82.475953,Kroger Pharmacy #01600557,Moderna - Ages 12 years and older,(419) 589-3693,www.krogerhealth.com,https://www.kroger.com/i/coronavirus-update/vaccine,1060 ASHLAND RD,MANSFIELD,44905,Richland County
39.839676,-84.422937,Rite Aid #RA101659,Moderna - Ages 12 years and older,937-833-2174,https://www.riteaid.com,https://www.riteaid.com/pharmacy/scheduler,437 NORTH WOLF CREEK STREET,BROOKVILLE,45309-1214,Montgomery County
41.719616,-83.563474,Kroger Pharmacy #01600810,Moderna - Ages 6 months through 11 years,(419) 269-6909,www.krogerhealth.com,https://www.kroger.com/i/coronavirus-update/vaccine,833 W ALEXIS RD,TOLEDO,43612,Lucas County
40.731243,-84.079253,Rite Aid #RA102367,Pfizer-BioNTech - Ages 12 years and older,419-228-2296,https://www.riteaid.com,https://www.riteaid.com/pharmacy/scheduler,1415 BELLEFONTAINE AVENUE,LIMA,45804-3168,Allen County
39.090178,-84.269731,Walmart Inc #10-1443,Pfizer-BioNTech - Ages 12 years and older,5137533200,https://www.walmart.com/store/1443,https://www.walmart.com/pharmacy/clinical-services/immunization/scheduled?imzType=covid,4370 Eastgate Square Dr,Cincinnati,45245-4502,Clermont County
40.83221,-80.540459,Rite Aid #RA102449,Pfizer-BioNTech - Ages 12 years and older,330-426-9291,https://www.riteaid.com,https://www.riteaid.com/pharmacy/scheduler,25 WEST MAIN STREET,EAST PALESTINE,44413-1841,Columbiana County
40.109277,-83.017842,Kroger Pharmacy #01600273,Moderna - Ages 6 months through 11 years,(614) 410-2007,www.krogerhealth.com,https://www.kroger.com/i/coronavirus-update/vaccine,60 WORTHINGTON MALL,COLUMBUS,43085,Franklin County
41.404631,-82.655433,Walmart Inc #10-1628,Moderna - Ages 6 months through 11 years,4196278778,https://www.walmart.com/store/1628,https://www.walmart.com/pharmacy/clinical-services/immunization/scheduled?imzType=covid,5500 Milan Rd Ste 200,Sandusky,44870-7804,Erie County
39.72031,-82.205814,"CVS Pharmacy, Inc. #03499",Novavax - Ages 12 years and older,(740) 342-4137,https://www.cvs.com/store-locator/details-directions/003499,https://www.cvs.com/immunizations/covid-19-vaccine,251 E BROADWAY,NEW LEXINGTON,43764,Perry County
40.984113,-81.496029,"CVS Pharmacy, Inc. #17411",Novavax - Ages 12 years and older,(330) 645-8253,https://www.cvs.com/store-locator/details-directions/017411,https://www.cvs.com/immunizations/covid-19-vaccine,762 ARLINGTON RDG,AKRON,44312,Summit County
39.989293,-82.032327,Sams Club #10-4947,Moderna - Ages 6 months through 11 years,7404527183,https://www.samsclub.com/club/4947,https://www.samsclub.com/pharmacy/immunization?imzType=covid,3724 Northpointe Dr,Zanesville,43701-1768,Muskingum County
39.713114,-82.606755,"CVS Pharmacy, Inc. #06188",Novavax - Ages 12 years and older,(740) 653-2631,https://www.cvs.com/store-locator/details-directions/006188,https://www.cvs.com/immunizations/covid-19-vaccine,111 SOUTH MEMORIAL DRIVE,LANCASTER,43130,Fairfield County
40.08894,-82.825493,Kroger Pharmacy #01600881,Moderna - Ages 6 months through 11 years,(614) 855-8670,www.krogerhealth.com,https://www.kroger.com/i/coronavirus-update/vaccine,5161 HAMPSTED VILLAGE CENTER WAY,NEW ALBANY,43054,Franklin County
41.237652,-80.765694,Rite Aid #RA104605,Moderna - Ages 12 years and older,330-856-1794,https://www.riteaid.com,https://www.riteaid.com/pharmacy/scheduler,4205 EAST MARKET STREET,WARREN,44484-2246,Trumbull County
41.155994,-81.410899,"CVS Pharmacy, Inc. #16382",Novavax - Ages 12 years and older,(330) 688-7450,https://www.cvs.com/store-locator/details-directions/016382,https://www.cvs.com/immunizations/covid-19-vaccine,4200 KENT RD,STOW,44224,Summit County
39.986122,-83.15351,Sams Club #10-6308,Moderna - Ages 6 months through 11 years,6149210057,https://www.samsclub.com/club/6308,https://www.samsclub.com/pharmacy/immunization?imzType=covid,1755 Hilliard Rome Rd,Hilliard,43026-9469,Franklin County
41.519518,-81.518883,"CVS Pharmacy, Inc. #07370",Novavax - Ages 12 years and older,(216) 382-6780,https://www.cvs.com/store-locator/details-directions/007370,https://www.cvs.com/immunizations/covid-19-vaccine,4460 MAYFIELD RD.,SOUTH EUCLID,44121,Cuyahoga County
40.056564,-82.921414,"CVS Pharmacy, Inc. #16453",Moderna - Ages 12 years and older,(614) 471-3264,https://www.cvs.com/store-locator/details-directions/016453,https://www.cvs.com/immunizations/covid-19-vaccine,4199 MORSE XING,COLUMBUS,43219,Franklin County
41.639694,-81.473173,Rite Aid #RA104784,Moderna - Ages 12 years and older,440-943-2127,https://www.riteaid.com,https://www.riteaid.com/pharmacy/scheduler,30500 LAKESHORE BOULEVARD,WILLOWICK,44095-3600,Lake County
39.093435,-84.386565,Kroger Pharmacy #01400438,Moderna - Ages 6 months through 11 years,(513) 232-4474,www.krogerhealth.com,https://www.kroger.com/i/coronavirus-update/vaccine,2120 BEECHMONT AVE,CINCINNATI,45230,Hamilton County
39.27205,-81.570525,Rite Aid #RA101430,Pfizer-BioNTech - Ages 12 years and older,740-423-4894,https://www.riteaid.com,https://www.riteaid.com/pharmacy/scheduler,201 WASHINGTON BOULEVARD,BELPRE,45714-2432,Washington County
41.550366,-83.593263,Walmart Inc #10-4479,Moderna - Ages 6 months through 11 years,4198740291,https://www.walmart.com/store/4479,https://www.walmart.com/pharmacy/clinical-services/immunization/scheduled?imzType=covid,10392 Fremont Pike,Perrysburg,43551-3335,Wood County
39.992638,-83.043186,Kroger Pharmacy #01600942,Moderna - Ages 6 months through 11 years,(614) 488-4062,www.krogerhealth.com,https://www.kroger.com/i/coronavirus-update/vaccine,1375 CHAMBERS RD,COLUMBUS,43212,Franklin County
39.935695,-84.025769,"CVS Pharmacy, Inc. #03457",Pfizer-BioNTech - Ages 12 years and older,(937) 845-3848,https://www.cvs.com/store-locator/details-directions/003457,https://www.cvs.com/immunizations/covid-19-vaccine,201 SOUTH MAIN ST.,NEW CARLISLE,45344,Clark County
39.161572,-84.427934,Meijer #224,Moderna - Ages 6 months through 11 years,513-458-2464,https://www.meijer.com/services/pharmacy.html,https://rx.meijer.com/appt/SV0001,3195 Geier Drive,Cincinnati,45209,Hamilton County
41.356748,-81.682089,Meijer #321,Moderna - Ages 6 months through 11 years,216-238-3720,https://www.meijer.com/services/pharmacy.html,https://rx.meijer.com/appt/SV0001,7701 Broadview Rd,Seven Hills,44131,Cuyahoga County
40.086808,-83.08984,Sams Club #10-6242,Pfizer-BioNTech - Ages 12 years and older,6147607771,https://www.samsclub.com/club/6242,https://www.samsclub.com/pharmacy/immunization?imzType=covid,5870 Sawmill Rd,Dublin,43017-1589,Franklin County
41.276016,-81.784399,"CVS Pharmacy, Inc. #04057",Moderna - Ages 6 months through 11 years,(330) 225-8458,https://www.cvs.com/store-locator/details-directions/004057,https://www.cvs.com/immunizations/covid-19-vaccine,9 WEST 130TH STREET,HINCKLEY,44233,Medina County
41.237652,-80.765694,Rite Aid #RA104605,Pfizer-BioNTech - Ages 12 years and older,330-856-1794,https://www.riteaid.com,https://www.riteaid.com/pharmacy/scheduler,4205 EAST MARKET STREET,WARREN,44484-2246,Trumbull County
40.810255,-82.946291,Walmart Inc #10-2613,Moderna - Ages 6 months through 11 years,4195628101,https://www.walmart.com/store/2613,https://www.walmart.com/pharmacy/clinical-services/immunization/scheduled?imzType=covid,1875 E Mansfield St,Bucyrus,44820-2075,Crawford County
41.676421,-83.625864000000007,Costco Wholesale Corporation #1007,Moderna - Ages 6 months through 11 years,(419)-381-5009,https://www.costco.com/pharmacy/adult-immunization-program.html,https://www.costco.com/pharmacy/adult-immunization-program.html,3405 WEST CENTRAL AVE,TOLEDO,43606,Lucas County
39.031749,-82.621838,Walmart Inc #10-1519,Moderna - Ages 6 months through 11 years,7402882700,https://www.walmart.com/store/1519,https://www.walmart.com/pharmacy/clinical-services/immunization/scheduled?imzType=covid,100 Walmart Dr,Jackson,45640-8692,Jackson County
41.458748,-81.085501,Walmart Inc #10-5387,Moderna - Ages 12 years and older,4406320383,https://www.walmart.com/store/5387,https://www.walmart.com/pharmacy/clinical-services/immunization/scheduled?imzType=covid,15050 S Springdale Ave,Middlefield,44062-9211,Geauga County
41.276016,-81.784399,"CVS Pharmacy, Inc. #04057",Novavax - Ages 12 years and older,(330) 225-8458,https://www.cvs.com/store-locator/details-directions/004057,https://www.cvs.com/immunizations/covid-19-vaccine,9 WEST 130TH STREET,HINCKLEY,44233,Medina County
39.659388,-84.158576,"CVS Pharmacy, Inc. #04401",Novavax - Ages 12 years and older,(937) 438-5954,https://www.cvs.com/store-locator/details-directions/004401,https://www.cvs.com/immunizations/covid-19-vaccine,5981 FAR HILLS AVENUE,DAYTON,45429,Montgomery County
41.385182,-81.640453,"CVS Pharmacy, Inc. #04208",Novavax - Ages 12 years and older,(216) 447-0990,https://www.cvs.com/store-locator/details-directions/004208,https://www.cvs.com/immunizations/covid-19-vaccine,6527 BRECKSVILLE RD,INDEPENDENCE,44131,Cuyahoga County
41.520274,-81.496115,"CVS Pharmacy, Inc. #04499",Moderna - Ages 6 months through 11 years,(216) 381-4300,https://www.cvs.com/store-locator/details-directions/004499,https://www.cvs.com/immunizations/covid-19-vaccine,1443 RICHMOND RD.,LYNDHURST,44124,Cuyahoga County
41.707048,-83.603494,Rite Aid #RA102340,Moderna - Ages 6 months through 11 years,419-473-1221,https://www.riteaid.com,https://www.riteaid.com/pharmacy/scheduler,2434 WEST LASKEY ROAD,TOLEDO,43613-3504,Lucas County
41.128549,-81.609302,Rite Aid #RA103144,Pfizer-BioNTech - Ages 12 years and older,330-867-8492,https://www.riteaid.com,https://www.riteaid.com/pharmacy/scheduler,2975 WEST MARKET STREET,FAIRLAWN,44333-3606,Summit County
38.964655,-84.087814,"CVS Pharmacy, Inc. #05431",Novavax - Ages 12 years and older,(513) 734-6242,https://www.cvs.com/store-locator/details-directions/005431,https://www.cvs.com/immunizations/covid-19-vaccine,592 WEST PLANE STREET,BETHEL,45106,Clermont County
39.296376,-84.389838,Kroger Pharmacy #01400429,Moderna - Ages 12 years and older,(513) 733-4945,www.krogerhealth.com,https://www.kroger.com/i/coronavirus-update/vaccine,12164 LEBANON RD,CINCINNATI,45241,Hamilton County
39.956011,-82.877311,"CVS Pharmacy, Inc. #06946",Novavax - Ages 12 years and older,(614) 235-7076,https://www.cvs.com/store-locator/details-directions/006946,https://www.cvs.com/immunizations/covid-19-vaccine,4548 E. MAIN ST.,WHITEHALL,43213,Franklin County
41.458748,-81.085501,Walmart Inc #10-5387,Moderna - Ages 6 months through 11 years,4406320383,https://www.walmart.com/store/5387,https://www.walmart.com/pharmacy/clinical-services/immunization/scheduled?imzType=covid,15050 S Springdale Ave,Middlefield,44062-9211,Geauga County
40.006409,-82.664041,Kroger Pharmacy #01600591,Pfizer-BioNTech - Ages 5 through 11 years,(740) 964-5105,www.krogerhealth.com,https://www.kroger.com/i/coronavirus-update/vaccine,350 E BROAD ST,PATASKALA,43062,Licking County
39.705486,-84.170929,"CVS Pharmacy, Inc. #02528",Moderna - Ages 12 years and older,(937) 395-4681,https://www.cvs.com/store-locator/details-directions/002528,https://www.cvs.com/immunizations/covid-19-vaccine,2801 FAR HILLS AVE.,OAKWOOD,45419,Montgomery County
39.614075,-84.1593,Rite Aid #RA100119,Moderna - Ages 12 years and older,937-433-4909,https://www.riteaid.com,https://www.riteaid.com/pharmacy/scheduler,898 SOUTH MAIN STREET,CENTERVILLE,45458-3439,Montgomery County
39.456303,-84.173611,Walmart Inc #10-1407,Pfizer-BioNTech - Ages 12 years and older,5139324236,https://www.walmart.com/store/1407,https://www.walmart.com/pharmacy/clinical-services/immunization/scheduled?imzType=covid,1530 Walmart Dr,Lebanon,45036-7342,Warren County
39.854162,-82.899388,Kroger Pharmacy #01600861,Moderna - Ages 6 months through 11 years,(614) 830-2015,www.krogerhealth.com,https://www.kroger.com/i/coronavirus-update/vaccine,6011 GROVEPORT RD,GROVEPORT,43125,Franklin County
41.020624,-80.646392,"CVS Pharmacy, Inc. #16795",Novavax - Ages 12 years and older,(330) 758-5930,https://www.cvs.com/store-locator/details-directions/016795,https://www.cvs.com/immunizations/covid-19-vaccine,417 BOARDMAN POLAND RD,BOARDMAN,44512,Mahoning County
39.750002,-84.257742,"CVS Pharmacy, Inc. #03462",Novavax - Ages 12 years and older,(937) 268-6816,https://www.cvs.com/store-locator/details-directions/003462,https://www.cvs.com/immunizations/covid-19-vaccine,4329 WEST 3RD ST,DAYTON,45417,Montgomery County
41.158873,-81.440891,"CVS Pharmacy, Inc. #03360",Pfizer-BioNTech - Ages 5 through 11 years,(330) 688-6031,https://www.cvs.com/store-locator/details-directions/003360,https://www.cvs.com/immunizations/covid-19-vaccine,3352 KENT ROAD,STOW,44224,Summit County
41.084681,-81.442044,"CVS Pharmacy, Inc. #04333",Pfizer-BioNTech - Ages 5 through 11 years,(330) 630-9066,https://www.cvs.com/store-locator/details-directions/004333,https://www.cvs.com/immunizations/covid-19-vaccine,2091 EASTWOOD AVENUE,AKRON,44305,Summit County
39.479846,-84.420877,Kroger Pharmacy #01400335,Pfizer-BioNTech - Ages 5 through 11 years,(513) 423-7097,www.krogerhealth.com,https://www.kroger.com/i/coronavirus-update/vaccine,428 OXFORD STATE RD,MIDDLETOWN,45044,Butler County
39.45393,-84.181427,Kroger Pharmacy #01400447,Pfizer-BioNTech - Ages 12 years and older,(513) 228-7370,www.krogerhealth.com,https://www.kroger.com/i/coronavirus-update/vaccine,1425 COLUMBUS AVE,LEBANON,45036,Warren County
40.720125,-82.547666,Kroger Pharmacy #01600836,Moderna - Ages 6 months through 11 years,(419) 756-7023,www.krogerhealth.com,https://www.kroger.com/i/coronavirus-update/vaccine,1500 LEXINGTON AVE,MANSFIELD,44907,Richland County
39.971854,-82.903255,Kroger Pharmacy #01600897,Pfizer-BioNTech - Ages 12 years and older,(614) 239-0404,www.krogerhealth.com,https://www.kroger.com/i/coronavirus-update/vaccine,3675 E BROAD ST,WHITEHALL,43213,Franklin County
40.142577,-83.095018,"CVS Pharmacy, Inc. #17666",Moderna - Ages 6 months through 11 years,(614) 356-4367,https://www.cvs.com/store-locator/details-directions/017666,https://www.cvs.com/immunizations/covid-19-vaccine,10560 SAWMILL PKWY,POWELL,43065,Delaware County
39.425405,-84.593666,Kroger Pharmacy #01400909,Pfizer-BioNTech - Ages 5 through 11 years,(513) 868-6578,www.krogerhealth.com,https://www.kroger.com/i/coronavirus-update/vaccine,1474 MAIN ST,HAMILTON,45013,Butler County
39.892009,-82.041395,Walmart Inc #10-3581,Moderna - Ages 6 months through 11 years,7404523282,https://www.walmart.com/store/3581,https://www.walmart.com/pharmacy/clinical-services/immunization/scheduled?imzType=covid,2850 Maysville Pike,Zanesville,43701-8577,Muskingum County
41.050583,-80.616324,Rite Aid #RA103147,Pfizer-BioNTech - Ages 12 years and older,330-755-2421,https://www.riteaid.com,https://www.riteaid.com/pharmacy/scheduler,4914 YOUNGSTOWN-POLAND ROAD,YOUNGSTOWN,44514-1152,Mahoning County
41.159057,-81.404852,Meijer #307,Moderna - Ages 12 years and older,234-900-5710,https://www.meijer.com/services/pharmacy.html,https://rx.meijer.com/appt/SV0001,4303 Kent Rd,Stow,44224,Summit County
39.56246,-84.302013,"CVS Pharmacy, Inc. #06136",Novavax - Ages 12 years and older,(937) 746-4849,https://www.cvs.com/store-locator/details-directions/006136,https://www.cvs.com/immunizations/covid-19-vaccine,150 SOUTH MAIN STREET,FRANKLIN,45005,Warren County
40.141983,-84.264694,Kroger Pharmacy #01400932,Moderna - Ages 6 months through 11 years,(937) 615-7020,www.krogerhealth.com,https://www.kroger.com/i/coronavirus-update/vaccine,1508 COVINGTON AVE,PIQUA,45356,Miami County
39.534163,-83.445847,Kroger Pharmacy #01600822,Moderna - Ages 6 months through 11 years,(740) 335-4062,www.krogerhealth.com,https://www.kroger.com/i/coronavirus-update/vaccine,548 CLINTON AVE,WASHINGTON COURT HOUSE,43160,Fayette County
39.100307,-84.263263,"CVS Pharmacy, Inc. #07790",Novavax - Ages 12 years and older,(513) 943-2801,https://www.cvs.com/store-locator/details-directions/007790,https://www.cvs.com/immunizations/covid-19-vaccine,947 CINCINNATI BATAVIA PIKE,CINCINNATI,45245,Clermont County
39.724622,-84.151840000000007,Rite Aid #RA104825,Moderna - Ages 12 years and older,937-252-9894,https://www.riteaid.com,https://www.riteaid.com/pharmacy/scheduler,1158 WILMINGTON AVENUE,DAYTON,45420-1662,Montgomery County
40.002615,-83.13952,"CVS Pharmacy, Inc. #02540",Pfizer-BioNTech - Ages 5 through 11 years,(614) 850-2407,https://www.cvs.com/store-locator/details-directions/002540,https://www.cvs.com/immunizations/covid-19-vaccine,4961 ROBERTS ROAD,HILLIARD,43026,Franklin County
41.100133,-80.76327,Rite Aid #RA100911,Pfizer-BioNTech - Ages 12 years and older,330-793-4409,https://www.riteaid.com,https://www.riteaid.com/pharmacy/scheduler,5498 MAHONING AVENUE,YOUNGSTOWN,44515-2418,Mahoning County
41.374435,-83.648187,"CVS Pharmacy, Inc. #10248",Novavax - Ages 12 years and older,(419) 352-3119,https://www.cvs.com/store-locator/details-directions/010248,https://www.cvs.com/immunizations/covid-19-vaccine,212 E. WOOSTER ST.,BOWLING GREEN,43402,Wood County
39.354624,-82.974266,Kroger Pharmacy #01600348,Pfizer-BioNTech - Ages 12 years and older,(740) 775-8467,www.krogerhealth.com,https://www.kroger.com/i/coronavirus-update/vaccine,887 N BRIDGE ST,CHILLICOTHE,45601,Ross County
41.729283,-81.24251,Rite Aid #RA103195,Pfizer-BioNTech - Ages 12 years and older,440-352-0627,https://www.riteaid.com,https://www.riteaid.com/pharmacy/scheduler,180 NORTH STATE STREET,PAINESVILLE,44077-3940,Lake County
40.580226,-83.101179,Rite Aid #RA100256,Moderna - Ages 12 years and older,740-389-2700,https://www.riteaid.com,https://www.riteaid.com/pharmacy/scheduler,1081 MOUNT VERNON AVENUE,MARION,43302-5643,Marion County
40.374434,-80.704334,Kroger Pharmacy #01600963,Pfizer-BioNTech - Ages 12 years and older,(740) 264-5030,www.krogerhealth.com,https://www.kroger.com/i/coronavirus-update/vaccine,858 MAIN ST,WINTERSVILLE,43953,Jefferson County
40.87879,-81.437036,Sams Club #10-6317,Moderna - Ages 12 years and older,3304975295,https://www.samsclub.com/club/6317,https://www.samsclub.com/pharmacy/immunization?imzType=covid,4790 Portage St NW,North Canton,44720-7245,Stark County
41.340379,-81.439015,"CVS Pharmacy, Inc. #04437",Pfizer-BioNTech - Ages 5 through 11 years,(330) 425-4300,https://www.cvs.com/store-locator/details-directions/004437,https://www.cvs.com/immunizations/covid-19-vaccine,10085 DARROW ROAD,TWINSBURG,44087,Summit County
39.305315,-84.527149,Meijer #159,Moderna - Ages 6 months through 11 years,513-881-0110,https://www.meijer.com/services/pharmacy.html,https://rx.meijer.com/appt/SV0001,6325 S Gilmore Rd,Fairfield,45014,Butler County
40.032033,-83.017708,Kroger Pharmacy #01600971,Pfizer-BioNTech - Ages 12 years and older,(614) 263-1796,www.krogerhealth.com,https://www.kroger.com/i/coronavirus-update/vaccine,3417 N HIGH ST,COLUMBUS,43214,Franklin County
40.847623,-81.941547,Walmart Inc #10-1812,Pfizer-BioNTech - Ages 12 years and older,3303458955,https://www.walmart.com/store/1812,https://www.walmart.com/pharmacy/clinical-services/immunization/scheduled?imzType=covid,3883 Burbank Rd,Wooster,44691-7220,Wayne County
41.420033,-81.89449,"CVS Pharmacy, Inc. #17109",Novavax - Ages 12 years and older,(440) 414-0010,https://www.cvs.com/store-locator/details-directions/017109,https://www.cvs.com/immunizations/covid-19-vaccine,24646 BROOKPARK RD,NORTH OLMSTED,44070,Cuyahoga County
39.15327,-84.431422,"CVS Pharmacy, Inc. #06095",Pfizer-BioNTech - Ages 5 through 11 years,(513) 321-9980,https://www.cvs.com/store-locator/details-directions/006095,https://www.cvs.com/immunizations/covid-19-vaccine,3086 MADISON RD.,CINCINNATI,45209,Hamilton County
39.128406,-84.597147,Walmart Inc #10-2447,Moderna - Ages 6 months through 11 years,5139228881,https://www.walmart.com/store/2447,https://www.walmart.com/pharmacy/clinical-services/immunization/scheduled?imzType=covid,2322 Ferguson Rd,Cincinnati,45238-3503,Hamilton County
41.305122,-84.364391,Walmart Inc #10-5385,Moderna - Ages 12 years and older,4197842390,https://www.walmart.com/store/5385,https://www.walmart.com/pharmacy/clinical-services/immunization/scheduled?imzType=covid,1804 N Clinton St,Defiance,43512-8556,Defiance County
38.757523,-82.990469,"CVS Pharmacy, Inc. #07777",Novavax - Ages 12 years and older,(740) 355-3568,https://www.cvs.com/store-locator/details-directions/007777,https://www.cvs.com/immunizations/covid-19-vaccine,2812 SCIOTO TRAIL,PORTSMOUTH,45662,Scioto County
40.006339,-83.008986,"CVS Pharmacy, Inc. #02518",Moderna - Ages 6 months through 11 years,(614) 294-2105,https://www.cvs.com/store-locator/details-directions/002518,https://www.cvs.com/immunizations/covid-19-vaccine,2160 N. HIGH ST.,COLUMBUS,43201,Franklin County
39.959996,-84.185588,"CVS Pharmacy, Inc. #03476",Novavax - Ages 12 years and older,(937) 667-8428,https://www.cvs.com/store-locator/details-directions/003476,https://www.cvs.com/immunizations/covid-19-vaccine,914 W. MAIN ST.,TIPP CITY,45371,Miami County
40.583842,-83.08831,Walmart Inc #10-1750,Pfizer-BioNTech - Ages 12 years and older,7403893404,https://www.walmart.com/store/1750,https://www.walmart.com/pharmacy/clinical-services/immunization/scheduled?imzType=covid,1546 Marion Mount Gilead Rd,Marion,43302-5820,Marion County
41.40538,-81.709847,Rite Aid #RA103053,Pfizer-BioNTech - Ages 12 years and older,440-884-3549,https://www.riteaid.com,https://www.riteaid.com/pharmacy/scheduler,5795 STATE ROAD,PARMA,44134-2541,Cuyahoga County
39.261415,-84.27298,Kroger Pharmacy #01400413,Moderna - Ages 12 years and older,(513) 677-3400,www.krogerhealth.com,https://www.kroger.com/i/coronavirus-update/vaccine,800 LOVELAND MADEIRA RD,LOVELAND,45140,Hamilton County
39.336989,-82.078584,"CVS Pharmacy, Inc. #06184",Novavax - Ages 12 years and older,(740) 593-8501,https://www.cvs.com/store-locator/details-directions/006184,https://www.cvs.com/immunizations/covid-19-vaccine,555 E. STATE ST.,ATHENS,45701,Athens County
41.546837,-83.589448,Meijer #211,Moderna - Ages 12 years and older,419-873-4110,https://www.meijer.com/services/pharmacy.html,https://rx.meijer.com/appt/SV0001,10055 Olde US 20,Rossford,43460,Wood County
41.023651,-80.673005,Rite Aid #RA103123,Pfizer-BioNTech - Ages 12 years and older,330-758-2824,https://www.riteaid.com,https://www.riteaid.com/pharmacy/scheduler,307 BOARDMAN-CANFIELD RD,YOUNGSTOWN,44512-4702,Mahoning County
39.292729,-84.292634,Meijer #150,Moderna - Ages 12 years and older,513-583-2110,https://www.meijer.com/services/pharmacy.html,https://rx.meijer.com/appt/SV0001,3911 W SR-22-3,Loveland,45140,Warren County
39.993774,-83.027578,"CVS Pharmacy, Inc. #16443",Novavax - Ages 12 years and older,(614) 298-1078,https://www.cvs.com/store-locator/details-directions/016443,https://www.cvs.com/immunizations/covid-19-vaccine,1717 OLENTANGY RIVER RD,COLUMBUS,43212,Franklin County
40.786938,-80.774741,Rite Aid #RA102418,Pfizer-BioNTech - Ages 12 years and older,330-424-7743,https://www.riteaid.com,https://www.riteaid.com/pharmacy/scheduler,7844 STATE ROUTE 45,LISBON,44432-9396,Columbiana County
41.417836,-81.89669,Walmart Inc #10-2316,Moderna - Ages 12 years and older,4409799234,https://www.walmart.com/store/2316,https://www.walmart.com/pharmacy/clinical-services/immunization/scheduled?imzType=covid,24801 Brookpark Rd,North Olmsted,44070-3487,Cuyahoga County
40.620312,-80.576349,Rite Aid #RA103060,Moderna - Ages 6 months through 11 years,330-386-6210,https://www.riteaid.com,https://www.riteaid.com/pharmacy/scheduler,614 BRADSHAW AVENUE,EAST LIVERPOOL,43920-3240,Columbiana County
41.458114,-81.689142,"CVS Pharmacy, Inc. #17305",Moderna - Ages 12 years and older,(216) 325-1108,https://www.cvs.com/store-locator/details-directions/017305,https://www.cvs.com/immunizations/covid-19-vaccine,3535 STEELYARD DR,CLEVELAND,44109,Cuyahoga County
39.909091,-83.429335,Walmart Inc #10-5203,Moderna - Ages 6 months through 11 years,7408521507,https://www.walmart.com/store/5203,https://www.walmart.com/pharmacy/clinical-services/immunization/scheduled?imzType=covid,375 Lafayette St,London,43140-9326,Madison County
39.937092,-83.835784,Kroger Pharmacy #01400832,Pfizer-BioNTech - Ages 12 years and older,(937) 323-0282,www.krogerhealth.com,https://www.kroger.com/i/coronavirus-update/vaccine,965 N BECHTLE AVE,SPRINGFIELD,45504,Clark County
40.89398,-83.890935,"CVS Pharmacy, Inc. #11213",Novavax - Ages 12 years and older,(419) 369-4019,https://www.cvs.com/store-locator/details-directions/011213,https://www.cvs.com/immunizations/covid-19-vaccine,126 N. MAIN STREET,BLUFFTON,45817,Allen County
40.729764,-81.106867,Rite Aid #RA102398,Pfizer-BioNTech - Ages 12 years and older,330-868-4171,https://www.riteaid.com,https://www.riteaid.com/pharmacy/scheduler,300 EAST LINCOLN WAY,MINERVA,44657-8927,Stark County
40.68598,-84.151675,Rite Aid #RA103580,Moderna - Ages 12 years and older,419-991-2867,https://www.riteaid.com,https://www.riteaid.com/pharmacy/scheduler,3710 SHAWNEE ROAD,LIMA,45806-1619,Allen County
41.585388,-81.226767,Walmart Inc #10-3293,Pfizer-BioNTech - Ages 12 years and older,4402862250,https://www.walmart.com/store/3293,https://www.walmart.com/pharmacy/clinical-services/immunization/scheduled?imzType=covid,223 Meadowlands Dr,Chardon,44024-8366,Geauga County
39.800722,-84.193497,Rite Aid #RA103134,Pfizer-BioNTech - Ages 12 years and older,937-275-7032,https://www.riteaid.com,https://www.riteaid.com/pharmacy/scheduler,3700 NORTH DIXIE DRIVE,DAYTON,45414-5235,Montgomery County
41.579474,-83.666924,Meijer #115,Moderna - Ages 6 months through 11 years,419-891-8710,https://www.meijer.com/services/pharmacy.html,https://rx.meijer.com/appt/SV0001,1391 Conant Street,Maumee,43537,Lucas County
41.051456,-81.392626,"CVS Pharmacy, Inc. #03090",Novavax - Ages 12 years and older,(330) 628-1717,https://www.cvs.com/store-locator/details-directions/003090,https://www.cvs.com/immunizations/covid-19-vaccine,3 NORTH CLEVELAND AVE.,MOGADORE,44260,Portage County
38.428292,-82.453576,"CVS Pharmacy, Inc. #03403",Novavax - Ages 12 years and older,(740) 867-3123,https://www.cvs.com/store-locator/details-directions/003403,https://www.cvs.com/immunizations/covid-19-vaccine,219 THIRD AVENUE,CHESAPEAKE,45619,Lawrence County
40.085192,-82.429909,Walmart Inc #10-3580,Moderna - Ages 6 months through 11 years,7403649090,https://www.walmart.com/store/3580,https://www.walmart.com/pharmacy/clinical-services/immunization/scheduled?imzType=covid,1315 N 21St St,Newark,43055-3090,Licking County
41.484494,-81.589514,"CVS Pharmacy, Inc. #04350",Novavax - Ages 12 years and older,(216) 991-3904,https://www.cvs.com/store-locator/details-directions/004350,https://www.cvs.com/immunizations/covid-19-vaccine,13215 SHAKER SQUARE,CLEVELAND,44120,Cuyahoga County
41.691137,-83.624118,Rite Aid #RA106683,Moderna - Ages 12 years and older,419-472-8027,https://www.riteaid.com,https://www.riteaid.com/pharmacy/scheduler,3911 SECOR ROAD,TOLEDO,43623-4404,Lucas County
