Urban rural status,date,N_vaccinated,population,Vaccination rate
Large central metro,2020-12-14,0,3361980,0
Large fringe metro,2020-12-14,0,2472283,0
Medium metro,2020-12-14,0,2998590,0
Micropolitan,2020-12-14,0,1903516,0
Non-core,2020-12-14,0,447279,0
Small metro,2020-12-14,0,491627,0
Large central metro,2020-12-15,1,3361980,0
Large fringe metro,2020-12-15,2,2472283,1e-4
Medium metro,2020-12-15,1,2998590,0
Micropolitan,2020-12-15,0,1903516,0
Non-core,2020-12-15,0,447279,0
Small metro,2020-12-15,0,491627,0
Large central metro,2020-12-16,2,3361980,1e-4
Large fringe metro,2020-12-16,2,2472283,1e-4
Medium metro,2020-12-16,1,2998590,0
Micropolitan,2020-12-16,1,1903516,1e-4
Non-core,2020-12-16,0,447279,0
Small metro,2020-12-16,0,491627,0
Large central metro,2020-12-17,2,3361980,1e-4
Large fringe metro,2020-12-17,2,2472283,1e-4
Medium metro,2020-12-17,1,2998590,0
Micropolitan,2020-12-17,1,1903516,1e-4
Non-core,2020-12-17,0,447279,0
Small metro,2020-12-17,0,491627,0
Large central metro,2020-12-18,2,3361980,1e-4
Large fringe metro,2020-12-18,2,2472283,1e-4
Medium metro,2020-12-18,1,2998590,0
Micropolitan,2020-12-18,1,1903516,1e-4
Non-core,2020-12-18,0,447279,0
Small metro,2020-12-18,0,491627,0
Large central metro,2020-12-19,2,3361980,1e-4
Large fringe metro,2020-12-19,2,2472283,1e-4
Medium metro,2020-12-19,1,2998590,0
Micropolitan,2020-12-19,1,1903516,1e-4
Non-core,2020-12-19,1,447279,2e-4
Small metro,2020-12-19,0,491627,0
Large central metro,2020-12-20,3,3361980,1e-4
Large fringe metro,2020-12-20,2,2472283,1e-4
Medium metro,2020-12-20,1,2998590,0
Micropolitan,2020-12-20,1,1903516,1e-4
Non-core,2020-12-20,1,447279,2e-4
Small metro,2020-12-20,0,491627,0
Large central metro,2020-12-21,5,3361980,1e-4
Large fringe metro,2020-12-21,2,2472283,1e-4
Medium metro,2020-12-21,3,2998590,1e-4
Micropolitan,2020-12-21,1,1903516,1e-4
Non-core,2020-12-21,1,447279,2e-4
Small metro,2020-12-21,0,491627,0
Large central metro,2020-12-22,8,3361980,2e-4
Large fringe metro,2020-12-22,2,2472283,1e-4
Medium metro,2020-12-22,8,2998590,3e-4
Micropolitan,2020-12-22,1,1903516,1e-4
Non-core,2020-12-22,1,447279,2e-4
Small metro,2020-12-22,1,491627,2e-4
Large central metro,2020-12-23,12,3361980,4e-4
Large fringe metro,2020-12-23,2,2472283,1e-4
Medium metro,2020-12-23,17,2998590,6e-4
Micropolitan,2020-12-23,4,1903516,2e-4
Non-core,2020-12-23,5,447279,0.0011
Small metro,2020-12-23,8,491627,0.0016
Large central metro,2020-12-24,15,3361980,4e-4
Large fringe metro,2020-12-24,2,2472283,1e-4
Medium metro,2020-12-24,18,2998590,6e-4
Micropolitan,2020-12-24,4,1903516,2e-4
Non-core,2020-12-24,5,447279,0.0011
Small metro,2020-12-24,12,491627,0.0024
Large central metro,2020-12-25,15,3361980,4e-4
Large fringe metro,2020-12-25,3,2472283,1e-4
Medium metro,2020-12-25,18,2998590,6e-4
Micropolitan,2020-12-25,5,1903516,3e-4
Non-core,2020-12-25,5,447279,0.0011
Small metro,2020-12-25,12,491627,0.0024
Large central metro,2020-12-26,15,3361980,4e-4
Large fringe metro,2020-12-26,5,2472283,2e-4
Medium metro,2020-12-26,24,2998590,8e-4
Micropolitan,2020-12-26,6,1903516,3e-4
Non-core,2020-12-26,7,447279,0.0016
Small metro,2020-12-26,12,491627,0.0024
Large central metro,2020-12-27,16,3361980,5e-4
Large fringe metro,2020-12-27,6,2472283,2e-4
Medium metro,2020-12-27,27,2998590,9e-4
Micropolitan,2020-12-27,10,1903516,5e-4
Non-core,2020-12-27,7,447279,0.0016
Small metro,2020-12-27,15,491627,0.0031
Large central metro,2020-12-28,32,3361980,0.001
Large fringe metro,2020-12-28,16,2472283,6e-4
Medium metro,2020-12-28,43,2998590,0.0014
Micropolitan,2020-12-28,21,1903516,0.0011
Non-core,2020-12-28,10,447279,0.0022
Small metro,2020-12-28,17,491627,0.0035
Large central metro,2020-12-29,41,3361980,0.0012
Large fringe metro,2020-12-29,24,2472283,0.001
Medium metro,2020-12-29,61,2998590,0.002
Micropolitan,2020-12-29,31,1903516,0.0016
Non-core,2020-12-29,13,447279,0.0029
Small metro,2020-12-29,18,491627,0.0037
Large central metro,2020-12-30,50,3361980,0.0015
Large fringe metro,2020-12-30,32,2472283,0.0013
Medium metro,2020-12-30,83,2998590,0.0028
Micropolitan,2020-12-30,43,1903516,0.0023
Non-core,2020-12-30,16,447279,0.0036
Small metro,2020-12-30,36,491627,0.0073
Large central metro,2020-12-31,62,3361980,0.0018
Large fringe metro,2020-12-31,49,2472283,0.002
Medium metro,2020-12-31,89,2998590,0.003
Micropolitan,2020-12-31,44,1903516,0.0023
Non-core,2020-12-31,17,447279,0.0038
Small metro,2020-12-31,49,491627,0.01
Large central metro,2021-01-01,93,3361980,0.0028
Large fringe metro,2021-01-01,81,2472283,0.0033
Medium metro,2021-01-01,158,2998590,0.0053
Micropolitan,2021-01-01,96,1903516,0.005
Non-core,2021-01-01,22,447279,0.0049
Small metro,2021-01-01,56,491627,0.0114
Large central metro,2021-01-02,118,3361980,0.0035
Large fringe metro,2021-01-02,97,2472283,0.0039
Medium metro,2021-01-02,182,2998590,0.0061
Micropolitan,2021-01-02,105,1903516,0.0055
Non-core,2021-01-02,23,447279,0.0051
Small metro,2021-01-02,56,491627,0.0114
Large central metro,2021-01-03,140,3361980,0.0042
Large fringe metro,2021-01-03,102,2472283,0.0041
Medium metro,2021-01-03,198,2998590,0.0066
Micropolitan,2021-01-03,110,1903516,0.0058
Non-core,2021-01-03,24,447279,0.0054
Small metro,2021-01-03,58,491627,0.0118
Large central metro,2021-01-04,211,3361980,0.0063
Large fringe metro,2021-01-04,181,2472283,0.0073
Medium metro,2021-01-04,280,2998590,0.0093
Micropolitan,2021-01-04,156,1903516,0.0082
Non-core,2021-01-04,34,447279,0.0076
Small metro,2021-01-04,65,491627,0.0132
Large central metro,2021-01-05,744,3361980,0.0221
Large fringe metro,2021-01-05,429,2472283,0.0174
Medium metro,2021-01-05,541,2998590,0.018
Micropolitan,2021-01-05,294,1903516,0.0154
Non-core,2021-01-05,47,447279,0.0105
Small metro,2021-01-05,130,491627,0.0264
Large central metro,2021-01-06,1387,3361980,0.0413
Large fringe metro,2021-01-06,735,2472283,0.0297
Medium metro,2021-01-06,1083,2998590,0.0361
Micropolitan,2021-01-06,563,1903516,0.0296
Non-core,2021-01-06,78,447279,0.0174
Small metro,2021-01-06,305,491627,0.062
Large central metro,2021-01-07,2072,3361980,0.0616
Large fringe metro,2021-01-07,1021,2472283,0.0413
Medium metro,2021-01-07,1659,2998590,0.0553
Micropolitan,2021-01-07,805,1903516,0.0423
Non-core,2021-01-07,117,447279,0.0262
Small metro,2021-01-07,464,491627,0.0944
Large central metro,2021-01-08,3098,3361980,0.0921
Large fringe metro,2021-01-08,1545,2472283,0.0625
Medium metro,2021-01-08,2611,2998590,0.0871
Micropolitan,2021-01-08,1540,1903516,0.0809
Non-core,2021-01-08,189,447279,0.0423
Small metro,2021-01-08,665,491627,0.1353
Large central metro,2021-01-09,3307,3361980,0.0984
Large fringe metro,2021-01-09,1624,2472283,0.0657
Medium metro,2021-01-09,2714,2998590,0.0905
Micropolitan,2021-01-09,1569,1903516,0.0824
Non-core,2021-01-09,201,447279,0.0449
Small metro,2021-01-09,716,491627,0.1456
Large central metro,2021-01-10,3366,3361980,0.1001
Large fringe metro,2021-01-10,1657,2472283,0.067
Medium metro,2021-01-10,2753,2998590,0.0918
Micropolitan,2021-01-10,1581,1903516,0.0831
Non-core,2021-01-10,201,447279,0.0449
Small metro,2021-01-10,728,491627,0.1481
Large central metro,2021-01-11,5396,3361980,0.1605
Large fringe metro,2021-01-11,2699,2472283,0.1092
Medium metro,2021-01-11,4658,2998590,0.1553
Micropolitan,2021-01-11,2513,1903516,0.132
Non-core,2021-01-11,292,447279,0.0653
Small metro,2021-01-11,998,491627,0.203
Large central metro,2021-01-12,7666,3361980,0.228
Large fringe metro,2021-01-12,3758,2472283,0.152
Medium metro,2021-01-12,6376,2998590,0.2126
Micropolitan,2021-01-12,3316,1903516,0.1742
Non-core,2021-01-12,394,447279,0.0881
Small metro,2021-01-12,1400,491627,0.2848
Large central metro,2021-01-13,9618,3361980,0.2861
Large fringe metro,2021-01-13,4478,2472283,0.1811
Medium metro,2021-01-13,8210,2998590,0.2738
Micropolitan,2021-01-13,4626,1903516,0.243
Non-core,2021-01-13,547,447279,0.1223
Small metro,2021-01-13,1570,491627,0.3193
Large central metro,2021-01-14,10253,3361980,0.305
Large fringe metro,2021-01-14,5050,2472283,0.2043
Medium metro,2021-01-14,8936,2998590,0.298
Micropolitan,2021-01-14,5098,1903516,0.2678
Non-core,2021-01-14,594,447279,0.1328
Small metro,2021-01-14,1705,491627,0.3468
Large central metro,2021-01-15,10924,3361980,0.3249
Large fringe metro,2021-01-15,5428,2472283,0.2196
Medium metro,2021-01-15,9246,2998590,0.3083
Micropolitan,2021-01-15,5400,1903516,0.2837
Non-core,2021-01-15,643,447279,0.1438
Small metro,2021-01-15,1750,491627,0.356
Large central metro,2021-01-16,11581,3361980,0.3445
Large fringe metro,2021-01-16,6052,2472283,0.2448
Medium metro,2021-01-16,9898,2998590,0.3301
Micropolitan,2021-01-16,5834,1903516,0.3065
Non-core,2021-01-16,670,447279,0.1498
Small metro,2021-01-16,1861,491627,0.3785
Large central metro,2021-01-17,12262,3361980,0.3647
Large fringe metro,2021-01-17,6504,2472283,0.2631
Medium metro,2021-01-17,10455,2998590,0.3487
Micropolitan,2021-01-17,6303,1903516,0.3311
Non-core,2021-01-17,830,447279,0.1856
Small metro,2021-01-17,1898,491627,0.3861
Large central metro,2021-01-18,14011,3361980,0.4167
Large fringe metro,2021-01-18,8301,2472283,0.3358
Medium metro,2021-01-18,12132,2998590,0.4046
Micropolitan,2021-01-18,7759,1903516,0.4076
Non-core,2021-01-18,1152,447279,0.2576
Small metro,2021-01-18,2294,491627,0.4666
Large central metro,2021-01-19,17302,3361980,0.5146
Large fringe metro,2021-01-19,10245,2472283,0.4144
Medium metro,2021-01-19,14912,2998590,0.4973
Micropolitan,2021-01-19,9486,1903516,0.4983
Non-core,2021-01-19,1641,447279,0.3669
Small metro,2021-01-19,2567,491627,0.5221
Large central metro,2021-01-20,22278,3361980,0.6626
Large fringe metro,2021-01-20,14089,2472283,0.5699
Medium metro,2021-01-20,19889,2998590,0.6633
Micropolitan,2021-01-20,12137,1903516,0.6376
Non-core,2021-01-20,2082,447279,0.4655
Small metro,2021-01-20,3271,491627,0.6653
Large central metro,2021-01-21,25808,3361980,0.7676
Large fringe metro,2021-01-21,16693,2472283,0.6752
Medium metro,2021-01-21,22856,2998590,0.7622
Micropolitan,2021-01-21,14230,1903516,0.7476
Non-core,2021-01-21,2384,447279,0.533
Small metro,2021-01-21,3665,491627,0.7455
Large central metro,2021-01-22,27764,3361980,0.8258
Large fringe metro,2021-01-22,17945,2472283,0.7258
Medium metro,2021-01-22,23990,2998590,0.8
Micropolitan,2021-01-22,15242,1903516,0.8007
Non-core,2021-01-22,2669,447279,0.5967
Small metro,2021-01-22,3792,491627,0.7713
Large central metro,2021-01-23,29247,3361980,0.8699
Large fringe metro,2021-01-23,18986,2472283,0.768
Medium metro,2021-01-23,24816,2998590,0.8276
Micropolitan,2021-01-23,16072,1903516,0.8443
Non-core,2021-01-23,2863,447279,0.6401
Small metro,2021-01-23,3891,491627,0.7915
Large central metro,2021-01-24,29695,3361980,0.8833
Large fringe metro,2021-01-24,19538,2472283,0.7903
Medium metro,2021-01-24,25595,2998590,0.8536
Micropolitan,2021-01-24,16322,1903516,0.8575
Non-core,2021-01-24,2889,447279,0.6459
Small metro,2021-01-24,3962,491627,0.8059
Large central metro,2021-01-25,36065,3361980,1.0727
Large fringe metro,2021-01-25,24013,2472283,0.9713
Medium metro,2021-01-25,31104,2998590,1.0373000000000001
Micropolitan,2021-01-25,18915,1903516,0.9937
Non-core,2021-01-25,3512,447279,0.7852
Small metro,2021-01-25,4759,491627,0.968
Large central metro,2021-01-26,44090,3361980,1.3114
Large fringe metro,2021-01-26,29238,2472283,1.1826
Medium metro,2021-01-26,38672,2998590,1.2897
Micropolitan,2021-01-26,22437,1903516,1.1787
Non-core,2021-01-26,4230,447279,0.9457
Small metro,2021-01-26,5585,491627,1.136
Large central metro,2021-01-27,52230,3361980,1.5535
Large fringe metro,2021-01-27,35800,2472283,1.4481
Medium metro,2021-01-27,46416,2998590,1.5479
Micropolitan,2021-01-27,27156,1903516,1.4266
Non-core,2021-01-27,5064,447279,1.1322
Small metro,2021-01-27,6671,491627,1.3569
Large central metro,2021-01-28,59211,3361980,1.7612
Large fringe metro,2021-01-28,40643,2472283,1.6439
Medium metro,2021-01-28,52051,2998590,1.7358
Micropolitan,2021-01-28,30609,1903516,1.608
Non-core,2021-01-28,5637,447279,1.2603
Small metro,2021-01-28,7779,491627,1.5823
Large central metro,2021-01-29,64338,3361980,1.9137
Large fringe metro,2021-01-29,43832,2472283,1.7729
Medium metro,2021-01-29,55460,2998590,1.8495
Micropolitan,2021-01-29,32946,1903516,1.7308
Non-core,2021-01-29,6212,447279,1.3888
Small metro,2021-01-29,8513,491627,1.7316
Large central metro,2021-01-30,65836,3361980,1.9583
Large fringe metro,2021-01-30,45022,2472283,1.8211
Medium metro,2021-01-30,58067,2998590,1.9365
Micropolitan,2021-01-30,33494,1903516,1.7596
Non-core,2021-01-30,6348,447279,1.4192
Small metro,2021-01-30,8581,491627,1.7454
Large central metro,2021-01-31,66808,3361980,1.9872
Large fringe metro,2021-01-31,45766,2472283,1.8512
Medium metro,2021-01-31,59142,2998590,1.9723
Micropolitan,2021-01-31,33634,1903516,1.7669
Non-core,2021-01-31,6402,447279,1.4313
Small metro,2021-01-31,8629,491627,1.7552
Large central metro,2021-02-01,74346,3361980,2.2114
Large fringe metro,2021-02-01,50424,2472283,2.0396
Medium metro,2021-02-01,65367,2998590,2.1799
Micropolitan,2021-02-01,37439,1903516,1.9668
Non-core,2021-02-01,6900,447279,1.5427
Small metro,2021-02-01,9535,491627,1.9395
Large central metro,2021-02-02,81096,3361980,2.4121
Large fringe metro,2021-02-02,55458,2472283,2.2432
Medium metro,2021-02-02,72576,2998590,2.4203
Micropolitan,2021-02-02,40840,1903516,2.1455
Non-core,2021-02-02,7630,447279,1.7059
Small metro,2021-02-02,10382,491627,2.1118
Large central metro,2021-02-03,89243,3361980,2.6545
Large fringe metro,2021-02-03,61109,2472283,2.4718
Medium metro,2021-02-03,79212,2998590,2.6416
Micropolitan,2021-02-03,44914,1903516,2.3595
Non-core,2021-02-03,8456,447279,1.8905
Small metro,2021-02-03,11199,491627,2.2779
Large central metro,2021-02-04,98013,3361980,2.9153
Large fringe metro,2021-02-04,67170,2472283,2.7169
Medium metro,2021-02-04,86803,2998590,2.8948
Micropolitan,2021-02-04,48955,1903516,2.5718
Non-core,2021-02-04,9547,447279,2.1345
Small metro,2021-02-04,11930,491627,2.4266
Large central metro,2021-02-05,107312,3361980,3.1919
Large fringe metro,2021-02-05,73539,2472283,2.9745
Medium metro,2021-02-05,93073,2998590,3.1039
Micropolitan,2021-02-05,52554,1903516,2.7609
Non-core,2021-02-05,10297,447279,2.3021
Small metro,2021-02-05,12941,491627,2.6323
Large central metro,2021-02-06,111273,3361980,3.3097
Large fringe metro,2021-02-06,76333,2472283,3.0876
Medium metro,2021-02-06,95685,2998590,3.191
Micropolitan,2021-02-06,53526,1903516,2.812
Non-core,2021-02-06,10507,447279,2.3491
Small metro,2021-02-06,13284,491627,2.702
Large central metro,2021-02-07,113231,3361980,3.368
Large fringe metro,2021-02-07,77537,2472283,3.1363
Medium metro,2021-02-07,96766,2998590,3.2271
Micropolitan,2021-02-07,53811,1903516,2.8269
Non-core,2021-02-07,10599,447279,2.3697
Small metro,2021-02-07,13405,491627,2.7267
Large central metro,2021-02-08,118437,3361980,3.5228
Large fringe metro,2021-02-08,81030,2472283,3.2775
Medium metro,2021-02-08,101648,2998590,3.3899
Micropolitan,2021-02-08,56148,1903516,2.9497
Non-core,2021-02-08,11241,447279,2.5132
Small metro,2021-02-08,13983,491627,2.8442
Large central metro,2021-02-09,126790,3361980,3.7713
Large fringe metro,2021-02-09,86470,2472283,3.4976
Medium metro,2021-02-09,107429,2998590,3.5827
Micropolitan,2021-02-09,58545,1903516,3.0756
Non-core,2021-02-09,11850,447279,2.6494
Small metro,2021-02-09,14692,491627,2.9884
Large central metro,2021-02-10,135314,3361980,4.0248
Large fringe metro,2021-02-10,93405,2472283,3.7781
Medium metro,2021-02-10,116432,2998590,3.8829
Micropolitan,2021-02-10,62999,1903516,3.3096
Non-core,2021-02-10,12460,447279,2.7857
Small metro,2021-02-10,16183,491627,3.2917
Large central metro,2021-02-11,147512,3361980,4.3877
Large fringe metro,2021-02-11,102290,2472283,4.1375
Medium metro,2021-02-11,129244,2998590,4.3102
Micropolitan,2021-02-11,69670,1903516,3.6601
Non-core,2021-02-11,14354,447279,3.2092
Small metro,2021-02-11,18547,491627,3.7726
Large central metro,2021-02-12,157247,3361980,4.6772
Large fringe metro,2021-02-12,109362,2472283,4.4235
Medium metro,2021-02-12,138920,2998590,4.6328
Micropolitan,2021-02-12,76272,1903516,4.0069
Non-core,2021-02-12,16147,447279,3.6101
Small metro,2021-02-12,19974,491627,4.0628
Large central metro,2021-02-13,163261,3361980,4.8561
Large fringe metro,2021-02-13,115926,2472283,4.689
Medium metro,2021-02-13,143761,2998590,4.7943
Micropolitan,2021-02-13,78561,1903516,4.1272
Non-core,2021-02-13,16405,447279,3.6677
Small metro,2021-02-13,20193,491627,4.1074
Large central metro,2021-02-14,164875,3361980,4.9041
Large fringe metro,2021-02-14,116710,2472283,4.7207
Medium metro,2021-02-14,144621,2998590,4.823
Micropolitan,2021-02-14,78943,1903516,4.1472
Non-core,2021-02-14,16465,447279,3.6811
Small metro,2021-02-14,20252,491627,4.1194
Large central metro,2021-02-15,170200,3361980,5.0625
Large fringe metro,2021-02-15,120442,2472283,4.8717
Medium metro,2021-02-15,148117,2998590,4.9396
Micropolitan,2021-02-15,81471,1903516,4.28
Non-core,2021-02-15,17008,447279,3.8025
Small metro,2021-02-15,20680,491627,4.2064
Large central metro,2021-02-16,174556,3361980,5.1921
Large fringe metro,2021-02-16,123283,2472283,4.9866
Medium metro,2021-02-16,152976,2998590,5.1016
Micropolitan,2021-02-16,83516,1903516,4.3875
Non-core,2021-02-16,17211,447279,3.8479
Small metro,2021-02-16,22180,491627,4.5116
Large central metro,2021-02-17,185328,3361980,5.5125
Large fringe metro,2021-02-17,131544,2472283,5.3208
Medium metro,2021-02-17,162528,2998590,5.4201
Micropolitan,2021-02-17,90261,1903516,4.7418
Non-core,2021-02-17,18916,447279,4.2291
Small metro,2021-02-17,24454,491627,4.9741
Large central metro,2021-02-18,197687,3361980,5.8801
Large fringe metro,2021-02-18,140641,2472283,5.6887
Medium metro,2021-02-18,175014,2998590,5.8365
Micropolitan,2021-02-18,98227,1903516,5.1603
Non-core,2021-02-18,20964,447279,4.687
Small metro,2021-02-18,26843,491627,5.46
Large central metro,2021-02-19,211007,3361980,6.2763
Large fringe metro,2021-02-19,149994,2472283,6.067
Medium metro,2021-02-19,188312,2998590,6.28
Micropolitan,2021-02-19,107476,1903516,5.6462
Non-core,2021-02-19,22642,447279,5.0622
Small metro,2021-02-19,28672,491627,5.8321
Large central metro,2021-02-20,221193,3361980,6.5792
Large fringe metro,2021-02-20,156294,2472283,6.3218
Medium metro,2021-02-20,196507,2998590,6.5533
Micropolitan,2021-02-20,110534,1903516,5.8068
Non-core,2021-02-20,23575,447279,5.2708
Small metro,2021-02-20,29437,491627,5.9877
Large central metro,2021-02-21,224733,3361980,6.6845
Large fringe metro,2021-02-21,158234,2472283,6.4003
Medium metro,2021-02-21,200084,2998590,6.6726
Micropolitan,2021-02-21,112273,1903516,5.8982
Non-core,2021-02-21,23676,447279,5.2933
Small metro,2021-02-21,29675,491627,6.0361
Large central metro,2021-02-22,233697,3361980,6.9512
Large fringe metro,2021-02-22,163721,2472283,6.6223
Medium metro,2021-02-22,207642,2998590,6.9247
Micropolitan,2021-02-22,117827,1903516,6.19
Non-core,2021-02-22,24556,447279,5.4901
Small metro,2021-02-22,30838,491627,6.2726
Large central metro,2021-02-23,245250,3361980,7.2948
Large fringe metro,2021-02-23,171991,2472283,6.9568
Medium metro,2021-02-23,218363,2998590,7.2822
Micropolitan,2021-02-23,124002,1903516,6.5144
Non-core,2021-02-23,25990,447279,5.8107
Small metro,2021-02-23,33307,491627,6.7749
Large central metro,2021-02-24,255970,3361980,7.6137
Large fringe metro,2021-02-24,181813,2472283,7.3541
Medium metro,2021-02-24,231104,2998590,7.7071
Micropolitan,2021-02-24,131284,1903516,6.8969
Non-core,2021-02-24,27338,447279,6.1121
Small metro,2021-02-24,34517,491627,7.021
Large central metro,2021-02-25,269225,3361980,8.0079
Large fringe metro,2021-02-25,192514,2472283,7.7869
Medium metro,2021-02-25,243082,2998590,8.1065
Micropolitan,2021-02-25,140670,1903516,7.39
Non-core,2021-02-25,29965,447279,6.6994
Small metro,2021-02-25,36360,491627,7.3959
Large central metro,2021-02-26,281777,3361980,8.3813
Large fringe metro,2021-02-26,206234,2472283,8.3418
Medium metro,2021-02-26,255542,2998590,8.5221
Micropolitan,2021-02-26,148965,1903516,7.8258
Non-core,2021-02-26,32070,447279,7.17
Small metro,2021-02-26,37946,491627,7.7185
Large central metro,2021-02-27,290307,3361980,8.635
Large fringe metro,2021-02-27,210922,2472283,8.5315
Medium metro,2021-02-27,264043,2998590,8.8056
Micropolitan,2021-02-27,151442,1903516,7.9559
Non-core,2021-02-27,32971,447279,7.3715
Small metro,2021-02-27,38498,491627,7.8307
Large central metro,2021-02-28,292773,3361980,8.7084
Large fringe metro,2021-02-28,212650,2472283,8.6014
Medium metro,2021-02-28,266816,2998590,8.898
Micropolitan,2021-02-28,152454,1903516,8.0091
Non-core,2021-02-28,33057,447279,7.3907
Small metro,2021-02-28,38890,491627,7.9105
Large central metro,2021-03-01,298988,3361980,8.8932
Large fringe metro,2021-03-01,217296,2472283,8.7893
Medium metro,2021-03-01,273855,2998590,9.1328
Micropolitan,2021-03-01,155624,1903516,8.1756
Non-core,2021-03-01,33975,447279,7.5959
Small metro,2021-03-01,39722,491627,8.0797
Large central metro,2021-03-02,307030,3361980,9.1324
Large fringe metro,2021-03-02,223884,2472283,9.0558
Medium metro,2021-03-02,281242,2998590,9.3791
Micropolitan,2021-03-02,160051,1903516,8.4082
Non-core,2021-03-02,34668,447279,7.7509
Small metro,2021-03-02,41189,491627,8.3781
Large central metro,2021-03-03,315540,3361980,9.3855
Large fringe metro,2021-03-03,230841,2472283,9.3372
Medium metro,2021-03-03,290318,2998590,9.6818
Micropolitan,2021-03-03,165303,1903516,8.6841
Non-core,2021-03-03,35685,447279,7.9782
Small metro,2021-03-03,42845,491627,8.7149
Large central metro,2021-03-04,327534,3361980,9.7423
Large fringe metro,2021-03-04,241548,2472283,9.7702
Medium metro,2021-03-04,302085,2998590,10.0742
Micropolitan,2021-03-04,174328,1903516,9.1582
Non-core,2021-03-04,37813,447279,8.454
Small metro,2021-03-04,44894,491627,9.1317
Large central metro,2021-03-05,340834,3361980,10.1379
Large fringe metro,2021-03-05,253591,2472283,10.2574
Medium metro,2021-03-05,320788,2998590,10.698
Micropolitan,2021-03-05,185686,1903516,9.7549
Non-core,2021-03-05,40455,447279,9.0447
Small metro,2021-03-05,47174,491627,9.5955
Large central metro,2021-03-06,352491,3361980,10.4846
Large fringe metro,2021-03-06,262481,2472283,10.6169
Medium metro,2021-03-06,332256,2998590,11.0804
Micropolitan,2021-03-06,191029,1903516,10.0356
Non-core,2021-03-06,41208,447279,9.213
Small metro,2021-03-06,48367,491627,9.8381
Large central metro,2021-03-07,356620,3361980,10.6074
Large fringe metro,2021-03-07,264947,2472283,10.7167
Medium metro,2021-03-07,334190,2998590,11.1449
Micropolitan,2021-03-07,192133,1903516,10.0936
Non-core,2021-03-07,41394,447279,9.2546
Small metro,2021-03-07,48591,491627,9.8837
Large central metro,2021-03-08,364416,3361980,10.8393
Large fringe metro,2021-03-08,271415,2472283,10.9783
Medium metro,2021-03-08,340134,2998590,11.3431
Micropolitan,2021-03-08,198279,1903516,10.4165
Non-core,2021-03-08,42678,447279,9.5417
Small metro,2021-03-08,50070,491627,10.1846
Large central metro,2021-03-09,374197,3361980,11.1303
Large fringe metro,2021-03-09,278611,2472283,11.2694
Medium metro,2021-03-09,349347,2998590,11.6504
Micropolitan,2021-03-09,204846,1903516,10.7615
Non-core,2021-03-09,44128,447279,9.8659
Small metro,2021-03-09,52298,491627,10.6377
Large central metro,2021-03-10,387913,3361980,11.5382
Large fringe metro,2021-03-10,288241,2472283,11.6589
Medium metro,2021-03-10,364077,2998590,12.1416
Micropolitan,2021-03-10,213627,1903516,11.2228
Non-core,2021-03-10,45623,447279,10.2001
Small metro,2021-03-10,54887,491627,11.1644
Large central metro,2021-03-11,400568,3361980,11.9146
Large fringe metro,2021-03-11,299200,2472283,12.1022
Medium metro,2021-03-11,377099,2998590,12.5759
Micropolitan,2021-03-11,224535,1903516,11.7958
Non-core,2021-03-11,48024,447279,10.7369
Small metro,2021-03-11,57757,491627,11.7481
Large central metro,2021-03-12,414369,3361980,12.3251
Large fringe metro,2021-03-12,312291,2472283,12.6317
Medium metro,2021-03-12,393715,2998590,13.13
Micropolitan,2021-03-12,233942,1903516,12.29
Non-core,2021-03-12,51198,447279,11.4465
Small metro,2021-03-12,61114,491627,12.431
Large central metro,2021-03-13,423893,3361980,12.6084
Large fringe metro,2021-03-13,318943,2472283,12.9007
Medium metro,2021-03-13,402698,2998590,13.4296
Micropolitan,2021-03-13,238364,1903516,12.5223
Non-core,2021-03-13,52441,447279,11.7244
Small metro,2021-03-13,62901,491627,12.7945
Large central metro,2021-03-14,427109,3361980,12.7041
Large fringe metro,2021-03-14,321171,2472283,12.9909
Medium metro,2021-03-14,405773,2998590,13.5321
Micropolitan,2021-03-14,238982,1903516,12.5548
Non-core,2021-03-14,52523,447279,11.7428
Small metro,2021-03-14,63116,491627,12.8382
Large central metro,2021-03-15,433093,3361980,12.8821
Large fringe metro,2021-03-15,325406,2472283,13.1622
Medium metro,2021-03-15,412396,2998590,13.753
Micropolitan,2021-03-15,241206,1903516,12.6716
Non-core,2021-03-15,53088,447279,11.8691
Small metro,2021-03-15,63942,491627,13.0062
Large central metro,2021-03-16,440133,3361980,13.0915
Large fringe metro,2021-03-16,330741,2472283,13.378
Medium metro,2021-03-16,418049,2998590,13.9415
Micropolitan,2021-03-16,245592,1903516,12.902
Non-core,2021-03-16,53634,447279,11.9912
Small metro,2021-03-16,66323,491627,13.4905
Large central metro,2021-03-17,450759,3361980,13.4075
Large fringe metro,2021-03-17,340307,2472283,13.7649
Medium metro,2021-03-17,427993,2998590,14.2731
Micropolitan,2021-03-17,251676,1903516,13.2216
Non-core,2021-03-17,54892,447279,12.2724
Small metro,2021-03-17,68648,491627,13.9634
Large central metro,2021-03-18,460269,3361980,13.6904
Large fringe metro,2021-03-18,349326,2472283,14.1297
Medium metro,2021-03-18,440090,2998590,14.6766
Micropolitan,2021-03-18,258604,1903516,13.5856
Non-core,2021-03-18,56640,447279,12.6632
Small metro,2021-03-18,69758,491627,14.1892
Large central metro,2021-03-19,470815,3361980,14.0041
Large fringe metro,2021-03-19,360169,2472283,14.5683
Medium metro,2021-03-19,452081,2998590,15.0765
Micropolitan,2021-03-19,267658,1903516,14.0612
Non-core,2021-03-19,58720,447279,13.1283
Small metro,2021-03-19,72273,491627,14.7008
Large central metro,2021-03-20,477317,3361980,14.1975
Large fringe metro,2021-03-20,365515,2472283,14.7845
Medium metro,2021-03-20,457148,2998590,15.2454
Micropolitan,2021-03-20,271826,1903516,14.2802
Non-core,2021-03-20,59242,447279,13.245
Small metro,2021-03-20,72592,491627,14.7657
Large central metro,2021-03-21,479509,3361980,14.2627
Large fringe metro,2021-03-21,367245,2472283,14.8545
Medium metro,2021-03-21,458768,2998590,15.2995
Micropolitan,2021-03-21,272685,1903516,14.3253
Non-core,2021-03-21,59294,447279,13.2566
Small metro,2021-03-21,72686,491627,14.7848
Large central metro,2021-03-22,485199,3361980,14.4319
Large fringe metro,2021-03-22,371294,2472283,15.0183
Medium metro,2021-03-22,463896,2998590,15.4705
Micropolitan,2021-03-22,275164,1903516,14.4556
Non-core,2021-03-22,59877,447279,13.3869
Small metro,2021-03-22,73401,491627,14.9302
Large central metro,2021-03-23,493851,3361980,14.6893
Large fringe metro,2021-03-23,378574,2472283,15.3127
Medium metro,2021-03-23,473339,2998590,15.7854
Micropolitan,2021-03-23,282081,1903516,14.8189
Non-core,2021-03-23,62179,447279,13.9016
Small metro,2021-03-23,75440,491627,15.345
Large central metro,2021-03-24,508277,3361980,15.1184
Large fringe metro,2021-03-24,389767,2472283,15.7655
Medium metro,2021-03-24,485319,2998590,16.1849
Micropolitan,2021-03-24,290782,1903516,15.276
Non-core,2021-03-24,64148,447279,14.3418
Small metro,2021-03-24,77808,491627,15.8266
Large central metro,2021-03-25,523722,3361980,15.5778
Large fringe metro,2021-03-25,401493,2472283,16.2398
Medium metro,2021-03-25,502101,2998590,16.7446
Micropolitan,2021-03-25,301577,1903516,15.8432
Non-core,2021-03-25,66730,447279,14.9191
Small metro,2021-03-25,81721,491627,16.6226
Large central metro,2021-03-26,540074,3361980,16.0642
Large fringe metro,2021-03-26,419127,2472283,16.953
Medium metro,2021-03-26,513654,2998590,17.1299
Micropolitan,2021-03-26,315787,1903516,16.5897
Non-core,2021-03-26,70244,447279,15.7047
Small metro,2021-03-26,83571,491627,16.9989
Large central metro,2021-03-27,551186,3361980,16.3947
Large fringe metro,2021-03-27,426486,2472283,17.2507
Medium metro,2021-03-27,521978,2998590,17.4074
Micropolitan,2021-03-27,319370,1903516,16.7779
Non-core,2021-03-27,71077,447279,15.891
Small metro,2021-03-27,84062,491627,17.0987
Large central metro,2021-03-28,553914,3361980,16.4758
Large fringe metro,2021-03-28,428839,2472283,17.3459
Medium metro,2021-03-28,523547,2998590,17.4598
Micropolitan,2021-03-28,319854,1903516,16.8033
Non-core,2021-03-28,71162,447279,15.91
Small metro,2021-03-28,84193,491627,17.1254
Large central metro,2021-03-29,562131,3361980,16.7202
Large fringe metro,2021-03-29,435265,2472283,17.6058
Medium metro,2021-03-29,529678,2998590,17.6642
Micropolitan,2021-03-29,324768,1903516,17.0615
Non-core,2021-03-29,72258,447279,16.155
Small metro,2021-03-29,85271,491627,17.3447
Large central metro,2021-03-30,575137,3361980,17.1071
Large fringe metro,2021-03-30,445580,2472283,18.023
Medium metro,2021-03-30,542551,2998590,18.0935
Micropolitan,2021-03-30,332425,1903516,17.4637
Non-core,2021-03-30,73531,447279,16.4396
Small metro,2021-03-30,87995,491627,17.8987
Large central metro,2021-03-31,591049,3361980,17.5804
Large fringe metro,2021-03-31,457988,2472283,18.5249
Medium metro,2021-03-31,562892,2998590,18.7719
Micropolitan,2021-03-31,343859,1903516,18.0644
Non-core,2021-03-31,75726,447279,16.9304
Small metro,2021-03-31,91618,491627,18.6357
Large central metro,2021-04-01,612286,3361980,18.2121
Large fringe metro,2021-04-01,473870,2472283,19.1673
Medium metro,2021-04-01,585227,2998590,19.5167
Micropolitan,2021-04-01,356930,1903516,18.7511
Non-core,2021-04-01,78763,447279,17.6094
Small metro,2021-04-01,94838,491627,19.2906
Large central metro,2021-04-02,632044,3361980,18.7998
Large fringe metro,2021-04-02,487541,2472283,19.7203
Medium metro,2021-04-02,596937,2998590,19.9073
Micropolitan,2021-04-02,367646,1903516,19.314
Non-core,2021-04-02,81341,447279,18.1857
Small metro,2021-04-02,97085,491627,19.7477
Large central metro,2021-04-03,647219,3361980,19.2511
Large fringe metro,2021-04-03,496764,2472283,20.0933
Medium metro,2021-04-03,607188,2998590,20.2491
Micropolitan,2021-04-03,372172,1903516,19.5518
Non-core,2021-04-03,81888,447279,18.308
Small metro,2021-04-03,98009,491627,19.9356
Large central metro,2021-04-04,649092,3361980,19.3068
Large fringe metro,2021-04-04,498212,2472283,20.1519
Medium metro,2021-04-04,608561,2998590,20.2949
Micropolitan,2021-04-04,372722,1903516,19.5807
Non-core,2021-04-04,81968,447279,18.3259
Small metro,2021-04-04,98118,491627,19.9578
Large central metro,2021-04-05,661328,3361980,19.6708
Large fringe metro,2021-04-05,508726,2472283,20.5772
Medium metro,2021-04-05,617950,2998590,20.608
Micropolitan,2021-04-05,378217,1903516,19.8694
Non-core,2021-04-05,83062,447279,18.5705
Small metro,2021-04-05,99238,491627,20.1856
Large central metro,2021-04-06,682656,3361980,20.3052
Large fringe metro,2021-04-06,525289,2472283,21.2471
Medium metro,2021-04-06,639547,2998590,21.3283
Micropolitan,2021-04-06,388771,1903516,20.4238
Non-core,2021-04-06,85065,447279,19.0183
Small metro,2021-04-06,101992,491627,20.7458
Large central metro,2021-04-07,706310,3361980,21.0088
Large fringe metro,2021-04-07,543191,2472283,21.9712
Medium metro,2021-04-07,665774,2998590,22.2029
Micropolitan,2021-04-07,399458,1903516,20.9853
Non-core,2021-04-07,87539,447279,19.5715
Small metro,2021-04-07,105655,491627,21.4909
Large central metro,2021-04-08,739523,3361980,21.9967
Large fringe metro,2021-04-08,565422,2472283,22.8704
Medium metro,2021-04-08,689214,2998590,22.9846
Micropolitan,2021-04-08,413115,1903516,21.7027
Non-core,2021-04-08,90921,447279,20.3276
Small metro,2021-04-08,110987,491627,22.5754
Large central metro,2021-04-09,769075,3361980,22.8757
Large fringe metro,2021-04-09,584940,2472283,23.6599
Medium metro,2021-04-09,708192,2998590,23.6175
Micropolitan,2021-04-09,424968,1903516,22.3254
Non-core,2021-04-09,92993,447279,20.7908
Small metro,2021-04-09,113433,491627,23.073
Large central metro,2021-04-10,791196,3361980,23.5336
Large fringe metro,2021-04-10,598501,2472283,24.2084
Medium metro,2021-04-10,722141,2998590,24.0827
Micropolitan,2021-04-10,431922,1903516,22.6907
Non-core,2021-04-10,93678,447279,20.944
Small metro,2021-04-10,114577,491627,23.3057
Large central metro,2021-04-11,804846,3361980,23.9396
Large fringe metro,2021-04-11,604785,2472283,24.4626
Medium metro,2021-04-11,728264,2998590,24.2869
Micropolitan,2021-04-11,432994,1903516,22.7471
Non-core,2021-04-11,93799,447279,20.971
Small metro,2021-04-11,114803,491627,23.3516
Large central metro,2021-04-12,824226,3361980,24.5161
Large fringe metro,2021-04-12,618080,2472283,25.0004
Medium metro,2021-04-12,742029,2998590,24.7459
Micropolitan,2021-04-12,440604,1903516,23.1469
Non-core,2021-04-12,94672,447279,21.1662
Small metro,2021-04-12,116095,491627,23.6144
Large central metro,2021-04-13,848096,3361980,25.2261
Large fringe metro,2021-04-13,634863,2472283,25.6792
Medium metro,2021-04-13,763449,2998590,25.4603
Micropolitan,2021-04-13,448370,1903516,23.5548
Non-core,2021-04-13,95868,447279,21.4336
Small metro,2021-04-13,118572,491627,24.1183
Large central metro,2021-04-14,875644,3361980,26.0455
Large fringe metro,2021-04-14,652604,2472283,26.3968
Medium metro,2021-04-14,787028,2998590,26.2466
Micropolitan,2021-04-14,456757,1903516,23.9954
Non-core,2021-04-14,97499,447279,21.7983
Small metro,2021-04-14,121352,491627,24.6838
Large central metro,2021-04-15,902758,3361980,26.852
Large fringe metro,2021-04-15,672643,2472283,27.2074
Medium metro,2021-04-15,807485,2998590,26.9288
Micropolitan,2021-04-15,468076,1903516,24.5901
Non-core,2021-04-15,99781,447279,22.3084
Small metro,2021-04-15,124056,491627,25.2338
Large central metro,2021-04-16,925182,3361980,27.519
Large fringe metro,2021-04-16,689480,2472283,27.8884
Medium metro,2021-04-16,821782,2998590,27.4056
Micropolitan,2021-04-16,478547,1903516,25.1402
Non-core,2021-04-16,101170,447279,22.619
Small metro,2021-04-16,126250,491627,25.68
Large central metro,2021-04-17,945129,3361980,28.1123
Large fringe metro,2021-04-17,700861,2472283,28.3487
Medium metro,2021-04-17,832044,2998590,27.7478
Micropolitan,2021-04-17,481647,1903516,25.303
Non-core,2021-04-17,102356,447279,22.8842
Small metro,2021-04-17,126987,491627,25.8299
Large central metro,2021-04-18,954663,3361980,28.3959
Large fringe metro,2021-04-18,705805,2472283,28.5487
Medium metro,2021-04-18,837548,2998590,27.9314
Micropolitan,2021-04-18,482331,1903516,25.339
Non-core,2021-04-18,102459,447279,22.9072
Small metro,2021-04-18,127176,491627,25.8684
Large central metro,2021-04-19,975530,3361980,29.0165
Large fringe metro,2021-04-19,717987,2472283,29.0415
Medium metro,2021-04-19,850514,2998590,28.3638
Micropolitan,2021-04-19,488219,1903516,25.6483
Non-core,2021-04-19,102988,447279,23.0254
Small metro,2021-04-19,128574,491627,26.1528
Large central metro,2021-04-20,1002778,3361980,29.827
Large fringe metro,2021-04-20,734706,2472283,29.7177
Medium metro,2021-04-20,871670,2998590,29.0693
Micropolitan,2021-04-20,494837,1903516,25.9959
Non-core,2021-04-20,104210,447279,23.2987
Small metro,2021-04-20,130275,491627,26.4987
Large central metro,2021-04-21,1035313,3361980,30.7947
Large fringe metro,2021-04-21,753906,2472283,30.4943
Medium metro,2021-04-21,891949,2998590,29.7456
Micropolitan,2021-04-21,503935,1903516,26.4739
Non-core,2021-04-21,105875,447279,23.6709
Small metro,2021-04-21,131997,491627,26.849
Large central metro,2021-04-22,1063607,3361980,31.6363
Large fringe metro,2021-04-22,772092,2472283,31.2299
Medium metro,2021-04-22,913032,2998590,30.4487
Micropolitan,2021-04-22,514418,1903516,27.0246
Non-core,2021-04-22,107585,447279,24.0532
Small metro,2021-04-22,134963,491627,27.4523
Large central metro,2021-04-23,1088221,3361980,32.3685
Large fringe metro,2021-04-23,788592,2472283,31.8973
Medium metro,2021-04-23,929405,2998590,30.9947
Micropolitan,2021-04-23,522461,1903516,27.4472
Non-core,2021-04-23,109054,447279,24.3816
Small metro,2021-04-23,136526,491627,27.7702
Large central metro,2021-04-24,1104241,3361980,32.845
Large fringe metro,2021-04-24,803101,2472283,32.4842
Medium metro,2021-04-24,940419,2998590,31.362
Micropolitan,2021-04-24,526580,1903516,27.6635
Non-core,2021-04-24,109537,447279,24.4896
Small metro,2021-04-24,137576,491627,27.9838
Large central metro,2021-04-25,1111221,3361980,33.0526
Large fringe metro,2021-04-25,806416,2472283,32.6183
Medium metro,2021-04-25,943929,2998590,31.4791
Micropolitan,2021-04-25,527116,1903516,27.6917
Non-core,2021-04-25,109600,447279,24.5037
Small metro,2021-04-25,137699,491627,28.0088
Large central metro,2021-04-26,1131210,3361980,33.6471
Large fringe metro,2021-04-26,817732,2472283,33.076
Medium metro,2021-04-26,955290,2998590,31.858
Micropolitan,2021-04-26,530833,1903516,27.887
Non-core,2021-04-26,110174,447279,24.6321
Small metro,2021-04-26,138578,491627,28.1876
Large central metro,2021-04-27,1150081,3361980,34.2084
Large fringe metro,2021-04-27,831266,2472283,33.6234
Medium metro,2021-04-27,973266,2998590,32.4575
Micropolitan,2021-04-27,537735,1903516,28.2496
Non-core,2021-04-27,111551,447279,24.9399
Small metro,2021-04-27,140067,491627,28.4905
Large central metro,2021-04-28,1175310,3361980,34.9589
Large fringe metro,2021-04-28,849315,2472283,34.3535
Medium metro,2021-04-28,988261,2998590,32.9575
Micropolitan,2021-04-28,546660,1903516,28.7184
Non-core,2021-04-28,112950,447279,25.2527
Small metro,2021-04-28,142130,491627,28.9101
Large central metro,2021-04-29,1195346,3361980,35.5548
Large fringe metro,2021-04-29,865669,2472283,35.015
Medium metro,2021-04-29,1006269,2998590,33.5581
Micropolitan,2021-04-29,554975,1903516,29.1553
Non-core,2021-04-29,114608,447279,25.6234
Small metro,2021-04-29,144867,491627,29.4669
Large central metro,2021-04-30,1213674,3361980,36.1
Large fringe metro,2021-04-30,878655,2472283,35.5402
Medium metro,2021-04-30,1018556,2998590,33.9678
Micropolitan,2021-04-30,560687,1903516,29.4553
Non-core,2021-04-30,115712,447279,25.8702
Small metro,2021-04-30,146486,491627,29.7962
Large central metro,2021-05-01,1225573,3361980,36.4539
Large fringe metro,2021-05-01,886486,2472283,35.857
Medium metro,2021-05-01,1027234,2998590,34.2572
Micropolitan,2021-05-01,563383,1903516,29.597
Non-core,2021-05-01,116044,447279,25.9444
Small metro,2021-05-01,146961,491627,29.8928
Large central metro,2021-05-02,1229199,3361980,36.5618
Large fringe metro,2021-05-02,889040,2472283,35.9603
Medium metro,2021-05-02,1031619,2998590,34.4035
Micropolitan,2021-05-02,563940,1903516,29.6262
Non-core,2021-05-02,116129,447279,25.9634
Small metro,2021-05-02,147135,491627,29.9282
Large central metro,2021-05-03,1241906,3361980,36.9397
Large fringe metro,2021-05-03,896044,2472283,36.2436
Medium metro,2021-05-03,1039598,2998590,34.6696
Micropolitan,2021-05-03,566407,1903516,29.7558
Non-core,2021-05-03,116640,447279,26.0777
Small metro,2021-05-03,147896,491627,30.083
Large central metro,2021-05-04,1259775,3361980,37.4712
Large fringe metro,2021-05-04,907673,2472283,36.714
Medium metro,2021-05-04,1052798,2998590,35.1098
Micropolitan,2021-05-04,571102,1903516,30.0025
Non-core,2021-05-04,117452,447279,26.2592
Small metro,2021-05-04,149099,491627,30.3277
Large central metro,2021-05-05,1278025,3361980,38.0141
Large fringe metro,2021-05-05,920558,2472283,37.2351
Medium metro,2021-05-05,1066452,2998590,35.5651
Micropolitan,2021-05-05,576505,1903516,30.2863
Non-core,2021-05-05,118412,447279,26.4739
Small metro,2021-05-05,150247,491627,30.5612
Large central metro,2021-05-06,1294606,3361980,38.5072
Large fringe metro,2021-05-06,933179,2472283,37.7456
Medium metro,2021-05-06,1080567,2998590,36.0358
Micropolitan,2021-05-06,582665,1903516,30.6099
Non-core,2021-05-06,119666,447279,26.7542
Small metro,2021-05-06,151707,491627,30.8582
Large central metro,2021-05-07,1312878,3361980,39.0507
Large fringe metro,2021-05-07,950258,2472283,38.4365
Medium metro,2021-05-07,1092463,2998590,36.4326
Micropolitan,2021-05-07,587895,1903516,30.8847
Non-core,2021-05-07,120577,447279,26.9579
Small metro,2021-05-07,152795,491627,31.0795
Large central metro,2021-05-08,1323853,3361980,39.3772
Large fringe metro,2021-05-08,958213,2472283,38.7582
Medium metro,2021-05-08,1099179,2998590,36.6565
Micropolitan,2021-05-08,590575,1903516,31.0255
Non-core,2021-05-08,120915,447279,27.0335
Small metro,2021-05-08,153210,491627,31.1639
Large central metro,2021-05-09,1326748,3361980,39.4633
Large fringe metro,2021-05-09,960045,2472283,38.8323
Medium metro,2021-05-09,1101554,2998590,36.7357
Micropolitan,2021-05-09,591034,1903516,31.0496
Non-core,2021-05-09,120976,447279,27.0471
Small metro,2021-05-09,153312,491627,31.1846
Large central metro,2021-05-10,1338709,3361980,39.8191
Large fringe metro,2021-05-10,966449,2472283,39.0914
Medium metro,2021-05-10,1108024,2998590,36.9515
Micropolitan,2021-05-10,592935,1903516,31.1495
Non-core,2021-05-10,121397,447279,27.1412
Small metro,2021-05-10,153902,491627,31.3046
Large central metro,2021-05-11,1351435,3361980,40.1976
Large fringe metro,2021-05-11,974407,2472283,39.4132
Medium metro,2021-05-11,1116629,2998590,37.2385
Micropolitan,2021-05-11,596414,1903516,31.3322
Non-core,2021-05-11,121979,447279,27.2713
Small metro,2021-05-11,154669,491627,31.4606
Large central metro,2021-05-12,1363512,3361980,40.5568
Large fringe metro,2021-05-12,982079,2472283,39.7236
Medium metro,2021-05-12,1123842,2998590,37.479
Micropolitan,2021-05-12,600137,1903516,31.5278
Non-core,2021-05-12,122519,447279,27.3921
Small metro,2021-05-12,155489,491627,31.6274
Large central metro,2021-05-13,1373433,3361980,40.8519
Large fringe metro,2021-05-13,990969,2472283,40.0832
Medium metro,2021-05-13,1131495,2998590,37.7342
Micropolitan,2021-05-13,604301,1903516,31.7466
Non-core,2021-05-13,123317,447279,27.5705
Small metro,2021-05-13,156481,491627,31.8292
Large central metro,2021-05-14,1386264,3361980,41.2336
Large fringe metro,2021-05-14,1000037,2472283,40.4499
Medium metro,2021-05-14,1139646,2998590,38.006100000000004
Micropolitan,2021-05-14,608190,1903516,31.9509
Non-core,2021-05-14,123994,447279,27.721800000000002
Small metro,2021-05-14,157327,491627,32.0013
Large central metro,2021-05-15,1394556,3361980,41.4802
Large fringe metro,2021-05-15,1005537,2472283,40.6724
Medium metro,2021-05-15,1144741,2998590,38.176
Micropolitan,2021-05-15,610317,1903516,32.0626
Non-core,2021-05-15,124305,447279,27.7914
Small metro,2021-05-15,157745,491627,32.0863
Large central metro,2021-05-16,1397105,3361980,41.556
Large fringe metro,2021-05-16,1007644,2472283,40.7576
Medium metro,2021-05-16,1146818,2998590,38.2452
Micropolitan,2021-05-16,610864,1903516,32.0914
Non-core,2021-05-16,124376,447279,27.8073
Small metro,2021-05-16,157877,491627,32.1132
Large central metro,2021-05-17,1404338,3361980,41.7712
Large fringe metro,2021-05-17,1012632,2472283,40.9594
Medium metro,2021-05-17,1151564,2998590,38.4035
Micropolitan,2021-05-17,612964,1903516,32.2017
Non-core,2021-05-17,124726,447279,27.8855
Small metro,2021-05-17,158294,491627,32.198
Large central metro,2021-05-18,1413879,3361980,42.0549
Large fringe metro,2021-05-18,1017879,2472283,41.1716
Medium metro,2021-05-18,1157599,2998590,38.6048
Micropolitan,2021-05-18,615983,1903516,32.3603
Non-core,2021-05-18,125268,447279,28.0067
Small metro,2021-05-18,158933,491627,32.328
Large central metro,2021-05-19,1422753,3361980,42.3189
Large fringe metro,2021-05-19,1024761,2472283,41.45
Medium metro,2021-05-19,1163819,2998590,38.8122
Micropolitan,2021-05-19,619256,1903516,32.5322
Non-core,2021-05-19,125799,447279,28.1254
Small metro,2021-05-19,159622,491627,32.4681
Large central metro,2021-05-20,1431575,3361980,42.5813
Large fringe metro,2021-05-20,1031333,2472283,41.7158
Medium metro,2021-05-20,1170377,2998590,39.0309
Micropolitan,2021-05-20,622667,1903516,32.7114
Non-core,2021-05-20,126507,447279,28.2837
Small metro,2021-05-20,160697,491627,32.6868
Large central metro,2021-05-21,1441211,3361980,42.8679
Large fringe metro,2021-05-21,1038205,2472283,41.9938
Medium metro,2021-05-21,1176608,2998590,39.2387
Micropolitan,2021-05-21,626369,1903516,32.9059
Non-core,2021-05-21,127207,447279,28.4402
Small metro,2021-05-21,161520,491627,32.8542
Large central metro,2021-05-22,1448106,3361980,43.073
Large fringe metro,2021-05-22,1042774,2472283,42.1786
Medium metro,2021-05-22,1181128,2998590,39.3894
Micropolitan,2021-05-22,628147,1903516,32.9993
Non-core,2021-05-22,127409,447279,28.4854
Small metro,2021-05-22,161900,491627,32.9315
Large central metro,2021-05-23,1450157,3361980,43.134
Large fringe metro,2021-05-23,1044226,2472283,42.2373
Medium metro,2021-05-23,1182297,2998590,39.4284
Micropolitan,2021-05-23,628650,1903516,33.0257
Non-core,2021-05-23,127487,447279,28.5028
Small metro,2021-05-23,162032,491627,32.9583
Large central metro,2021-05-24,1456704,3361980,43.3288
Large fringe metro,2021-05-24,1048280,2472283,42.4013
Medium metro,2021-05-24,1186209,2998590,39.5589
Micropolitan,2021-05-24,630417,1903516,33.1186
Non-core,2021-05-24,127764,447279,28.5647
Small metro,2021-05-24,162513,491627,33.0562
Large central metro,2021-05-25,1463111,3361980,43.5193
Large fringe metro,2021-05-25,1052666,2472283,42.5787
Medium metro,2021-05-25,1191413,2998590,39.7324
Micropolitan,2021-05-25,632727,1903516,33.2399
Non-core,2021-05-25,128236,447279,28.6702
Small metro,2021-05-25,163160,491627,33.1878
Large central metro,2021-05-26,1469226,3361980,43.7012
Large fringe metro,2021-05-26,1057307,2472283,42.7664
Medium metro,2021-05-26,1196058,2998590,39.8873
Micropolitan,2021-05-26,635121,1903516,33.3657
Non-core,2021-05-26,128720,447279,28.7785
Small metro,2021-05-26,163772,491627,33.3122
Large central metro,2021-05-27,1474972,3361980,43.8721
Large fringe metro,2021-05-27,1062069,2472283,42.959
Medium metro,2021-05-27,1200553,2998590,40.0373
Micropolitan,2021-05-27,638023,1903516,33.5181
Non-core,2021-05-27,129255,447279,28.8981
Small metro,2021-05-27,164365,491627,33.4329
Large central metro,2021-05-28,1481481,3361980,44.0657
Large fringe metro,2021-05-28,1066630,2472283,43.1435
Medium metro,2021-05-28,1205736,2998590,40.2101
Micropolitan,2021-05-28,640723,1903516,33.66
Non-core,2021-05-28,129692,447279,28.9958
Small metro,2021-05-28,165066,491627,33.5755
Large central metro,2021-05-29,1484720,3361980,44.1621
Large fringe metro,2021-05-29,1068830,2472283,43.2325
Medium metro,2021-05-29,1208129,2998590,40.2899
Micropolitan,2021-05-29,641794,1903516,33.7162
Non-core,2021-05-29,129861,447279,29.0336
Small metro,2021-05-29,165340,491627,33.6312
Large central metro,2021-05-30,1486419,3361980,44.2126
Large fringe metro,2021-05-30,1069996,2472283,43.2797
Medium metro,2021-05-30,1209006,2998590,40.3192
Micropolitan,2021-05-30,642230,1903516,33.7391
Non-core,2021-05-30,129939,447279,29.051
Small metro,2021-05-30,165458,491627,33.6552
Large central metro,2021-05-31,1487842,3361980,44.2549
Large fringe metro,2021-05-31,1071059,2472283,43.3227
Medium metro,2021-05-31,1209768,2998590,40.3446
Micropolitan,2021-05-31,642736,1903516,33.7657
Non-core,2021-05-31,129997,447279,29.064
Small metro,2021-05-31,165529,491627,33.6696
Large central metro,2021-06-01,1494069,3361980,44.4402
Large fringe metro,2021-06-01,1075251,2472283,43.4922
Medium metro,2021-06-01,1214218,2998590,40.493
Micropolitan,2021-06-01,644889,1903516,33.8788
Non-core,2021-06-01,130421,447279,29.1588
Small metro,2021-06-01,166087,491627,33.7831
Large central metro,2021-06-02,1499869,3361980,44.6127
Large fringe metro,2021-06-02,1079067,2472283,43.6466
Medium metro,2021-06-02,1217915,2998590,40.6163
Micropolitan,2021-06-02,646991,1903516,33.9893
Non-core,2021-06-02,130797,447279,29.2428
Small metro,2021-06-02,166552,491627,33.8777
Large central metro,2021-06-03,1508316,3361980,44.8639
Large fringe metro,2021-06-03,1085402,2472283,43.9028
Medium metro,2021-06-03,1223829,2998590,40.8135
Micropolitan,2021-06-03,650079,1903516,34.1515
Non-core,2021-06-03,131359,447279,29.3685
Small metro,2021-06-03,167291,491627,34.028
Large central metro,2021-06-04,1518288,3361980,45.1605
Large fringe metro,2021-06-04,1092060,2472283,44.1721
Medium metro,2021-06-04,1230627,2998590,41.0402
Micropolitan,2021-06-04,653382,1903516,34.325
Non-core,2021-06-04,131965,447279,29.504
Small metro,2021-06-04,168180,491627,34.2089
Large central metro,2021-06-05,1525470,3361980,45.3742
Large fringe metro,2021-06-05,1097535,2472283,44.3936
Medium metro,2021-06-05,1236151,2998590,41.2244
Micropolitan,2021-06-05,655156,1903516,34.4182
Non-core,2021-06-05,132229,447279,29.563
Small metro,2021-06-05,168715,491627,34.3177
Large central metro,2021-06-06,1528874,3361980,45.4754
Large fringe metro,2021-06-06,1100300,2472283,44.5054
Medium metro,2021-06-06,1238674,2998590,41.3085
Micropolitan,2021-06-06,656034,1903516,34.4643
Non-core,2021-06-06,132384,447279,29.5976
Small metro,2021-06-06,168922,491627,34.3598
Large central metro,2021-06-07,1536694,3361980,45.708
Large fringe metro,2021-06-07,1105593,2472283,44.7195
Medium metro,2021-06-07,1244100,2998590,41.4895
Micropolitan,2021-06-07,658054,1903516,34.5704
Non-core,2021-06-07,132724,447279,29.6736
Small metro,2021-06-07,169445,491627,34.4662
Large central metro,2021-06-08,1545333,3361980,45.965
Large fringe metro,2021-06-08,1111641,2472283,44.9641
Medium metro,2021-06-08,1250403,2998590,41.6997
Micropolitan,2021-06-08,660589,1903516,34.7036
Non-core,2021-06-08,133269,447279,29.7955
Small metro,2021-06-08,170226,491627,34.625
Large central metro,2021-06-09,1553623,3361980,46.2115
Large fringe metro,2021-06-09,1116952,2472283,45.179
Medium metro,2021-06-09,1257125,2998590,41.9239
Micropolitan,2021-06-09,663487,1903516,34.8559
Non-core,2021-06-09,133790,447279,29.912
Small metro,2021-06-09,171030,491627,34.7886
Large central metro,2021-06-10,1560706,3361980,46.4222
Large fringe metro,2021-06-10,1122612,2472283,45.4079
Medium metro,2021-06-10,1263594,2998590,42.1396
Micropolitan,2021-06-10,666614,1903516,35.0201
Non-core,2021-06-10,134405,447279,30.0495
Small metro,2021-06-10,171682,491627,34.9212
Large central metro,2021-06-11,1571018,3361980,46.729
Large fringe metro,2021-06-11,1129142,2472283,45.672
Medium metro,2021-06-11,1270960,2998590,42.3853
Micropolitan,2021-06-11,669829,1903516,35.189
Non-core,2021-06-11,134950,447279,30.1713
Small metro,2021-06-11,172544,491627,35.0965
Large central metro,2021-06-12,1578303,3361980,46.9456
Large fringe metro,2021-06-12,1133984,2472283,45.8679
Medium metro,2021-06-12,1276313,2998590,42.5638
Micropolitan,2021-06-12,671876,1903516,35.2966
Non-core,2021-06-12,135323,447279,30.2547
Small metro,2021-06-12,173061,491627,35.2017
Large central metro,2021-06-13,1581200,3361980,47.0318
Large fringe metro,2021-06-13,1135995,2472283,45.9492
Medium metro,2021-06-13,1278270,2998590,42.629
Micropolitan,2021-06-13,672650,1903516,35.3372
Non-core,2021-06-13,135443,447279,30.2815
Small metro,2021-06-13,173281,491627,35.2464
Large central metro,2021-06-14,1587675,3361980,47.2244
Large fringe metro,2021-06-14,1140363,2472283,46.1259
Medium metro,2021-06-14,1282583,2998590,42.7729
Micropolitan,2021-06-14,674691,1903516,35.4445
Non-core,2021-06-14,135776,447279,30.356
Small metro,2021-06-14,173839,491627,35.3599
Large central metro,2021-06-15,1593871,3361980,47.4087
Large fringe metro,2021-06-15,1145477,2472283,46.3328
Medium metro,2021-06-15,1287561,2998590,42.9389
Micropolitan,2021-06-15,677245,1903516,35.5786
Non-core,2021-06-15,136248,447279,30.4615
Small metro,2021-06-15,174499,491627,35.4942
Large central metro,2021-06-16,1599545,3361980,47.5775
Large fringe metro,2021-06-16,1149382,2472283,46.4907
Medium metro,2021-06-16,1292181,2998590,43.093
Micropolitan,2021-06-16,679781,1903516,35.7119
Non-core,2021-06-16,136715,447279,30.5659
Small metro,2021-06-16,175028,491627,35.6018
Large central metro,2021-06-17,1604830,3361980,47.7347
Large fringe metro,2021-06-17,1153416,2472283,46.6539
Medium metro,2021-06-17,1296867,2998590,43.2492
Micropolitan,2021-06-17,682339,1903516,35.8462
Non-core,2021-06-17,137165,447279,30.6665
Small metro,2021-06-17,175551,491627,35.7082
Large central metro,2021-06-18,1610367,3361980,47.8994
Large fringe metro,2021-06-18,1157761,2472283,46.8296
Medium metro,2021-06-18,1301250,2998590,43.3954
Micropolitan,2021-06-18,684554,1903516,35.9626
Non-core,2021-06-18,137648,447279,30.7745
Small metro,2021-06-18,176148,491627,35.8296
Large central metro,2021-06-19,1613816,3361980,48.002
Large fringe metro,2021-06-19,1160709,2472283,46.9489
Medium metro,2021-06-19,1304024,2998590,43.4879
Micropolitan,2021-06-19,685679,1903516,36.0217
Non-core,2021-06-19,137874,447279,30.8251
Small metro,2021-06-19,176521,491627,35.9055
Large central metro,2021-06-20,1615567,3361980,48.054
Large fringe metro,2021-06-20,1161965,2472283,46.9997
Medium metro,2021-06-20,1305194,2998590,43.5269
Micropolitan,2021-06-20,686157,1903516,36.0468
Non-core,2021-06-20,137944,447279,30.8407
Small metro,2021-06-20,176647,491627,35.9311
Large central metro,2021-06-21,1618297,3361980,48.1352
Large fringe metro,2021-06-21,1163902,2472283,47.078
Medium metro,2021-06-21,1307178,2998590,43.5931
Micropolitan,2021-06-21,687210,1903516,36.1021
Non-core,2021-06-21,138119,447279,30.8798
Small metro,2021-06-21,176914,491627,35.9854
Large central metro,2021-06-22,1622630,3361980,48.2641
Large fringe metro,2021-06-22,1166734,2472283,47.1926
Medium metro,2021-06-22,1310548,2998590,43.7055
Micropolitan,2021-06-22,688933,1903516,36.1927
Non-core,2021-06-22,138431,447279,30.9496
Small metro,2021-06-22,177379,491627,36.08
Large central metro,2021-06-23,1626654,3361980,48.3838
Large fringe metro,2021-06-23,1169494,2472283,47.3042
Medium metro,2021-06-23,1313673,2998590,43.8097
Micropolitan,2021-06-23,690618,1903516,36.2812
Non-core,2021-06-23,138747,447279,31.0202
Small metro,2021-06-23,177694,491627,36.1441
Large central metro,2021-06-24,1630501,3361980,48.4982
Large fringe metro,2021-06-24,1172333,2472283,47.419
Medium metro,2021-06-24,1316882,2998590,43.9167
Micropolitan,2021-06-24,692332,1903516,36.3712
Non-core,2021-06-24,139043,447279,31.0864
Small metro,2021-06-24,178046,491627,36.2157
Large central metro,2021-06-25,1634807,3361980,48.6263
Large fringe metro,2021-06-25,1174973,2472283,47.5258
Medium metro,2021-06-25,1319907,2998590,44.0176
Micropolitan,2021-06-25,694017,1903516,36.4597
Non-core,2021-06-25,139330,447279,31.1506
Small metro,2021-06-25,178488,491627,36.3056
Large central metro,2021-06-26,1637723,3361980,48.7131
Large fringe metro,2021-06-26,1176759,2472283,47.5981
Medium metro,2021-06-26,1322069,2998590,44.0897
Micropolitan,2021-06-26,694873,1903516,36.5047
Non-core,2021-06-26,139486,447279,31.1855
Small metro,2021-06-26,178752,491627,36.3593
Large central metro,2021-06-27,1639265,3361980,48.7589
Large fringe metro,2021-06-27,1177692,2472283,47.6358
Medium metro,2021-06-27,1323030,2998590,44.1217
Micropolitan,2021-06-27,695295,1903516,36.5269
Non-core,2021-06-27,139562,447279,31.2024
Small metro,2021-06-27,178854,491627,36.38
Large central metro,2021-06-28,1642053,3361980,48.8418
Large fringe metro,2021-06-28,1179515,2472283,47.7095
Medium metro,2021-06-28,1324985,2998590,44.1869
Micropolitan,2021-06-28,696220,1903516,36.5755
Non-core,2021-06-28,139728,447279,31.2396
Small metro,2021-06-28,179117,491627,36.4335
Large central metro,2021-06-29,1645378,3361980,48.9407
Large fringe metro,2021-06-29,1181646,2472283,47.7957
Medium metro,2021-06-29,1327349,2998590,44.2658
Micropolitan,2021-06-29,697678,1903516,36.6521
Non-core,2021-06-29,139998,447279,31.2999
Small metro,2021-06-29,179462,491627,36.5037
Large central metro,2021-06-30,1648452,3361980,49.0322
Large fringe metro,2021-06-30,1183617,2472283,47.8755
Medium metro,2021-06-30,1329600,2998590,44.3408
Micropolitan,2021-06-30,698949,1903516,36.7188
Non-core,2021-06-30,140229,447279,31.3516
Small metro,2021-06-30,179760,491627,36.5643
Large central metro,2021-07-01,1651626,3361980,49.1266
Large fringe metro,2021-07-01,1185622,2472283,47.9566
Medium metro,2021-07-01,1331754,2998590,44.4127
Micropolitan,2021-07-01,700117,1903516,36.7802
Non-core,2021-07-01,140495,447279,31.411
Small metro,2021-07-01,180014,491627,36.616
Large central metro,2021-07-02,1654531,3361980,49.213
Large fringe metro,2021-07-02,1187469,2472283,48.0313
Medium metro,2021-07-02,1333934,2998590,44.4854
Micropolitan,2021-07-02,701322,1903516,36.8435
Non-core,2021-07-02,140749,447279,31.4678
Small metro,2021-07-02,180313,491627,36.6768
Large central metro,2021-07-03,1656313,3361980,49.266
Large fringe metro,2021-07-03,1188562,2472283,48.0755
Medium metro,2021-07-03,1335207,2998590,44.5278
Micropolitan,2021-07-03,701867,1903516,36.8721
Non-core,2021-07-03,140832,447279,31.4864
Small metro,2021-07-03,180433,491627,36.7012
Large central metro,2021-07-04,1656594,3361980,49.2744
Large fringe metro,2021-07-04,1188806,2472283,48.0854
Medium metro,2021-07-04,1335415,2998590,44.5348
Micropolitan,2021-07-04,701976,1903516,36.8779
Non-core,2021-07-04,140849,447279,31.4902
Small metro,2021-07-04,180463,491627,36.7073
Large central metro,2021-07-05,1658563,3361980,49.3329
Large fringe metro,2021-07-05,1190097,2472283,48.1376
Medium metro,2021-07-05,1336800,2998590,44.581
Micropolitan,2021-07-05,702574,1903516,36.9093
Non-core,2021-07-05,140925,447279,31.5072
Small metro,2021-07-05,180614,491627,36.738
Large central metro,2021-07-06,1661219,3361980,49.4119
Large fringe metro,2021-07-06,1191872,2472283,48.2094
Medium metro,2021-07-06,1338723,2998590,44.6451
Micropolitan,2021-07-06,703663,1903516,36.9665
Non-core,2021-07-06,141124,447279,31.5517
Small metro,2021-07-06,180918,491627,36.7999
Large central metro,2021-07-07,1663987,3361980,49.4943
Large fringe metro,2021-07-07,1193536,2472283,48.2767
Medium metro,2021-07-07,1340540,2998590,44.7057
Micropolitan,2021-07-07,704696,1903516,37.0208
Non-core,2021-07-07,141288,447279,31.5883
Small metro,2021-07-07,181147,491627,36.8464
Large central metro,2021-07-08,1666503,3361980,49.5691
Large fringe metro,2021-07-08,1195098,2472283,48.3399
Medium metro,2021-07-08,1342413,2998590,44.7681
Micropolitan,2021-07-08,705597,1903516,37.0681
Non-core,2021-07-08,141480,447279,31.6313
Small metro,2021-07-08,181377,491627,36.8932
Large central metro,2021-07-09,1669498,3361980,49.6582
Large fringe metro,2021-07-09,1196799,2472283,48.4087
Medium metro,2021-07-09,1344367,2998590,44.8333
Micropolitan,2021-07-09,706685,1903516,37.1252
Non-core,2021-07-09,141655,447279,31.6704
Small metro,2021-07-09,181681,491627,36.955
Large central metro,2021-07-10,1671164,3361980,49.7077
Large fringe metro,2021-07-10,1197871,2472283,48.452
Medium metro,2021-07-10,1345749,2998590,44.8794
Micropolitan,2021-07-10,707175,1903516,37.151
Non-core,2021-07-10,141728,447279,31.6867
Small metro,2021-07-10,181797,491627,36.9786
Large central metro,2021-07-11,1672031,3361980,49.7335
Large fringe metro,2021-07-11,1198455,2472283,48.4756
Medium metro,2021-07-11,1346358,2998590,44.8997
Micropolitan,2021-07-11,707423,1903516,37.164
Non-core,2021-07-11,141771,447279,31.6963
Small metro,2021-07-11,181870,491627,36.9935
Large central metro,2021-07-12,1674165,3361980,49.797
Large fringe metro,2021-07-12,1199684,2472283,48.5254
Medium metro,2021-07-12,1347731,2998590,44.9455
Micropolitan,2021-07-12,708124,1903516,37.2008
Non-core,2021-07-12,141911,447279,31.7276
Small metro,2021-07-12,182043,491627,37.0287
Large central metro,2021-07-13,1676385,3361980,49.863
Large fringe metro,2021-07-13,1201076,2472283,48.5817
Medium metro,2021-07-13,1349183,2998590,44.9939
Micropolitan,2021-07-13,708938,1903516,37.2436
Non-core,2021-07-13,142058,447279,31.7605
Small metro,2021-07-13,182250,491627,37.0708
Large central metro,2021-07-14,1678495,3361980,49.9258
Large fringe metro,2021-07-14,1202272,2472283,48.63
Medium metro,2021-07-14,1350600,2998590,45.0412
Micropolitan,2021-07-14,709737,1903516,37.2856
Non-core,2021-07-14,142193,447279,31.7907
Small metro,2021-07-14,182439,491627,37.1092
Large central metro,2021-07-15,1680552,3361980,49.987
Large fringe metro,2021-07-15,1203574,2472283,48.6827
Medium metro,2021-07-15,1351892,2998590,45.0843
Micropolitan,2021-07-15,710546,1903516,37.3281
Non-core,2021-07-15,142337,447279,31.8229
Small metro,2021-07-15,182588,491627,37.1395
Large central metro,2021-07-16,1683036,3361980,50.0609
Large fringe metro,2021-07-16,1204995,2472283,48.7402
Medium metro,2021-07-16,1353494,2998590,45.1377
Micropolitan,2021-07-16,711405,1903516,37.3732
Non-core,2021-07-16,142503,447279,31.86
Small metro,2021-07-16,182806,491627,37.1839
Large central metro,2021-07-17,1684638,3361980,50.1085
Large fringe metro,2021-07-17,1205887,2472283,48.7763
Medium metro,2021-07-17,1354598,2998590,45.1745
Micropolitan,2021-07-17,711841,1903516,37.3961
Non-core,2021-07-17,142587,447279,31.8788
Small metro,2021-07-17,182918,491627,37.2067
Large central metro,2021-07-18,1685427,3361980,50.132
Large fringe metro,2021-07-18,1206355,2472283,48.7952
Medium metro,2021-07-18,1355155,2998590,45.1931
Micropolitan,2021-07-18,712062,1903516,37.4077
Non-core,2021-07-18,142620,447279,31.8861
Small metro,2021-07-18,182974,491627,37.2181
Large central metro,2021-07-19,1687160,3361980,50.1835
Large fringe metro,2021-07-19,1207517,2472283,48.8422
Medium metro,2021-07-19,1356437,2998590,45.2358
Micropolitan,2021-07-19,712659,1903516,37.4391
Non-core,2021-07-19,142734,447279,31.9116
Small metro,2021-07-19,183159,491627,37.2557
Large central metro,2021-07-20,1688975,3361980,50.2375
Large fringe metro,2021-07-20,1208736,2472283,48.8915
Medium metro,2021-07-20,1357821,2998590,45.282
Micropolitan,2021-07-20,713378,1903516,37.4769
Non-core,2021-07-20,142884,447279,31.9452
Small metro,2021-07-20,183346,491627,37.2937
Large central metro,2021-07-21,1691086,3361980,50.3003
Large fringe metro,2021-07-21,1209944,2472283,48.9404
Medium metro,2021-07-21,1359109,2998590,45.3249
Micropolitan,2021-07-21,714081,1903516,37.5138
Non-core,2021-07-21,143053,447279,31.9829
Small metro,2021-07-21,183521,491627,37.3293
Large central metro,2021-07-22,1693182,3361980,50.3626
Large fringe metro,2021-07-22,1211113,2472283,48.9876
Medium metro,2021-07-22,1360410,2998590,45.3683
Micropolitan,2021-07-22,714785,1903516,37.5508
Non-core,2021-07-22,143216,447279,32.0194
Small metro,2021-07-22,183689,491627,37.3635
Large central metro,2021-07-23,1695311,3361980,50.426
Large fringe metro,2021-07-23,1212321,2472283,49.0365
Medium metro,2021-07-23,1361851,2998590,45.4164
Micropolitan,2021-07-23,715538,1903516,37.5903
Non-core,2021-07-23,143365,447279,32.0527
Small metro,2021-07-23,183921,491627,37.4107
Large central metro,2021-07-24,1696529,3361980,50.4622
Large fringe metro,2021-07-24,1213095,2472283,49.0678
Medium metro,2021-07-24,1362789,2998590,45.4477
Micropolitan,2021-07-24,715873,1903516,37.6079
Non-core,2021-07-24,143428,447279,32.0668
Small metro,2021-07-24,184006,491627,37.428
Large central metro,2021-07-25,1697013,3361980,50.4766
Large fringe metro,2021-07-25,1213450,2472283,49.0822
Medium metro,2021-07-25,1363176,2998590,45.4606
Micropolitan,2021-07-25,716046,1903516,37.617
Non-core,2021-07-25,143459,447279,32.0737
Small metro,2021-07-25,184050,491627,37.4369
Large central metro,2021-07-26,1698752,3361980,50.5283
Large fringe metro,2021-07-26,1214421,2472283,49.1214
Medium metro,2021-07-26,1364258,2998590,45.4967
Micropolitan,2021-07-26,716575,1903516,37.6448
Non-core,2021-07-26,143576,447279,32.0999
Small metro,2021-07-26,184220,491627,37.4715
Large central metro,2021-07-27,1700579,3361980,50.5827
Large fringe metro,2021-07-27,1215568,2472283,49.1678
Medium metro,2021-07-27,1365521,2998590,45.5388
Micropolitan,2021-07-27,717253,1903516,37.6804
Non-core,2021-07-27,143742,447279,32.137
Small metro,2021-07-27,184380,491627,37.504
Large central metro,2021-07-28,1702574,3361980,50.642
Large fringe metro,2021-07-28,1216611,2472283,49.21
Medium metro,2021-07-28,1366891,2998590,45.5845
Micropolitan,2021-07-28,717988,1903516,37.719
Non-core,2021-07-28,143891,447279,32.1703
Small metro,2021-07-28,184641,491627,37.5571
Large central metro,2021-07-29,1704438,3361980,50.6974
Large fringe metro,2021-07-29,1217757,2472283,49.2564
Medium metro,2021-07-29,1368237,2998590,45.6293
Micropolitan,2021-07-29,718720,1903516,37.7575
Non-core,2021-07-29,144062,447279,32.2085
Small metro,2021-07-29,184795,491627,37.5885
Large central metro,2021-07-30,1706657,3361980,50.7634
Large fringe metro,2021-07-30,1218989,2472283,49.3062
Medium metro,2021-07-30,1369820,2998590,45.6821
Micropolitan,2021-07-30,719638,1903516,37.8057
Non-core,2021-07-30,144245,447279,32.2494
Small metro,2021-07-30,185021,491627,37.6344
Large central metro,2021-07-31,1708023,3361980,50.8041
Large fringe metro,2021-07-31,1219786,2472283,49.3384
Medium metro,2021-07-31,1370790,2998590,45.7145
Micropolitan,2021-07-31,720037,1903516,37.8267
Non-core,2021-07-31,144312,447279,32.2644
Small metro,2021-07-31,185122,491627,37.655
Large central metro,2021-08-01,1708821,3361980,50.8278
Large fringe metro,2021-08-01,1220336,2472283,49.3607
Medium metro,2021-08-01,1371413,2998590,45.7353
Micropolitan,2021-08-01,720280,1903516,37.8395
Non-core,2021-08-01,144353,447279,32.2736
Small metro,2021-08-01,185181,491627,37.667
Large central metro,2021-08-02,1710628,3361980,50.8816
Large fringe metro,2021-08-02,1221555,2472283,49.41
Medium metro,2021-08-02,1372622,2998590,45.7756
Micropolitan,2021-08-02,720938,1903516,37.874
Non-core,2021-08-02,144505,447279,32.3076
Small metro,2021-08-02,185379,491627,37.7072
Large central metro,2021-08-03,1712396,3361980,50.9342
Large fringe metro,2021-08-03,1222737,2472283,49.4578
Medium metro,2021-08-03,1374032,2998590,45.8226
Micropolitan,2021-08-03,721740,1903516,37.9162
Non-core,2021-08-03,144681,447279,32.3469
Small metro,2021-08-03,185579,491627,37.7479
Large central metro,2021-08-04,1714230,3361980,50.9887
Large fringe metro,2021-08-04,1223988,2472283,49.5084
Medium metro,2021-08-04,1375372,2998590,45.8673
Micropolitan,2021-08-04,722518,1903516,37.957
Non-core,2021-08-04,144842,447279,32.3829
Small metro,2021-08-04,185784,491627,37.7896
Large central metro,2021-08-05,1716168,3361980,51.0463
Large fringe metro,2021-08-05,1225230,2472283,49.5586
Medium metro,2021-08-05,1376754,2998590,45.9134
Micropolitan,2021-08-05,723365,1903516,38.0015
Non-core,2021-08-05,145047,447279,32.4288
Small metro,2021-08-05,186017,491627,37.837
Large central metro,2021-08-06,1718526,3361980,51.1165
Large fringe metro,2021-08-06,1226688,2472283,49.6176
Medium metro,2021-08-06,1378341,2998590,45.9663
Micropolitan,2021-08-06,724281,1903516,38.0496
Non-core,2021-08-06,145238,447279,32.4715
Small metro,2021-08-06,186283,491627,37.8911
Large central metro,2021-08-07,1719990,3361980,51.16
Large fringe metro,2021-08-07,1227852,2472283,49.6647
Medium metro,2021-08-07,1379631,2998590,46.0093
Micropolitan,2021-08-07,724750,1903516,38.0743
Non-core,2021-08-07,145333,447279,32.4927
Small metro,2021-08-07,186416,491627,37.9182
Large central metro,2021-08-08,1720974,3361980,51.1893
Large fringe metro,2021-08-08,1228530,2472283,49.6921
Medium metro,2021-08-08,1380280,2998590,46.031
Micropolitan,2021-08-08,725058,1903516,38.0905
Non-core,2021-08-08,145374,447279,32.5019
Small metro,2021-08-08,186520,491627,37.9393
Large central metro,2021-08-09,1723076,3361980,51.2518
Large fringe metro,2021-08-09,1229898,2472283,49.7475
Medium metro,2021-08-09,1381957,2998590,46.0869
Micropolitan,2021-08-09,725904,1903516,38.1349
Non-core,2021-08-09,145568,447279,32.5452
Small metro,2021-08-09,186732,491627,37.9825
Large central metro,2021-08-10,1725247,3361980,51.3164
Large fringe metro,2021-08-10,1231447,2472283,49.8101
Medium metro,2021-08-10,1383546,2998590,46.1399
Micropolitan,2021-08-10,726830,1903516,38.1836
Non-core,2021-08-10,145750,447279,32.5859
Small metro,2021-08-10,186960,491627,38.0288
Large central metro,2021-08-11,1727457,3361980,51.3821
Large fringe metro,2021-08-11,1232916,2472283,49.8695
Medium metro,2021-08-11,1385273,2998590,46.1975
Micropolitan,2021-08-11,727764,1903516,38.2326
Non-core,2021-08-11,145979,447279,32.6371
Small metro,2021-08-11,187170,491627,38.0715
Large central metro,2021-08-12,1729656,3361980,51.4475
Large fringe metro,2021-08-12,1234541,2472283,49.9353
Medium metro,2021-08-12,1386929,2998590,46.2527
Micropolitan,2021-08-12,728683,1903516,38.2809
Non-core,2021-08-12,146230,447279,32.6932
Small metro,2021-08-12,187439,491627,38.1263
Large central metro,2021-08-13,1732759,3361980,51.5398
Large fringe metro,2021-08-13,1236534,2472283,50.0159
Medium metro,2021-08-13,1389112,2998590,46.3255
Micropolitan,2021-08-13,729790,1903516,38.3391
Non-core,2021-08-13,146502,447279,32.7541
Small metro,2021-08-13,187803,491627,38.2003
Large central metro,2021-08-14,1734636,3361980,51.5957
Large fringe metro,2021-08-14,1237725,2472283,50.0641
Medium metro,2021-08-14,1390579,2998590,46.3744
Micropolitan,2021-08-14,730370,1903516,38.3695
Non-core,2021-08-14,146627,447279,32.782
Small metro,2021-08-14,187947,491627,38.2296
Large central metro,2021-08-15,1735806,3361980,51.6305
Large fringe metro,2021-08-15,1238636,2472283,50.1009
Medium metro,2021-08-15,1391499,2998590,46.4051
Micropolitan,2021-08-15,730725,1903516,38.3882
Non-core,2021-08-15,146711,447279,32.8008
Small metro,2021-08-15,188040,491627,38.2485
Large central metro,2021-08-16,1738398,3361980,51.7076
Large fringe metro,2021-08-16,1240429,2472283,50.1734
Medium metro,2021-08-16,1393571,2998590,46.4742
Micropolitan,2021-08-16,731779,1903516,38.4435
Non-core,2021-08-16,146941,447279,32.8522
Small metro,2021-08-16,188318,491627,38.3051
Large central metro,2021-08-17,1740907,3361980,51.7822
Large fringe metro,2021-08-17,1242231,2472283,50.2463
Medium metro,2021-08-17,1395387,2998590,46.5348
Micropolitan,2021-08-17,732856,1903516,38.5001
Non-core,2021-08-17,147165,447279,32.9023
Small metro,2021-08-17,188607,491627,38.3638
Large central metro,2021-08-18,1743502,3361980,51.8594
Large fringe metro,2021-08-18,1243909,2472283,50.3142
Medium metro,2021-08-18,1397315,2998590,46.5991
Micropolitan,2021-08-18,734012,1903516,38.5609
Non-core,2021-08-18,147395,447279,32.9537
Small metro,2021-08-18,188900,491627,38.4234
Large central metro,2021-08-19,1746012,3361980,51.934
Large fringe metro,2021-08-19,1245716,2472283,50.3873
Medium metro,2021-08-19,1399346,2998590,46.6668
Micropolitan,2021-08-19,735140,1903516,38.6201
Non-core,2021-08-19,147660,447279,33.013
Small metro,2021-08-19,189195,491627,38.4834
Large central metro,2021-08-20,1749303,3361980,52.0319
Large fringe metro,2021-08-20,1248051,2472283,50.4817
Medium metro,2021-08-20,1401839,2998590,46.7499
Micropolitan,2021-08-20,736679,1903516,38.701
Non-core,2021-08-20,147981,447279,33.0847
Small metro,2021-08-20,189602,491627,38.5662
Large central metro,2021-08-21,1751441,3361980,52.0955
Large fringe metro,2021-08-21,1249681,2472283,50.5477
Medium metro,2021-08-21,1403620,2998590,46.8093
Micropolitan,2021-08-21,737437,1903516,38.7408
Non-core,2021-08-21,148135,447279,33.1191
Small metro,2021-08-21,189795,491627,38.6055
Large central metro,2021-08-22,1752707,3361980,52.1332
Large fringe metro,2021-08-22,1250654,2472283,50.587
Medium metro,2021-08-22,1404609,2998590,46.8423
Micropolitan,2021-08-22,737991,1903516,38.7699
Non-core,2021-08-22,148233,447279,33.1411
Small metro,2021-08-22,189920,491627,38.6309
Large central metro,2021-08-23,1755528,3361980,52.2171
Large fringe metro,2021-08-23,1252598,2472283,50.6656
Medium metro,2021-08-23,1406877,2998590,46.918
Micropolitan,2021-08-23,739186,1903516,38.8327
Non-core,2021-08-23,148514,447279,33.2039
Small metro,2021-08-23,190208,491627,38.6895
Large central metro,2021-08-24,1758199,3361980,52.2965
Large fringe metro,2021-08-24,1254444,2472283,50.7403
Medium metro,2021-08-24,1408861,2998590,46.9841
Micropolitan,2021-08-24,740336,1903516,38.8931
Non-core,2021-08-24,148769,447279,33.2609
Small metro,2021-08-24,190523,491627,38.7536
Large central metro,2021-08-25,1760912,3361980,52.3772
Large fringe metro,2021-08-25,1256455,2472283,50.8216
Medium metro,2021-08-25,1410871,2998590,47.0511
Micropolitan,2021-08-25,741537,1903516,38.9562
Non-core,2021-08-25,149039,447279,33.3213
Small metro,2021-08-25,190847,491627,38.8195
Large central metro,2021-08-26,1763792,3361980,52.4629
Large fringe metro,2021-08-26,1258476,2472283,50.9034
Medium metro,2021-08-26,1413073,2998590,47.1246
Micropolitan,2021-08-26,742906,1903516,39.0281
Non-core,2021-08-26,149357,447279,33.3924
Small metro,2021-08-26,191158,491627,38.8827
Large central metro,2021-08-27,1767530,3361980,52.5741
Large fringe metro,2021-08-27,1261301,2472283,51.0177
Medium metro,2021-08-27,1416259,2998590,47.2308
Micropolitan,2021-08-27,744706,1903516,39.1227
Non-core,2021-08-27,149752,447279,33.4807
Small metro,2021-08-27,191652,491627,38.9832
Large central metro,2021-08-28,1770051,3361980,52.6491
Large fringe metro,2021-08-28,1263270,2472283,51.0973
Medium metro,2021-08-28,1418501,2998590,47.3056
Micropolitan,2021-08-28,745708,1903516,39.1753
Non-core,2021-08-28,149981,447279,33.5319
Small metro,2021-08-28,191913,491627,39.0363
Large central metro,2021-08-29,1771661,3361980,52.697
Large fringe metro,2021-08-29,1264604,2472283,51.1513
Medium metro,2021-08-29,1419830,2998590,47.3499
Micropolitan,2021-08-29,746260,1903516,39.2043
Non-core,2021-08-29,150074,447279,33.5527
Small metro,2021-08-29,192051,491627,39.0644
Large central metro,2021-08-30,1774678,3361980,52.7867
Large fringe metro,2021-08-30,1266733,2472283,51.2374
Medium metro,2021-08-30,1422273,2998590,47.4314
Micropolitan,2021-08-30,747557,1903516,39.2724
Non-core,2021-08-30,150373,447279,33.6195
Small metro,2021-08-30,192390,491627,39.1333
Large central metro,2021-08-31,1777503,3361980,52.8707
Large fringe metro,2021-08-31,1268765,2472283,51.3196
Medium metro,2021-08-31,1424600,2998590,47.509
Micropolitan,2021-08-31,748791,1903516,39.3373
Non-core,2021-08-31,150689,447279,33.6902
Small metro,2021-08-31,192769,491627,39.2104
Large central metro,2021-09-01,1780403,3361980,52.957
Large fringe metro,2021-09-01,1270669,2472283,51.3966
Medium metro,2021-09-01,1426710,2998590,47.5794
Micropolitan,2021-09-01,750243,1903516,39.4135
Non-core,2021-09-01,150986,447279,33.7566
Small metro,2021-09-01,193065,491627,39.2706
Large central metro,2021-09-02,1783033,3361980,53.0352
Large fringe metro,2021-09-02,1272642,2472283,51.4764
Medium metro,2021-09-02,1428955,2998590,47.6542
Micropolitan,2021-09-02,751588,1903516,39.4842
Non-core,2021-09-02,151323,447279,33.8319
Small metro,2021-09-02,193390,491627,39.3367
Large central metro,2021-09-03,1786555,3361980,53.14
Large fringe metro,2021-09-03,1275285,2472283,51.5833
Medium metro,2021-09-03,1431655,2998590,47.7443
Micropolitan,2021-09-03,753233,1903516,39.5706
Non-core,2021-09-03,151669,447279,33.9093
Small metro,2021-09-03,193830,491627,39.4262
Large central metro,2021-09-04,1788628,3361980,53.2016
Large fringe metro,2021-09-04,1276953,2472283,51.6508
Medium metro,2021-09-04,1433419,2998590,47.8031
Micropolitan,2021-09-04,754053,1903516,39.6137
Non-core,2021-09-04,151798,447279,33.9381
Small metro,2021-09-04,194019,491627,39.4647
Large central metro,2021-09-05,1790055,3361980,53.2441
Large fringe metro,2021-09-05,1278062,2472283,51.6956
Medium metro,2021-09-05,1434571,2998590,47.8415
Micropolitan,2021-09-05,754614,1903516,39.6432
Non-core,2021-09-05,151904,447279,33.9618
Small metro,2021-09-05,194165,491627,39.4944
Large central metro,2021-09-06,1790731,3361980,53.2642
Large fringe metro,2021-09-06,1278608,2472283,51.7177
Medium metro,2021-09-06,1435182,2998590,47.8619
Micropolitan,2021-09-06,755055,1903516,39.6663
Non-core,2021-09-06,151987,447279,33.9804
Small metro,2021-09-06,194310,491627,39.5239
Large central metro,2021-09-07,1793970,3361980,53.3605
Large fringe metro,2021-09-07,1280901,2472283,51.8105
Medium metro,2021-09-07,1437809,2998590,47.9495
Micropolitan,2021-09-07,756421,1903516,39.7381
Non-core,2021-09-07,152345,447279,34.0604
Small metro,2021-09-07,194674,491627,39.5979
Large central metro,2021-09-08,1796728,3361980,53.4426
Large fringe metro,2021-09-08,1282717,2472283,51.8839
Medium metro,2021-09-08,1439906,2998590,48.0194
Micropolitan,2021-09-08,757867,1903516,39.8141
Non-core,2021-09-08,152641,447279,34.1266
Small metro,2021-09-08,195040,491627,39.6724
Large central metro,2021-09-09,1799256,3361980,53.5177
Large fringe metro,2021-09-09,1284590,2472283,51.9597
Medium metro,2021-09-09,1442207,2998590,48.0962
Micropolitan,2021-09-09,759200,1903516,39.8841
Non-core,2021-09-09,152966,447279,34.1992
Small metro,2021-09-09,195376,491627,39.7407
Large central metro,2021-09-10,1802768,3361980,53.6222
Large fringe metro,2021-09-10,1287093,2472283,52.0609
Medium metro,2021-09-10,1444944,2998590,48.1874
Micropolitan,2021-09-10,760941,1903516,39.9756
Non-core,2021-09-10,153361,447279,34.2875
Small metro,2021-09-10,195840,491627,39.8351
Large central metro,2021-09-11,1804979,3361980,53.688
Large fringe metro,2021-09-11,1288735,2472283,52.1273
Medium metro,2021-09-11,1446846,2998590,48.2509
Micropolitan,2021-09-11,761796,1903516,40.0205
Non-core,2021-09-11,153517,447279,34.3224
Small metro,2021-09-11,196093,491627,39.8865
Large central metro,2021-09-12,1806184,3361980,53.7238
Large fringe metro,2021-09-12,1289841,2472283,52.1721
Medium metro,2021-09-12,1447898,2998590,48.286
Micropolitan,2021-09-12,762364,1903516,40.0503
Non-core,2021-09-12,153612,447279,34.3437
Small metro,2021-09-12,196224,491627,39.9132
Large central metro,2021-09-13,1808766,3361980,53.8006
Large fringe metro,2021-09-13,1291842,2472283,52.253
Medium metro,2021-09-13,1450124,2998590,48.3602
Micropolitan,2021-09-13,763670,1903516,40.1189
Non-core,2021-09-13,153933,447279,34.4154
Small metro,2021-09-13,196563,491627,39.9821
Large central metro,2021-09-14,1811411,3361980,53.8793
Large fringe metro,2021-09-14,1293856,2472283,52.3345
Medium metro,2021-09-14,1452211,2998590,48.4298
Micropolitan,2021-09-14,765055,1903516,40.1917
Non-core,2021-09-14,154236,447279,34.4832
Small metro,2021-09-14,196940,491627,40.0588
Large central metro,2021-09-15,1814118,3361980,53.9598
Large fringe metro,2021-09-15,1295922,2472283,52.418
Medium metro,2021-09-15,1454460,2998590,48.5048
Micropolitan,2021-09-15,766559,1903516,40.2707
Non-core,2021-09-15,154531,447279,34.5491
Small metro,2021-09-15,197269,491627,40.1257
Large central metro,2021-09-16,1816709,3361980,54.0369
Large fringe metro,2021-09-16,1297882,2472283,52.4973
Medium metro,2021-09-16,1456749,2998590,48.5811
Micropolitan,2021-09-16,768092,1903516,40.3512
Non-core,2021-09-16,154897,447279,34.631
Small metro,2021-09-16,197646,491627,40.2024
Large central metro,2021-09-17,1820092,3361980,54.1375
Large fringe metro,2021-09-17,1300571,2472283,52.6061
Medium metro,2021-09-17,1459593,2998590,48.676
Micropolitan,2021-09-17,770032,1903516,40.4531
Non-core,2021-09-17,155306,447279,34.7224
Small metro,2021-09-17,198163,491627,40.3076
Large central metro,2021-09-18,1822229,3361980,54.2011
Large fringe metro,2021-09-18,1302172,2472283,52.6708
Medium metro,2021-09-18,1461461,2998590,48.7383
Micropolitan,2021-09-18,770922,1903516,40.4999
Non-core,2021-09-18,155504,447279,34.7667
Small metro,2021-09-18,198450,491627,40.366
Large central metro,2021-09-19,1823510,3361980,54.2392
Large fringe metro,2021-09-19,1303276,2472283,52.7155
Medium metro,2021-09-19,1462674,2998590,48.7787
Micropolitan,2021-09-19,771552,1903516,40.533
Non-core,2021-09-19,155599,447279,34.7879
Small metro,2021-09-19,198626,491627,40.4018
Large central metro,2021-09-20,1825920,3361980,54.3109
Large fringe metro,2021-09-20,1305413,2472283,52.8019
Medium metro,2021-09-20,1464879,2998590,48.8523
Micropolitan,2021-09-20,772928,1903516,40.6053
Non-core,2021-09-20,155940,447279,34.8641
Small metro,2021-09-20,199038,491627,40.4856
Large central metro,2021-09-21,1828357,3361980,54.3833
Large fringe metro,2021-09-21,1307199,2472283,52.8742
Medium metro,2021-09-21,1466860,2998590,48.9183
Micropolitan,2021-09-21,774203,1903516,40.6723
Non-core,2021-09-21,156237,447279,34.9305
Small metro,2021-09-21,199426,491627,40.5645
Large central metro,2021-09-22,1830856,3361980,54.4577
Large fringe metro,2021-09-22,1309155,2472283,52.9533
Medium metro,2021-09-22,1468961,2998590,48.9884
Micropolitan,2021-09-22,775490,1903516,40.7399
Non-core,2021-09-22,156544,447279,34.9992
Small metro,2021-09-22,199796,491627,40.6398
Large central metro,2021-09-23,1833152,3361980,54.526
Large fringe metro,2021-09-23,1311092,2472283,53.0316
Medium metro,2021-09-23,1470892,2998590,49.0528
Micropolitan,2021-09-23,776874,1903516,40.8126
Non-core,2021-09-23,156889,447279,35.0763
Small metro,2021-09-23,200110,491627,40.7036
Large central metro,2021-09-24,1836153,3361980,54.6152
Large fringe metro,2021-09-24,1313476,2472283,53.1281
Medium metro,2021-09-24,1473507,2998590,49.14
Micropolitan,2021-09-24,778623,1903516,40.9045
Non-core,2021-09-24,157308,447279,35.17
Small metro,2021-09-24,200640,491627,40.8114
Large central metro,2021-09-25,1837943,3361980,54.6685
Large fringe metro,2021-09-25,1314872,2472283,53.1845
Medium metro,2021-09-25,1475076,2998590,49.1923
Micropolitan,2021-09-25,779556,1903516,40.9535
Non-core,2021-09-25,157510,447279,35.2152
Small metro,2021-09-25,200880,491627,40.8602
Large central metro,2021-09-26,1839134,3361980,54.7039
Large fringe metro,2021-09-26,1315838,2472283,53.2236
Medium metro,2021-09-26,1476151,2998590,49.2282
Micropolitan,2021-09-26,780114,1903516,40.9828
Non-core,2021-09-26,157622,447279,35.2402
Small metro,2021-09-26,201054,491627,40.8956
Large central metro,2021-09-27,1840580,3361980,54.7469
Large fringe metro,2021-09-27,1316981,2472283,53.2698
Medium metro,2021-09-27,1477427,2998590,49.2707
Micropolitan,2021-09-27,780969,1903516,41.0277
Non-core,2021-09-27,157833,447279,35.2874
Small metro,2021-09-27,201277,491627,40.941
Large central metro,2021-09-28,1842894,3361980,54.8157
Large fringe metro,2021-09-28,1318747,2472283,53.3413
Medium metro,2021-09-28,1479202,2998590,49.3299
Micropolitan,2021-09-28,782209,1903516,41.0929
Non-core,2021-09-28,158117,447279,35.3509
Small metro,2021-09-28,201627,491627,41.0122
Large central metro,2021-09-29,1845217,3361980,54.8848
Large fringe metro,2021-09-29,1320539,2472283,53.4137
Medium metro,2021-09-29,1481007,2998590,49.3901
Micropolitan,2021-09-29,783533,1903516,41.1624
Non-core,2021-09-29,158385,447279,35.4108
Small metro,2021-09-29,202048,491627,41.0978
Large central metro,2021-09-30,1847581,3361980,54.9551
Large fringe metro,2021-09-30,1322481,2472283,53.4923
Medium metro,2021-09-30,1482857,2998590,49.4518
Micropolitan,2021-09-30,784793,1903516,41.2286
Non-core,2021-09-30,158744,447279,35.491
Small metro,2021-09-30,202369,491627,41.1631
Large central metro,2021-10-01,1850741,3361980,55.0491
Large fringe metro,2021-10-01,1324817,2472283,53.5868
Medium metro,2021-10-01,1485218,2998590,49.5305
Micropolitan,2021-10-01,786546,1903516,41.3207
Non-core,2021-10-01,159100,447279,35.5706
Small metro,2021-10-01,202811,491627,41.253
Large central metro,2021-10-02,1852371,3361980,55.0976
Large fringe metro,2021-10-02,1326189,2472283,53.6423
Medium metro,2021-10-02,1486638,2998590,49.5779
Micropolitan,2021-10-02,787566,1903516,41.3743
Non-core,2021-10-02,159279,447279,35.6107
Small metro,2021-10-02,203033,491627,41.2982
Large central metro,2021-10-03,1853467,3361980,55.1302
Large fringe metro,2021-10-03,1327149,2472283,53.6811
Medium metro,2021-10-03,1487607,2998590,49.6102
Micropolitan,2021-10-03,788146,1903516,41.4047
Non-core,2021-10-03,159376,447279,35.6323
Small metro,2021-10-03,203183,491627,41.3287
Large central metro,2021-10-04,1855521,3361980,55.1913
Large fringe metro,2021-10-04,1328743,2472283,53.7456
Medium metro,2021-10-04,1489234,2998590,49.6645
Micropolitan,2021-10-04,789202,1903516,41.4602
Non-core,2021-10-04,159647,447279,35.6929
Small metro,2021-10-04,203442,491627,41.3814
Large central metro,2021-10-05,1857575,3361980,55.2524
Large fringe metro,2021-10-05,1330351,2472283,53.8106
Medium metro,2021-10-05,1490875,2998590,49.7192
Micropolitan,2021-10-05,790365,1903516,41.5213
Non-core,2021-10-05,159913,447279,35.7524
Small metro,2021-10-05,203787,491627,41.4515
Large central metro,2021-10-06,1859668,3361980,55.3147
Large fringe metro,2021-10-06,1331877,2472283,53.8724
Medium metro,2021-10-06,1492644,2998590,49.7782
Micropolitan,2021-10-06,791700,1903516,41.5915
Non-core,2021-10-06,160184,447279,35.813
Small metro,2021-10-06,204081,491627,41.5113
Large central metro,2021-10-07,1861678,3361980,55.3745
Large fringe metro,2021-10-07,1333460,2472283,53.9364
Medium metro,2021-10-07,1494532,2998590,49.8412
Micropolitan,2021-10-07,792963,1903516,41.6578
Non-core,2021-10-07,160492,447279,35.8819
Small metro,2021-10-07,204398,491627,41.5758
Large central metro,2021-10-08,1864228,3361980,55.4503
Large fringe metro,2021-10-08,1335307,2472283,54.0111
Medium metro,2021-10-08,1496620,2998590,49.9108
Micropolitan,2021-10-08,794499,1903516,41.7385
Non-core,2021-10-08,160861,447279,35.9644
Small metro,2021-10-08,204817,491627,41.6611
Large central metro,2021-10-09,1865670,3361980,55.4932
Large fringe metro,2021-10-09,1336437,2472283,54.0568
Medium metro,2021-10-09,1497822,2998590,49.9509
Micropolitan,2021-10-09,795265,1903516,41.7787
Non-core,2021-10-09,161018,447279,35.9995
Small metro,2021-10-09,205035,491627,41.7054
Large central metro,2021-10-10,1866472,3361980,55.517
Large fringe metro,2021-10-10,1337132,2472283,54.0849
Medium metro,2021-10-10,1498636,2998590,49.978
Micropolitan,2021-10-10,795768,1903516,41.8052
Non-core,2021-10-10,161109,447279,36.0198
Small metro,2021-10-10,205195,491627,41.7379
Large central metro,2021-10-11,1868379,3361980,55.5738
Large fringe metro,2021-10-11,1338512,2472283,54.1407
Medium metro,2021-10-11,1500183,2998590,50.0296
Micropolitan,2021-10-11,796811,1903516,41.86
Non-core,2021-10-11,161344,447279,36.0723
Small metro,2021-10-11,205453,491627,41.7904
Large central metro,2021-10-12,1870269,3361980,55.63
Large fringe metro,2021-10-12,1339938,2472283,54.1984
Medium metro,2021-10-12,1501779,2998590,50.0828
Micropolitan,2021-10-12,797865,1903516,41.9153
Non-core,2021-10-12,161555,447279,36.1195
Small metro,2021-10-12,205721,491627,41.8449
Large central metro,2021-10-13,1872151,3361980,55.686
Large fringe metro,2021-10-13,1341410,2472283,54.2579
Medium metro,2021-10-13,1503362,2998590,50.1356
Micropolitan,2021-10-13,798994,1903516,41.9746
Non-core,2021-10-13,161807,447279,36.1759
Small metro,2021-10-13,205981,491627,41.8978
Large central metro,2021-10-14,1874083,3361980,55.7434
Large fringe metro,2021-10-14,1342749,2472283,54.3121
Medium metro,2021-10-14,1504887,2998590,50.1865
Micropolitan,2021-10-14,800168,1903516,42.0363
Non-core,2021-10-14,162172,447279,36.2575
Small metro,2021-10-14,206250,491627,41.9525
Large central metro,2021-10-15,1876260,3361980,55.8082
Large fringe metro,2021-10-15,1344408,2472283,54.3792
Medium metro,2021-10-15,1506779,2998590,50.2496
Micropolitan,2021-10-15,801645,1903516,42.1139
Non-core,2021-10-15,162489,447279,36.3283
Small metro,2021-10-15,206566,491627,42.0168
Large central metro,2021-10-16,1877563,3361980,55.8469
Large fringe metro,2021-10-16,1345406,2472283,54.4196
Medium metro,2021-10-16,1507837,2998590,50.2849
Micropolitan,2021-10-16,802302,1903516,42.1484
Non-core,2021-10-16,162689,447279,36.373
Small metro,2021-10-16,206750,491627,42.0542
Large central metro,2021-10-17,1878277,3361980,55.8682
Large fringe metro,2021-10-17,1345920,2472283,54.4404
Medium metro,2021-10-17,1508461,2998590,50.3057
Micropolitan,2021-10-17,802701,1903516,42.1694
Non-core,2021-10-17,162782,447279,36.3938
Small metro,2021-10-17,206839,491627,42.0723
Large central metro,2021-10-18,1879926,3361980,55.9172
Large fringe metro,2021-10-18,1347139,2472283,54.4897
Medium metro,2021-10-18,1509803,2998590,50.3504
Micropolitan,2021-10-18,803636,1903516,42.2185
Non-core,2021-10-18,162992,447279,36.4408
Small metro,2021-10-18,207112,491627,42.1279
Large central metro,2021-10-19,1881524,3361980,55.9648
Large fringe metro,2021-10-19,1348290,2472283,54.5362
Medium metro,2021-10-19,1511166,2998590,50.3959
Micropolitan,2021-10-19,804574,1903516,42.2678
Non-core,2021-10-19,163193,447279,36.4857
Small metro,2021-10-19,207348,491627,42.1759
Large central metro,2021-10-20,1883230,3361980,56.0155
Large fringe metro,2021-10-20,1349482,2472283,54.5844
Medium metro,2021-10-20,1512439,2998590,50.4383
Micropolitan,2021-10-20,805513,1903516,42.3171
Non-core,2021-10-20,163401,447279,36.5322
Small metro,2021-10-20,207591,491627,42.2253
Large central metro,2021-10-21,1884899,3361980,56.0651
Large fringe metro,2021-10-21,1350658,2472283,54.632
Medium metro,2021-10-21,1513803,2998590,50.4838
Micropolitan,2021-10-21,806443,1903516,42.366
Non-core,2021-10-21,163648,447279,36.5875
Small metro,2021-10-21,207799,491627,42.2676
Large central metro,2021-10-22,1886913,3361980,56.1251
Large fringe metro,2021-10-22,1352040,2472283,54.6879
Medium metro,2021-10-22,1515495,2998590,50.5403
Micropolitan,2021-10-22,807633,1903516,42.4285
Non-core,2021-10-22,163924,447279,36.6492
Small metro,2021-10-22,208088,491627,42.3264
Large central metro,2021-10-23,1888050,3361980,56.1589
Large fringe metro,2021-10-23,1352775,2472283,54.7176
Medium metro,2021-10-23,1516450,2998590,50.5721
Micropolitan,2021-10-23,808117,1903516,42.4539
Non-core,2021-10-23,164043,447279,36.6758
Small metro,2021-10-23,208197,491627,42.3486
Large central metro,2021-10-24,1888699,3361980,56.1782
Large fringe metro,2021-10-24,1353294,2472283,54.7386
Medium metro,2021-10-24,1517035,2998590,50.5916
Micropolitan,2021-10-24,808431,1903516,42.4704
Non-core,2021-10-24,164106,447279,36.6899
Small metro,2021-10-24,208301,491627,42.3697
Large central metro,2021-10-25,1890347,3361980,56.2272
Large fringe metro,2021-10-25,1354430,2472283,54.7846
Medium metro,2021-10-25,1518389,2998590,50.6368
Micropolitan,2021-10-25,809197,1903516,42.5106
Non-core,2021-10-25,164320,447279,36.7377
Small metro,2021-10-25,208555,491627,42.4214
Large central metro,2021-10-26,1891947,3361980,56.2748
Large fringe metro,2021-10-26,1355520,2472283,54.8287
Medium metro,2021-10-26,1519736,2998590,50.6817
Micropolitan,2021-10-26,810010,1903516,42.5534
Non-core,2021-10-26,164511,447279,36.7804
Small metro,2021-10-26,208771,491627,42.4653
Large central metro,2021-10-27,1893549,3361980,56.3224
Large fringe metro,2021-10-27,1356601,2472283,54.8724
Medium metro,2021-10-27,1521136,2998590,50.7284
Micropolitan,2021-10-27,810890,1903516,42.5996
Non-core,2021-10-27,164692,447279,36.8209
Small metro,2021-10-27,209003,491627,42.5125
Large central metro,2021-10-28,1895292,3361980,56.3743
Large fringe metro,2021-10-28,1357785,2472283,54.9203
Medium metro,2021-10-28,1522711,2998590,50.7809
Micropolitan,2021-10-28,811739,1903516,42.6442
Non-core,2021-10-28,164942,447279,36.8768
Small metro,2021-10-28,209215,491627,42.5556
Large central metro,2021-10-29,1897389,3361980,56.4367
Large fringe metro,2021-10-29,1359138,2472283,54.975
Medium metro,2021-10-29,1524222,2998590,50.8313
Micropolitan,2021-10-29,812859,1903516,42.703
Non-core,2021-10-29,165176,447279,36.9291
Small metro,2021-10-29,209566,491627,42.627
Large central metro,2021-10-30,1898482,3361980,56.4692
Large fringe metro,2021-10-30,1359862,2472283,55.0043
Medium metro,2021-10-30,1525119,2998590,50.8612
Micropolitan,2021-10-30,813264,1903516,42.7243
Non-core,2021-10-30,165287,447279,36.9539
Small metro,2021-10-30,209687,491627,42.6516
Large central metro,2021-10-31,1899083,3361980,56.487
Large fringe metro,2021-10-31,1360304,2472283,55.0222
Medium metro,2021-10-31,1525596,2998590,50.8771
Micropolitan,2021-10-31,813502,1903516,42.7368
Non-core,2021-10-31,165357,447279,36.9695
Small metro,2021-10-31,209757,491627,42.6659
Large central metro,2021-11-01,1900644,3361980,56.5335
Large fringe metro,2021-11-01,1361374,2472283,55.0655
Medium metro,2021-11-01,1526904,2998590,50.9207
Micropolitan,2021-11-01,814239,1903516,42.7755
Non-core,2021-11-01,165531,447279,37.0084
Small metro,2021-11-01,209943,491627,42.7037
Large central metro,2021-11-02,1902172,3361980,56.5789
Large fringe metro,2021-11-02,1362450,2472283,55.109
Medium metro,2021-11-02,1528132,2998590,50.9617
Micropolitan,2021-11-02,814965,1903516,42.8137
Non-core,2021-11-02,165676,447279,37.0409
Small metro,2021-11-02,210144,491627,42.7446
Large central metro,2021-11-03,1903842,3361980,56.6286
Large fringe metro,2021-11-03,1363631,2472283,55.1568
Medium metro,2021-11-03,1529386,2998590,51.0035
Micropolitan,2021-11-03,815799,1903516,42.8575
Non-core,2021-11-03,165895,447279,37.0898
Small metro,2021-11-03,210330,491627,42.7824
Large central metro,2021-11-04,1905519,3361980,56.6785
Large fringe metro,2021-11-04,1364787,2472283,55.2035
Medium metro,2021-11-04,1530618,2998590,51.0446
Micropolitan,2021-11-04,816649,1903516,42.9021
Non-core,2021-11-04,166106,447279,37.137
Small metro,2021-11-04,210540,491627,42.8251
Large central metro,2021-11-05,1907452,3361980,56.736
Large fringe metro,2021-11-05,1366114,2472283,55.2572
Medium metro,2021-11-05,1532204,2998590,51.0975
Micropolitan,2021-11-05,817640,1903516,42.9542
Non-core,2021-11-05,166341,447279,37.1895
Small metro,2021-11-05,210812,491627,42.8805
Large central metro,2021-11-06,1908499,3361980,56.7671
Large fringe metro,2021-11-06,1366847,2472283,55.2868
Medium metro,2021-11-06,1533078,2998590,51.1266
Micropolitan,2021-11-06,818058,1903516,42.9762
Non-core,2021-11-06,166420,447279,37.2072
Small metro,2021-11-06,210925,491627,42.9035
Large central metro,2021-11-07,1909043,3361980,56.7833
Large fringe metro,2021-11-07,1367282,2472283,55.3044
Medium metro,2021-11-07,1533510,2998590,51.141
Micropolitan,2021-11-07,818318,1903516,42.9898
Non-core,2021-11-07,166477,447279,37.2199
Small metro,2021-11-07,210999,491627,42.9185
Large central metro,2021-11-08,1910511,3361980,56.827
Large fringe metro,2021-11-08,1368285,2472283,55.345
Medium metro,2021-11-08,1534660,2998590,51.1794
Micropolitan,2021-11-08,818970,1903516,43.0241
Non-core,2021-11-08,166631,447279,37.2544
Small metro,2021-11-08,211171,491627,42.9535
Large central metro,2021-11-09,1911860,3361980,56.8671
Large fringe metro,2021-11-09,1369204,2472283,55.3822
Medium metro,2021-11-09,1535730,2998590,51.2151
Micropolitan,2021-11-09,819607,1903516,43.0575
Non-core,2021-11-09,166788,447279,37.2895
Small metro,2021-11-09,211370,491627,42.994
Large central metro,2021-11-10,1913216,3361980,56.9074
Large fringe metro,2021-11-10,1370152,2472283,55.4205
Medium metro,2021-11-10,1536894,2998590,51.2539
Micropolitan,2021-11-10,820343,1903516,43.0962
Non-core,2021-11-10,166967,447279,37.3295
Small metro,2021-11-10,211534,491627,43.0273
Large central metro,2021-11-11,1914526,3361980,56.9464
Large fringe metro,2021-11-11,1371158,2472283,55.4612
Medium metro,2021-11-11,1537996,2998590,51.2906
Micropolitan,2021-11-11,821013,1903516,43.1314
Non-core,2021-11-11,167131,447279,37.3662
Small metro,2021-11-11,211705,491627,43.0621
Large central metro,2021-11-12,1916249,3361980,56.9976
Large fringe metro,2021-11-12,1372422,2472283,55.5123
Medium metro,2021-11-12,1539553,2998590,51.3426
Micropolitan,2021-11-12,822036,1903516,43.1851
Non-core,2021-11-12,167354,447279,37.416
Small metro,2021-11-12,211908,491627,43.1034
Large central metro,2021-11-13,1917161,3361980,57.0248
Large fringe metro,2021-11-13,1373144,2472283,55.5415
Medium metro,2021-11-13,1540352,2998590,51.3692
Micropolitan,2021-11-13,822438,1903516,43.2063
Non-core,2021-11-13,167445,447279,37.4364
Small metro,2021-11-13,212035,491627,43.1292
Large central metro,2021-11-14,1917673,3361980,57.04
Large fringe metro,2021-11-14,1373538,2472283,55.5575
Medium metro,2021-11-14,1540810,2998590,51.3845
Micropolitan,2021-11-14,822691,1903516,43.2195
Non-core,2021-11-14,167486,447279,37.4455
Small metro,2021-11-14,212101,491627,43.1427
Large central metro,2021-11-15,1919025,3361980,57.0802
Large fringe metro,2021-11-15,1374593,2472283,55.6001
Medium metro,2021-11-15,1542122,2998590,51.4282
Micropolitan,2021-11-15,823451,1903516,43.2595
Non-core,2021-11-15,167644,447279,37.4809
Small metro,2021-11-15,212267,491627,43.1764
Large central metro,2021-11-16,1920439,3361980,57.1223
Large fringe metro,2021-11-16,1375480,2472283,55.636
Medium metro,2021-11-16,1543259,2998590,51.4662
Micropolitan,2021-11-16,824209,1903516,43.2993
Non-core,2021-11-16,167823,447279,37.5209
Small metro,2021-11-16,212470,491627,43.2177
Large central metro,2021-11-17,1921854,3361980,57.1643
Large fringe metro,2021-11-17,1376395,2472283,55.673
Medium metro,2021-11-17,1544407,2998590,51.5044
Micropolitan,2021-11-17,825017,1903516,43.3417
Non-core,2021-11-17,167980,447279,37.556
Small metro,2021-11-17,212656,491627,43.2556
Large central metro,2021-11-18,1923279,3361980,57.2067
Large fringe metro,2021-11-18,1377369,2472283,55.7124
Medium metro,2021-11-18,1545714,2998590,51.548
Micropolitan,2021-11-18,825855,1903516,43.3858
Non-core,2021-11-18,168138,447279,37.5913
Small metro,2021-11-18,212846,491627,43.2942
Large central metro,2021-11-19,1924948,3361980,57.2564
Large fringe metro,2021-11-19,1378582,2472283,55.7615
Medium metro,2021-11-19,1547153,2998590,51.596
Micropolitan,2021-11-19,826827,1903516,43.4368
Non-core,2021-11-19,168349,447279,37.6385
Small metro,2021-11-19,213126,491627,43.3512
Large central metro,2021-11-20,1925757,3361980,57.2804
Large fringe metro,2021-11-20,1379171,2472283,55.7853
Medium metro,2021-11-20,1547902,2998590,51.621
Micropolitan,2021-11-20,827179,1903516,43.4553
Non-core,2021-11-20,168407,447279,37.6514
Small metro,2021-11-20,213212,491627,43.3687
Large central metro,2021-11-21,1926201,3361980,57.2936
Large fringe metro,2021-11-21,1379560,2472283,55.8011
Medium metro,2021-11-21,1548347,2998590,51.6358
Micropolitan,2021-11-21,827433,1903516,43.4687
Non-core,2021-11-21,168467,447279,37.6649
Small metro,2021-11-21,213275,491627,43.3815
Large central metro,2021-11-22,1927652,3361980,57.3368
Large fringe metro,2021-11-22,1380532,2472283,55.8404
Medium metro,2021-11-22,1549537,2998590,51.6755
Micropolitan,2021-11-22,828091,1903516,43.5032
Non-core,2021-11-22,168609,447279,37.6966
Small metro,2021-11-22,213452,491627,43.4175
Large central metro,2021-11-23,1928983,3361980,57.3764
Large fringe metro,2021-11-23,1381474,2472283,55.8785
Medium metro,2021-11-23,1550688,2998590,51.7139
Micropolitan,2021-11-23,828734,1903516,43.537
Non-core,2021-11-23,168762,447279,37.7308
Small metro,2021-11-23,213629,491627,43.4535
Large central metro,2021-11-24,1930492,3361980,57.4213
Large fringe metro,2021-11-24,1382506,2472283,55.9202
Medium metro,2021-11-24,1551687,2998590,51.7472
Micropolitan,2021-11-24,829417,1903516,43.5729
Non-core,2021-11-24,168920,447279,37.7661
Small metro,2021-11-24,213787,491627,43.4856
Large central metro,2021-11-25,1930522,3361980,57.4222
Large fringe metro,2021-11-25,1382537,2472283,55.9215
Medium metro,2021-11-25,1551732,2998590,51.7487
Micropolitan,2021-11-25,829435,1903516,43.5738
Non-core,2021-11-25,168924,447279,37.767
Small metro,2021-11-25,213793,491627,43.4868
Large central metro,2021-11-26,1932262,3361980,57.4739
Large fringe metro,2021-11-26,1383623,2472283,55.9654
Medium metro,2021-11-26,1552891,2998590,51.7874
Micropolitan,2021-11-26,830075,1903516,43.6075
Non-core,2021-11-26,169070,447279,37.7997
Small metro,2021-11-26,213962,491627,43.5212
Large central metro,2021-11-27,1934159,3361980,57.5304
Large fringe metro,2021-11-27,1384935,2472283,56.0185
Medium metro,2021-11-27,1553904,2998590,51.8212
Micropolitan,2021-11-27,830653,1903516,43.6378
Non-core,2021-11-27,169175,447279,37.8231
Small metro,2021-11-27,214104,491627,43.5501
Large central metro,2021-11-28,1935430,3361980,57.5682
Large fringe metro,2021-11-28,1385773,2472283,56.0524
Medium metro,2021-11-28,1554731,2998590,51.8487
Micropolitan,2021-11-28,831046,1903516,43.6585
Non-core,2021-11-28,169241,447279,37.8379
Small metro,2021-11-28,214205,491627,43.5706
Large central metro,2021-11-29,1939017,3361980,57.6749
Large fringe metro,2021-11-29,1388120,2472283,56.1473
Medium metro,2021-11-29,1557681,2998590,51.9471
Micropolitan,2021-11-29,832207,1903516,43.7195
Non-core,2021-11-29,169474,447279,37.89
Small metro,2021-11-29,214432,491627,43.6168
Large central metro,2021-11-30,1943460,3361980,57.807
Large fringe metro,2021-11-30,1391046,2472283,56.2656
Medium metro,2021-11-30,1560490,2998590,52.0408
Micropolitan,2021-11-30,833414,1903516,43.7829
Non-core,2021-11-30,169742,447279,37.9499
Small metro,2021-11-30,214804,491627,43.6925
Large central metro,2021-12-01,1948336,3361980,57.952
Large fringe metro,2021-12-01,1393987,2472283,56.3846
Medium metro,2021-12-01,1563517,2998590,52.1417
Micropolitan,2021-12-01,834694,1903516,43.8501
Non-core,2021-12-01,170019,447279,38.0118
Small metro,2021-12-01,215156,491627,43.7641
Large central metro,2021-12-02,1951853,3361980,58.0567
Large fringe metro,2021-12-02,1396518,2472283,56.487
Medium metro,2021-12-02,1566338,2998590,52.2358
Micropolitan,2021-12-02,835761,1903516,43.9062
Non-core,2021-12-02,170225,447279,38.0579
Small metro,2021-12-02,215393,491627,43.8123
Large central metro,2021-12-03,1955702,3361980,58.1711
Large fringe metro,2021-12-03,1399445,2472283,56.6054
Medium metro,2021-12-03,1569092,2998590,52.3277
Micropolitan,2021-12-03,837539,1903516,43.9996
Non-core,2021-12-03,170553,447279,38.1312
Small metro,2021-12-03,215789,491627,43.8928
Large central metro,2021-12-04,1961710,3361980,58.3498
Large fringe metro,2021-12-04,1403199,2472283,56.7572
Medium metro,2021-12-04,1571889,2998590,52.4209
Micropolitan,2021-12-04,838310,1903516,44.0401
Non-core,2021-12-04,170718,447279,38.1681
Small metro,2021-12-04,215950,491627,43.9256
Large central metro,2021-12-05,1963473,3361980,58.4023
Large fringe metro,2021-12-05,1404523,2472283,56.8108
Medium metro,2021-12-05,1574282,2998590,52.5007
Micropolitan,2021-12-05,838688,1903516,44.0599
Non-core,2021-12-05,170776,447279,38.1811
Small metro,2021-12-05,216049,491627,43.9457
Large central metro,2021-12-06,1967110,3361980,58.5105
Large fringe metro,2021-12-06,1407197,2472283,56.9189
Medium metro,2021-12-06,1577079,2998590,52.594
Micropolitan,2021-12-06,839635,1903516,44.1097
Non-core,2021-12-06,170963,447279,38.2229
Small metro,2021-12-06,216247,491627,43.986
Large central metro,2021-12-07,1970969,3361980,58.6252
Large fringe metro,2021-12-07,1409774,2472283,57.0232
Medium metro,2021-12-07,1579909,2998590,52.6884
Micropolitan,2021-12-07,840556,1903516,44.1581
Non-core,2021-12-07,171176,447279,38.2705
Small metro,2021-12-07,216519,491627,44.0413
Large central metro,2021-12-08,1974937,3361980,58.7433
Large fringe metro,2021-12-08,1412294,2472283,57.1251
Medium metro,2021-12-08,1582641,2998590,52.7795
Micropolitan,2021-12-08,841767,1903516,44.2217
Non-core,2021-12-08,171402,447279,38.321
Small metro,2021-12-08,216752,491627,44.0887
Large central metro,2021-12-09,1978869,3361980,58.8602
Large fringe metro,2021-12-09,1415428,2472283,57.2519
Medium metro,2021-12-09,1585051,2998590,52.8599
Micropolitan,2021-12-09,842878,1903516,44.2801
Non-core,2021-12-09,171657,447279,38.3781
Small metro,2021-12-09,216967,491627,44.1324
Large central metro,2021-12-10,1982922,3361980,58.9808
Large fringe metro,2021-12-10,1418011,2472283,57.3563
Medium metro,2021-12-10,1588711,2998590,52.9819
Micropolitan,2021-12-10,844289,1903516,44.3542
Non-core,2021-12-10,171943,447279,38.442
Small metro,2021-12-10,217298,491627,44.1998
Large central metro,2021-12-11,1987779,3361980,59.1252
Large fringe metro,2021-12-11,1421311,2472283,57.4898
Medium metro,2021-12-11,1590966,2998590,53.0571
Micropolitan,2021-12-11,845033,1903516,44.3933
Non-core,2021-12-11,172043,447279,38.4644
Small metro,2021-12-11,217460,491627,44.2327
Large central metro,2021-12-12,1989050,3361980,59.1631
Large fringe metro,2021-12-12,1422388,2472283,57.5334
Medium metro,2021-12-12,1591691,2998590,53.0813
Micropolitan,2021-12-12,845325,1903516,44.4086
Non-core,2021-12-12,172081,447279,38.4729
Small metro,2021-12-12,217539,491627,44.2488
Large central metro,2021-12-13,1992159,3361980,59.2555
Large fringe metro,2021-12-13,1424480,2472283,57.618
Medium metro,2021-12-13,1593756,2998590,53.1502
Micropolitan,2021-12-13,846131,1903516,44.451
Non-core,2021-12-13,172247,447279,38.51
Small metro,2021-12-13,217711,491627,44.2838
Large central metro,2021-12-14,1995314,3361980,59.3494
Large fringe metro,2021-12-14,1426507,2472283,57.7
Medium metro,2021-12-14,1596223,2998590,53.2325
Micropolitan,2021-12-14,847163,1903516,44.5052
Non-core,2021-12-14,172428,447279,38.5504
Small metro,2021-12-14,217985,491627,44.3395
Large central metro,2021-12-15,1998100,3361980,59.4322
Large fringe metro,2021-12-15,1428361,2472283,57.775
Medium metro,2021-12-15,1598341,2998590,53.3031
Micropolitan,2021-12-15,848108,1903516,44.5548
Non-core,2021-12-15,172596,447279,38.588
Small metro,2021-12-15,218298,491627,44.4032
Large central metro,2021-12-16,1999601,3361980,59.4769
Large fringe metro,2021-12-16,1429549,2472283,57.823
Medium metro,2021-12-16,1599678,2998590,53.3477
Micropolitan,2021-12-16,848766,1903516,44.5894
Non-core,2021-12-16,172750,447279,38.6224
Small metro,2021-12-16,218453,491627,44.4347
Large central metro,2021-12-17,2002052,3361980,59.5498
Large fringe metro,2021-12-17,1431457,2472283,57.9002
Medium metro,2021-12-17,1602067,2998590,53.4273
Micropolitan,2021-12-17,849786,1903516,44.643
Non-core,2021-12-17,172913,447279,38.6589
Small metro,2021-12-17,218637,491627,44.4721
Large central metro,2021-12-18,2004197,3361980,59.6136
Large fringe metro,2021-12-18,1432838,2472283,57.9561
Medium metro,2021-12-18,1603388,2998590,53.4714
Micropolitan,2021-12-18,850357,1903516,44.673
Non-core,2021-12-18,172981,447279,38.6741
Small metro,2021-12-18,218791,491627,44.5035
Large central metro,2021-12-19,2004926,3361980,59.6353
Large fringe metro,2021-12-19,1433415,2472283,57.9794
Medium metro,2021-12-19,1603921,2998590,53.4892
Micropolitan,2021-12-19,850607,1903516,44.6861
Non-core,2021-12-19,173033,447279,38.6857
Small metro,2021-12-19,218869,491627,44.5193
Large central metro,2021-12-20,2007297,3361980,59.7058
Large fringe metro,2021-12-20,1435243,2472283,58.0533
Medium metro,2021-12-20,1605849,2998590,53.5535
Micropolitan,2021-12-20,851442,1903516,44.73
Non-core,2021-12-20,173215,447279,38.7264
Small metro,2021-12-20,219056,491627,44.5574
Large central metro,2021-12-21,2009468,3361980,59.7704
Large fringe metro,2021-12-21,1436852,2472283,58.1184
Medium metro,2021-12-21,1607467,2998590,53.6074
Micropolitan,2021-12-21,852345,1903516,44.7774
Non-core,2021-12-21,173420,447279,38.7722
Small metro,2021-12-21,219272,491627,44.6013
Large central metro,2021-12-22,2011635,3361980,59.8348
Large fringe metro,2021-12-22,1438438,2472283,58.1826
Medium metro,2021-12-22,1609114,2998590,53.6624
Micropolitan,2021-12-22,853333,1903516,44.8293
Non-core,2021-12-22,173602,447279,38.8129
Small metro,2021-12-22,219559,491627,44.6597
Large central metro,2021-12-23,2013388,3361980,59.887
Large fringe metro,2021-12-23,1439603,2472283,58.2297
Medium metro,2021-12-23,1610454,2998590,53.707
Micropolitan,2021-12-23,853925,1903516,44.8604
Non-core,2021-12-23,173733,447279,38.8422
Small metro,2021-12-23,219728,491627,44.694
Large central metro,2021-12-24,2013933,3361980,59.9032
Large fringe metro,2021-12-24,1439944,2472283,58.2435
Medium metro,2021-12-24,1610815,2998590,53.7191
Micropolitan,2021-12-24,854087,1903516,44.8689
Non-core,2021-12-24,173772,447279,38.8509
Small metro,2021-12-24,219775,491627,44.7036
Large central metro,2021-12-25,2013940,3361980,59.9034
Large fringe metro,2021-12-25,1439946,2472283,58.2436
Medium metro,2021-12-25,1610817,2998590,53.7191
Micropolitan,2021-12-25,854088,1903516,44.869
Non-core,2021-12-25,173772,447279,38.8509
Small metro,2021-12-25,219775,491627,44.7036
Large central metro,2021-12-26,2014576,3361980,59.9223
Large fringe metro,2021-12-26,1440620,2472283,58.2708
Medium metro,2021-12-26,1611578,2998590,53.7445
Micropolitan,2021-12-26,854467,1903516,44.8889
Non-core,2021-12-26,173847,447279,38.8677
Small metro,2021-12-26,219892,491627,44.7274
Large central metro,2021-12-27,2016707,3361980,59.9857
Large fringe metro,2021-12-27,1442205,2472283,58.3349
Medium metro,2021-12-27,1613184,2998590,53.7981
Micropolitan,2021-12-27,855361,1903516,44.9358
Non-core,2021-12-27,174080,447279,38.9198
Small metro,2021-12-27,220104,491627,44.7705
Large central metro,2021-12-28,2018657,3361980,60.0437
Large fringe metro,2021-12-28,1443700,2472283,58.3954
Medium metro,2021-12-28,1615044,2998590,53.8601
Micropolitan,2021-12-28,856276,1903516,44.9839
Non-core,2021-12-28,174291,447279,38.967
Small metro,2021-12-28,220334,491627,44.8173
Large central metro,2021-12-29,2020737,3361980,60.1056
Large fringe metro,2021-12-29,1445183,2472283,58.4554
Medium metro,2021-12-29,1616838,2998590,53.9199
Micropolitan,2021-12-29,857170,1903516,45.0309
Non-core,2021-12-29,174510,447279,39.0159
Small metro,2021-12-29,220607,491627,44.8728
Large central metro,2021-12-30,2022633,3361980,60.162
Large fringe metro,2021-12-30,1446628,2472283,58.5139
Medium metro,2021-12-30,1618471,2998590,53.9744
Micropolitan,2021-12-30,857991,1903516,45.074
Non-core,2021-12-30,174710,447279,39.0606
Small metro,2021-12-30,220867,491627,44.9257
Large central metro,2021-12-31,2023399,3361980,60.1847
Large fringe metro,2021-12-31,1447369,2472283,58.5438
Medium metro,2021-12-31,1619183,2998590,53.9981
Micropolitan,2021-12-31,858386,1903516,45.0948
Non-core,2021-12-31,174790,447279,39.0785
Small metro,2021-12-31,220964,491627,44.9455
